,timestamp,gx,gy,gz
0,5000.0,-0.07391469180583954,0.5552765130996704,0.6298020482063293
1,5100.0,-0.07391469180583954,0.5552765130996704,0.6298020482063293
2,5200.0,-0.07391469180583954,0.5552765130996704,0.6298020482063293
3,5300.0,-0.3604104816913605,-0.06444628536701202,-0.1310305893421173
4,5400.0,-0.3604104816913605,-0.06444628536701202,-0.1310305893421173
5,5500.0,-1.213483810424805,-0.04734205827116966,-0.8649851679801941
6,5600.0,-0.7483099102973938,0.499382346868515,0.09804387390613556
7,5700.0,-0.7483099102973938,0.499382346868515,0.09804387390613556
8,5800.0,0.2678644061088562,-0.09407325088977814,-0.3674354553222656
9,5900.0,0.2678644061088562,-0.09407325088977814,-0.3674354553222656
10,6000.0,-0.4734205603599548,0.4105014503002167,-0.35643985867500305
11,6100.0,-0.4734205603599548,0.4105014503002167,-0.35643985867500305
12,6200.0,0.3597996234893799,-0.1713477075099945,-0.2678644061088562
13,6300.0,0.3597996234893799,-0.1713477075099945,-0.2678644061088562
14,6400.0,0.9666942358016968,-0.3045163154602051,0.12950342893600464
15,6500.0,1.5143349170684814,-0.13255776464939115,0.8866708874702454
16,6600.0,1.5143349170684814,-0.13255776464939115,0.8866708874702454
17,6700.0,0.5253441333770752,-0.7159340381622314,0.13347405195236206
18,6800.0,0.5253441333770752,-0.7159340381622314,0.13347405195236206
19,6900.0,-0.6163630485534668,-1.1166616678237915,-0.3326161205768585
20,7000.0,-0.6163630485534668,-1.1166616678237915,-0.3326161205768585
21,7100.0,-0.9703594446182252,1.1181888580322266,-1.0088438987731934
22,7200.0,-0.9703594446182252,1.1181888580322266,-1.0088438987731934
23,7300.0,-0.20463985204696652,-0.15546520054340365,0.12767083942890167
24,7400.0,-0.3017674386501312,1.205847978591919,0.008246680721640587
25,7500.0,-0.3017674386501312,1.205847978591919,0.008246680721640587
26,7600.0,0.3973678350448608,0.5858197808265686,-0.3982841372489929
27,7700.0,0.3973678350448608,0.5858197808265686,-0.3982841372489929
28,7800.0,0.5051855444908142,-0.616973876953125,0.0
29,7900.0,0.5051855444908142,-0.616973876953125,0.0
30,8000.0,0.4725042581558228,-0.022602014243602756,-0.11209376901388167
31,8100.0,0.4725042581558228,-0.022602014243602756,-0.11209376901388167
32,8200.0,0.694248378276825,0.22327125072479248,0.34086281061172485
33,8300.0,0.6649268269538879,0.5351179838180542,0.8976664543151855
34,8400.0,0.6649268269538879,0.5351179838180542,0.8976664543151855
35,8500.0,-0.29077184200286865,0.6459900140762329,-0.05986479297280312
36,8600.0,-0.29077184200286865,0.6459900140762329,-0.05986479297280312
37,8700.0,-0.8976664543151855,0.1310305893421173,-1.1362093687057495
38,8800.0,-0.8976664543151855,0.1310305893421173,-1.1362093687057495
39,8900.0,-0.16310101747512815,-0.761443555355072,-0.021074850112199783
40,9000.0,-0.16310101747512815,-0.761443555355072,-0.021074850112199783
41,9100.0,0.8106181621551514,1.015868902206421,-0.5064072608947754
42,9200.0,0.5818491578102112,-0.5958990454673767,0.05742133408784866
43,9300.0,0.5818491578102112,-0.5958990454673767,0.05742133408784866
44,9400.0,-0.2324342280626297,-0.13530665636062622,-0.1511891484260559
45,9500.0,-0.2324342280626297,-0.13530665636062622,-0.1511891484260559
46,9600.0,-0.1059851199388504,1.2928962707519531,-0.05467243865132332
47,9700.0,-0.1059851199388504,1.2928962707519531,-0.05467243865132332
48,9800.0,0.7278459668159485,1.01922869682312,-0.004581489134579897
49,9900.0,0.7278459668159485,1.01922869682312,-0.004581489134579897
50,10000.0,1.0913107395172121,0.05467243865132332,0.6246097087860107
51,10100.0,0.4013384580612183,-0.2336559593677521,-0.18875735998153687
52,10200.0,0.4013384580612183,-0.2336559593677521,-0.18875735998153687
53,10300.0,-0.8863654732704163,-0.4043927788734436,-0.5845980644226074
54,10400.0,-0.8863654732704163,-0.4043927788734436,-0.5845980644226074
55,10500.0,-0.702800452709198,-0.5723807215690613,-0.5268712639808655
56,10600.0,-0.702800452709198,-0.5723807215690613,-0.5268712639808655
57,10700.0,-0.15271630883216858,0.2000583708286285,-0.22388210892677307
58,10800.0,-0.15271630883216858,0.2000583708286285,-0.22388210892677307
59,10900.0,0.27458393573760986,0.7199047207832336,-0.19425514340400696
60,11000.0,0.589790403842926,-0.2342668175697327,-0.025045474991202358
61,11100.0,0.589790403842926,-0.2342668175697327,-0.025045474991202358
62,11200.0,0.5054910182952881,-1.8814649581909182,-0.14263702929019928
63,11300.0,0.5054910182952881,-1.8814649581909182,-0.14263702929019928
64,11400.0,0.14538592100143433,0.16584990918636322,0.13897185027599335
65,11500.0,0.14538592100143433,0.16584990918636322,0.13897185027599335
66,11600.0,1.1462886333465576,0.9813550114631652,0.2935207486152649
67,11700.0,1.1462886333465576,0.9813550114631652,0.2935207486152649
68,11800.0,-0.015577063895761968,0.21563543379306796,0.609338104724884
69,11900.0,-0.9334021210670472,0.2299907654523849,0.09315694868564606
70,12000.0,-0.9334021210670472,0.2299907654523849,0.09315694868564606
71,12100.0,-1.0256427526474001,1.1172724962234497,-0.3692680299282074
72,12200.0,-1.0256427526474001,1.1172724962234497,-0.3692680299282074
73,12300.0,-1.434922456741333,-0.029626963660120964,-0.20830504596233368
74,12400.0,-1.434922456741333,-0.029626963660120964,-0.20830504596233368
75,12500.0,-1.9654588699340818,1.1346821784973145,-0.39217549562454224
76,12600.0,-1.9654588699340818,1.1346821784973145,-0.39217549562454224
77,12700.0,-0.4819726645946503,1.1814134120941162,-0.014049900695681572
78,12800.0,2.3603832721710205,1.3811663389205933,1.3338242769241333
79,12900.0,2.3603832721710205,1.3811663389205933,1.3338242769241333
80,13000.0,1.9853121042251587,1.2971723079681396,-0.06352998316287994
81,13100.0,1.9853121042251587,1.2971723079681396,-0.06352998316287994
82,13200.0,-0.6737843751907349,1.6276504993438718,-0.6692028641700745
83,13300.0,-0.6737843751907349,1.6276504993438718,-0.6692028641700745
84,13400.0,-2.0482311248779297,-0.2901609838008881,-2.49966049194336
85,13500.0,-2.0482311248779297,-0.2901609838008881,-2.49966049194336
86,13600.0,-3.068681478500366,1.739133358001709,0.3955352604389191
87,13700.0,-0.5247332453727722,3.886019229888916,0.06750060617923738
88,13800.0,-0.5247332453727722,3.886019229888916,0.06750060617923738
89,13900.0,1.349706768989563,3.5744779109954834,-0.6514877676963806
90,14000.0,1.349706768989563,3.5744779109954834,-0.6514877676963806
91,14100.0,1.4437800645828247,-0.08765916526317596,0.5006040930747986
92,14200.0,1.4437800645828247,-0.08765916526317596,0.5006040930747986
93,14300.0,0.7403686642646791,0.5360342264175415,0.30695977807044983
94,14400.0,0.7403686642646791,0.5360342264175415,0.30695977807044983
95,14500.0,-1.2782355546951294,0.5186246037483215,-1.4593570232391355
96,14600.0,-0.8720101118087769,-0.32070425152778625,0.006719517521560192
97,14700.0,-0.8720101118087769,-0.32070425152778625,0.006719517521560192
98,14800.0,-1.5433510541915894,1.405600905418396,-0.06780604273080826
99,14900.0,-1.5433510541915894,1.405600905418396,-0.06780604273080826
100,15000.0,0.2532036304473877,-0.3390302062034607,-0.34513887763023376
101,15100.0,0.2532036304473877,-0.3390302062034607,-0.34513887763023376
102,15200.0,0.6633996367454529,-0.2553416788578033,-0.14782938361167908
103,15300.0,0.6633996367454529,-0.2553416788578033,-0.14782938361167908
104,15400.0,1.1511754989624023,-0.5833762884140015,0.015271631069481371
105,15500.0,1.1511754989624023,-0.5833762884140015,0.015271631069481371
106,15600.0,0.4499022662639618,-0.6108652353286743,1.2681562900543213
107,15700.0,-0.2718350291252136,-0.006719517521560192,-0.4022547602653504
108,15800.0,-0.2718350291252136,-0.006719517521560192,-0.4022547602653504
109,15900.0,-0.15363261103630066,-0.9135489463806152,-0.751669704914093
110,16000.0,-0.15363261103630066,-0.9135489463806152,-0.751669704914093
111,16100.0,-0.4648684561252594,-0.6976081132888794,-0.018020525574684143
112,16200.0,-0.4648684561252594,-0.6976081132888794,-0.018020525574684143
113,16300.0,0.19578230381011966,0.8136724829673767,-0.44654250144958496
114,16400.0,0.19578230381011966,0.8136724829673767,-0.44654250144958496
115,16500.0,0.7461718916893005,-0.8704829812049866,-0.15027284622192386
116,16600.0,0.2312124967575073,-0.7128797173500061,-0.09682214260101317
117,16700.0,0.2312124967575073,-0.7128797173500061,-0.09682214260101317
118,16800.0,0.3604104816913605,0.6594290137290955,0.4538728892803192
119,16900.0,0.3604104816913605,0.6594290137290955,0.4538728892803192
120,17000.0,1.2861768007278442,2.1429152488708496,0.4914411008358002
121,17100.0,1.2861768007278442,2.1429152488708496,0.4914411008358002
122,17200.0,0.020463986322283745,-0.646906316280365,0.4865541756153106
123,17300.0,-0.5992587804794312,0.056810468435287476,-0.5503895878791809
124,17400.0,-0.5992587804794312,0.056810468435287476,-0.5503895878791809
125,17500.0,-0.5051855444908142,-0.8002334833145142,0.044287730008363724
126,17600.0,-0.5051855444908142,-0.8002334833145142,0.044287730008363724
127,17700.0,-0.41661009192466736,2.490497589111328,-0.23487769067287445
128,17800.0,-0.41661009192466736,2.490497589111328,-0.23487769067287445
129,17900.0,-0.9859365224838256,0.645684540271759,0.4795292317867279
130,18000.0,-0.9859365224838256,0.645684540271759,0.4795292317867279
131,18100.0,-0.7406741380691528,3.3906075954437256,-0.4346306324005127
132,18200.0,-0.7406741380691528,3.3906075954437256,-0.4346306324005127
133,18300.0,0.3707951903343201,0.09834930300712584,-0.2315179258584976
134,18400.0,1.7150042057037354,-0.35063666105270386,0.02015855349600315
135,18500.0,1.7150042057037354,-0.35063666105270386,0.02015855349600315
136,18600.0,1.1016954183578491,-1.358258843421936,1.176526427268982
137,18700.0,1.1016954183578491,-1.358258843421936,1.176526427268982
138,18800.0,0.07024950534105301,-0.4834998548030853,-0.4984660446643829
139,18900.0,0.07024950534105301,-0.4834998548030853,-0.4984660446643829
140,19000.0,-0.22418753802776334,-0.6294966340065002,-0.7999280095100403
141,19100.0,-0.22418753802776334,-0.6294966340065002,-0.7999280095100403
142,19200.0,-0.24526239931583405,-0.23060162365436554,-0.2467895597219467
143,19300.0,0.4263839423656464,0.980133295059204,-0.6505714654922485
144,19400.0,0.4263839423656464,0.980133295059204,-0.6505714654922485
145,19500.0,1.0528262853622437,-1.2104294300079346,-0.039095375686883926
146,19600.0,1.0528262853622437,-1.2104294300079346,-0.039095375686883926
147,19700.0,0.6640105247497559,-0.7916813492774963,-0.15332718193531036
148,19800.0,0.6640105247497559,-0.7916813492774963,-0.15332718193531036
149,19900.0,-0.1313360333442688,1.3753631114959717,0.22021691501140594
150,20000.0,-0.1313360333442688,1.3753631114959717,0.22021691501140594
151,20100.0,1.500285029411316,1.847561955451965,0.8222246170043945
152,20200.0,0.1310305893421173,0.7003570199012756,0.16065755486488342
153,20300.0,0.1310305893421173,0.7003570199012756,0.16065755486488342
154,20400.0,-0.6878342628479004,0.6001750826835632,-0.4459316432476044
155,20500.0,-0.6878342628479004,0.6001750826835632,-0.4459316432476044
156,20600.0,-1.2015719413757324,0.35705074667930603,-0.3017674386501312
157,20700.0,-1.2015719413757324,0.35705074667930603,-0.3017674386501312
158,20800.0,0.17592918872833252,2.461786985397339,-0.13958270847797394
159,20900.0,0.17592918872833252,2.461786985397339,-0.13958270847797394
160,21000.0,-0.10476338863372804,-0.6017022728919983,0.30695977807044983
161,21100.0,-2.213775634765625,3.4736852645874023,-0.2254092693328857
162,21200.0,-2.213775634765625,3.4736852645874023,-0.2254092693328857
163,21300.0,-0.7293730974197388,0.7812966704368591,-0.1209513172507286
164,21400.0,-0.7293730974197388,0.7812966704368591,-0.1209513172507286
165,21500.0,2.1655173301696777,0.4737260043621063,1.9398025274276731
166,21600.0,2.1655173301696777,0.4737260043621063,1.9398025274276731
167,21700.0,1.9740110635757449,-0.9367618560791016,-1.0436632633209229
168,21800.0,1.9740110635757449,-0.9367618560791016,-1.0436632633209229
169,21900.0,-0.02657263725996017,1.8313740491867063,-0.3298672437667847
170,22000.0,-1.4688254594802856,-0.44196099042892456,-0.029016099870204926
171,22100.0,-1.4688254594802856,-0.44196099042892456,-0.029016099870204926
172,22200.0,-1.1850786209106443,2.4416284561157227,-0.3686571717262268
173,22300.0,-1.1850786209106443,2.4416284561157227,-0.3686571717262268
174,22400.0,1.739438772201538,6.54847526550293,1.9230037927627563
175,22500.0,1.739438772201538,6.54847526550293,1.9230037927627563
176,22600.0,3.0738739967346187,4.899139404296875,-0.31093040108680725
177,22700.0,3.0738739967346187,4.899139404296875,-0.31093040108680725
178,22800.0,0.6316346526145935,-0.6133087277412415,-0.5250386595726013
179,22900.0,1.2513574361801147,-1.6035212278366089,1.8753563165664675
180,23000.0,1.2513574361801147,-1.6035212278366089,1.8753563165664675
181,23100.0,-0.7773260474205017,-2.10168194770813,-0.4569272100925446
182,23200.0,-0.7773260474205017,-2.10168194770813,-0.4569272100925446
183,23300.0,-1.2959506511688232,-0.2293798923492432,-0.4043927788734436
184,23400.0,-1.2959506511688232,-0.2293798923492432,-0.4043927788734436
185,23500.0,-0.047647487372159965,0.21533000469207764,-1.3374894857406616
186,23600.0,-0.047647487372159965,0.21533000469207764,-1.3374894857406616
187,23700.0,0.048258353024721146,-2.104430675506592,-0.9053022861480712
188,23800.0,0.9156870245933532,-1.027169942855835,-0.28008171916008
189,23900.0,0.9156870245933532,-1.027169942855835,-0.28008171916008
190,24000.0,1.1841622591018677,-0.30482175946235657,-0.16890424489974976
191,24100.0,1.1841622591018677,-0.30482175946235657,-0.16890424489974976
192,24200.0,0.7064656615257263,-0.865290641784668,0.3915646076202393
193,24300.0,0.7064656615257263,-0.865290641784668,0.3915646076202393
194,24400.0,-0.5784893631935121,0.8478809595108032,-0.6307183504104614
195,24500.0,-0.5784893631935121,0.8478809595108032,-0.6307183504104614
196,24600.0,-1.4767667055130005,-0.020463986322283745,-0.17501288652420044
197,24700.0,-1.1945469379425049,0.8536841869354248,0.057726766914129264
198,24800.0,-1.1945469379425049,0.8536841869354248,0.057726766914129264
199,24900.0,0.3530801236629486,-0.7199047207832336,0.06200282275676727
200,25000.0,0.3530801236629486,-0.7199047207832336,0.06200282275676727
201,25100.0,-0.4077525436878204,1.6139060258865356,-0.1157589629292488
202,25200.0,-0.4077525436878204,1.6139060258865356,-0.1157589629292488
203,25300.0,0.5968153476715088,0.8249735236167908,0.19425514340400696
204,25400.0,0.5968153476715088,0.8249735236167908,0.19425514340400696
205,25500.0,1.4104878902435305,1.0277807712554932,0.8741481900215149
206,25600.0,-0.4276056587696075,0.9764680862426758,0.337503045797348
207,25700.0,-0.4276056587696075,0.9764680862426758,0.337503045797348
208,25800.0,-0.9159924387931824,-0.1417207419872284,-0.2828305959701538
209,25900.0,-0.9159924387931824,-0.1417207419872284,-0.2828305959701538
210,26000.0,-1.081536889076233,0.91049462556839,-0.328340083360672
211,26100.0,-1.081536889076233,0.91049462556839,-0.328340083360672
212,26200.0,-0.3833179473876953,-0.6789767146110535,0.2449569702148437
213,26300.0,-0.3833179473876953,-0.6789767146110535,0.2449569702148437
214,26400.0,0.42668938636779785,-0.015577063895761968,-0.17318029701709747
215,26500.0,-0.1459967941045761,0.08277224004268646,-0.2370157092809677
216,26600.0,-0.1459967941045761,0.08277224004268646,-0.2370157092809677
217,26700.0,-0.7238753437995911,-0.6673702597618103,-0.4007275998592377
218,26800.0,-0.7238753437995911,-0.6673702597618103,-0.4007275998592377
219,26900.0,-0.34055736660957336,0.6062837839126587,-0.3005456924438477
220,27000.0,-0.34055736660957336,0.6062837839126587,-0.3005456924438477
221,27100.0,0.9767735004425048,0.5378668308258057,0.0956004112958908
222,27200.0,0.9767735004425048,0.5378668308258057,0.0956004112958908
223,27300.0,1.532966375350952,0.228158175945282,0.3032945990562439
224,27400.0,-0.19547687470912933,0.4175263941287993,0.7550294399261475
225,27500.0,-0.19547687470912933,0.4175263941287993,0.7550294399261475
226,27600.0,-0.2971859276294708,0.43737950921058655,-0.6352998614311218
227,27700.0,-0.2971859276294708,0.43737950921058655,-0.6352998614311218
228,27800.0,-2.0815234184265137,-0.09498954564332962,-0.08521570265293121
229,27900.0,-2.0815234184265137,-0.09498954564332962,-0.08521570265293121
230,28000.0,-0.40378192067146296,-1.7003433704376218,0.033292155712842934
231,28100.0,-0.40378192067146296,-1.7003433704376218,0.033292155712842934
232,28200.0,0.2315179258584976,1.4358386993408203,-0.22571471333503726
233,28300.0,-0.1667662113904953,1.2773191928863523,0.09834930300712584
234,28400.0,-0.1667662113904953,1.2773191928863523,0.09834930300712584
235,28500.0,0.6200281977653503,-0.13408492505550385,-0.16982053220272064
236,28600.0,0.6200281977653503,-0.13408492505550385,-0.16982053220272064
237,28700.0,0.5503895878791809,-0.5650503635406494,-0.23548854887485504
238,28800.0,0.5503895878791809,-0.5650503635406494,-0.23548854887485504
239,28900.0,1.0952813625335691,-1.123686671257019,-0.12950342893600464
240,29000.0,1.0952813625335691,-1.123686671257019,-0.12950342893600464
241,29100.0,1.1603385210037231,-1.150259256362915,0.06505715101957321
242,29200.0,0.2018909603357315,0.2025018334388733,-0.228158175945282
243,29300.0,0.2018909603357315,0.2025018334388733,-0.228158175945282
244,29400.0,-0.8103127479553223,-0.720820963382721,-0.540921151638031
245,29500.0,-0.8103127479553223,-0.720820963382721,-0.540921151638031
246,29600.0,-0.12492194026708606,-0.2779437005519867,-0.2440406680107117
247,29700.0,-0.12492194026708606,-0.2779437005519867,-0.2440406680107117
248,29800.0,-0.5433646440505981,1.1899654865264893,-0.2507601976394653
249,29900.0,-0.5433646440505981,1.1899654865264893,-0.2507601976394653
250,30000.0,-0.7855727076530457,0.42668938636779785,0.2724458873271942
251,30100.0,-0.5769622325897217,2.3612995147705083,-0.16279558837413788
252,30200.0,-0.5769622325897217,2.3612995147705083,-0.16279558837413788
253,30300.0,0.04734205827116966,1.6499470472335815,-0.33628132939338684
254,30400.0,0.04734205827116966,1.6499470472335815,-0.33628132939338684
255,30500.0,-0.5119050741195679,1.0238101482391355,-0.05375614017248154
256,30600.0,-0.5119050741195679,1.0238101482391355,-0.05375614017248154
257,30700.0,2.148413181304932,0.7082982659339905,1.4682146310806274
258,30800.0,2.148413181304932,0.7082982659339905,1.4682146310806274
259,30900.0,1.0427470207214355,0.2736676335334778,-0.4938845634460449
260,31000.0,-0.967915952205658,-0.07147123664617537,-0.2941316068172455
261,31100.0,-0.967915952205658,-0.07147123664617537,-0.2941316068172455
262,31200.0,-1.3845261335372925,0.5375614166259766,0.6850853562355042
263,31300.0,-1.3845261335372925,0.5375614166259766,0.6850853562355042
264,31400.0,-1.9908097982406616,3.6251797676086426,0.19456058740615845
265,31500.0,-1.9908097982406616,3.6251797676086426,0.19456058740615845
266,31600.0,-0.5784893631935121,2.6569583415985107,0.14233160018920898
267,31700.0,-0.5784893631935121,2.6569583415985107,0.14233160018920898
268,31800.0,0.7275404930114746,1.5048664808273315,0.12461651116609572
269,31900.0,0.2996293902397156,2.523178815841675,1.2373075485229492
270,32000.0,0.2996293902397156,2.523178815841675,1.2373075485229492
271,32100.0,-0.5665774941444397,5.600107192993164,-0.1921171247959137
272,32200.0,-0.5665774941444397,5.600107192993164,-0.1921171247959137
273,32300.0,-0.12278391420841216,0.29626965522766113,-0.023823743686079982
274,32400.0,-0.12278391420841216,0.29626965522766113,-0.023823743686079982
275,32500.0,-1.2003501653671265,0.06414084881544113,-0.18997909128665924
276,32600.0,-1.2003501653671265,0.06414084881544113,-0.18997909128665924
277,32700.0,-0.5174028873443604,-0.5271766781806946,-0.5855143666267395
278,32800.0,0.3139847218990326,0.02351831272244453,-0.18112154304981232
279,32900.0,0.3139847218990326,0.02351831272244453,-0.18112154304981232
280,33000.0,1.4147639274597168,-0.4572326242923737,0.6753115057945251
281,33100.0,1.4147639274597168,-0.4572326242923737,0.6753115057945251
282,33200.0,-0.0076358155347406855,0.06994406878948213,0.17012597620487213
283,33300.0,-0.0076358155347406855,0.06994406878948213,0.17012597620487213
284,33400.0,-0.7819074988365173,-0.24129177629947665,-0.6765332818031311
285,33500.0,-0.7819074988365173,-0.24129177629947665,-0.6765332818031311
286,33600.0,-0.6319400668144226,0.3927863538265228,0.24526239931583405
287,33700.0,0.2544253766536713,3.431230068206787,-0.4883867502212525
288,33800.0,0.2544253766536713,3.431230068206787,-0.4883867502212525
289,33900.0,0.6902777552604675,-1.0751228332519531,-0.01924225501716137
290,34000.0,0.6902777552604675,-1.0751228332519531,-0.01924225501716137
291,34100.0,0.38667771220207214,-2.31945538520813,-0.26145032048225403
292,34200.0,0.38667771220207214,-2.31945538520813,-0.26145032048225403
293,34300.0,-0.13927727937698364,0.3463605940341949,-0.2492330223321915
294,34400.0,-0.13927727937698364,0.3463605940341949,-0.2492330223321915
295,34500.0,1.356426239013672,0.0806342139840126,-0.08216137439012527
296,34600.0,1.443474531173706,0.18814650177955627,0.1212567538022995
297,34700.0,1.443474531173706,0.18814650177955627,0.1212567538022995
298,34800.0,-0.07941248267889023,-0.0705549344420433,-0.18967366218566892
299,34900.0,-0.07941248267889023,-0.0705549344420433,-0.18967366218566892
300,35000.0,-0.5552765130996704,-1.0354166030883791,-0.5992587804794312
301,35100.0,-0.5552765130996704,-1.0354166030883791,-0.5992587804794312
302,35200.0,-0.12919799983501434,-1.4199562072753906,-0.010690141469240187
303,35300.0,-0.12919799983501434,-1.4199562072753906,-0.010690141469240187
304,35400.0,0.18295414745807648,1.5262467861175537,-0.4138612151145935
305,35500.0,0.16890424489974976,-1.4718798398971558,-0.10567969083786012
306,35600.0,0.16890424489974976,-1.4718798398971558,-0.10567969083786012
307,35700.0,0.16890424489974976,-1.4718798398971558,-0.10567969083786012
308,35800.0,0.9077457785606384,-1.0094548463821411,0.00549778714776039
309,35900.0,0.6637051105499268,-0.8973610401153564,-0.005803219974040985
310,36000.0,0.6637051105499268,-0.8973610401153564,-0.005803219974040985
311,36100.0,0.9566149711608888,-0.010384709574282171,0.13011430203914642
312,36200.0,0.9566149711608888,-0.010384709574282171,0.13011430203914642
313,36300.0,0.7825183868408203,-0.12980885803699493,0.6139195561408997
314,36400.0,-0.5146539807319641,-0.20372356474399567,-0.6166684627532959
315,36500.0,-0.5146539807319641,-0.20372356474399567,-0.6166684627532959
316,36600.0,-1.45477557182312,-0.057115901261568076,-0.645684540271759
317,36700.0,-1.45477557182312,-0.057115901261568076,-0.645684540271759
318,36800.0,-0.16401731967926025,-2.020436763763428,0.06017022579908371
319,36900.0,-0.16401731967926025,-2.020436763763428,0.06017022579908371
320,37000.0,-0.15271630883216858,0.8998045325279236,-0.2125810980796814
321,37100.0,-0.15271630883216858,0.8998045325279236,-0.2125810980796814
322,37200.0,-0.02657263725996017,-0.25595253705978394,0.18295414745807648
323,37300.0,0.12278391420841216,0.2638937830924988,-0.06627888232469559
324,37400.0,0.12278391420841216,0.2638937830924988,-0.06627888232469559
325,37500.0,0.20555615425109866,1.1459832191467283,-0.24068090319633484
326,37600.0,0.20555615425109866,1.1459832191467283,-0.24068090319633484
327,37700.0,1.5696182250976565,1.4599679708480835,0.7709119319915771
328,37800.0,1.5696182250976565,1.4599679708480835,0.7709119319915771
329,37900.0,-0.3121521472930908,0.6585127115249634,0.21838432550430295
330,38000.0,-0.3121521472930908,0.6585127115249634,0.21838432550430295
331,38100.0,-1.292285442352295,-0.06261368840932846,-0.016493361443281174
332,38200.0,-1.0131200551986694,1.4883731603622437,0.07269296050071716
333,38300.0,-1.0131200551986694,1.4883731603622437,0.07269296050071716
334,38400.0,-1.0989465713500977,3.209791421890259,0.009773843921720982
335,38500.0,-1.0989465713500977,3.209791421890259,0.009773843921720982
336,38600.0,0.20525072515010834,-0.2290744632482529,-0.03695734590291977
337,38700.0,0.20525072515010834,-0.2290744632482529,-0.03695734590291977
338,38800.0,-0.4364632070064545,-0.047647487372159965,-0.1111774742603302
339,38900.0,-0.4364632070064545,-0.047647487372159965,-0.1111774742603302
340,39000.0,0.9636399149894714,1.303891897201538,-0.3430008292198181
341,39100.0,0.9636399149894714,1.303891897201538,-0.3430008292198181
342,39200.0,1.0497719049453735,0.025045474991202358,0.9883799552917479
343,39300.0,-0.5876523852348328,-0.27061331272125244,-0.3845396637916565
344,39400.0,-0.5876523852348328,-0.27061331272125244,-0.3845396637916565
345,39500.0,-0.8332201838493347,-0.5641340613365173,0.06658431142568587
346,39600.0,-0.8332201838493347,-0.5641340613365173,0.06658431142568587
347,39700.0,-3.01675796508789,0.09651670604944228,1.7165313959121704
348,39800.0,-3.01675796508789,0.09651670604944228,1.7165313959121704
349,39900.0,-1.0283915996551514,1.0629055500030518,1.29075825214386
350,40000.0,0.28130343556404114,8.087856292724611,-0.06841690838336945
351,40100.0,0.28130343556404114,8.087856292724611,-0.06841690838336945
352,40200.0,2.1841487884521484,2.9568932056427,1.730581283569336
353,40300.0,2.1841487884521484,2.9568932056427,1.730581283569336
354,40400.0,0.4819726645946503,2.9013044834136963,0.0
355,40500.0,0.4819726645946503,2.9013044834136963,0.0
356,40600.0,-0.36529740691185,1.33168625831604,-0.06383541971445084
357,40700.0,-0.36529740691185,1.33168625831604,-0.06383541971445084
358,40800.0,-6.24854040145874,0.9621127843856812,-0.5106833577156067
359,40900.0,-6.24854040145874,0.9621127843856812,-0.5106833577156067
360,41000.0,-0.3197879493236542,0.13500121235847473,0.3729332387447357
361,41100.0,0.960280179977417,1.6365079879760742,-0.26022860407829285
362,41200.0,0.960280179977417,1.6365079879760742,-0.26022860407829285
363,41300.0,1.5271631479263306,0.05406157299876213,-0.07819075137376785
364,41400.0,1.5271631479263306,0.05406157299876213,-0.07819075137376785
365,41500.0,-1.1652255058288574,1.0549643039703371,-0.979216992855072
366,41600.0,-1.1652255058288574,1.0549643039703371,-0.979216992855072
367,41700.0,-1.386053204536438,0.33200526237487793,0.13866640627384186
368,41800.0,-1.386053204536438,0.33200526237487793,0.13866640627384186
369,41900.0,1.006400465965271,1.4648548364639282,-0.675616979598999
370,42000.0,-0.5711590051651001,-0.7721336483955383,-0.30634891986846924
371,42100.0,-0.5711590051651001,-0.7721336483955383,-0.30634891986846924
372,42200.0,0.21074850857257846,0.30085113644599915,-0.4221078753471375
373,42300.0,0.21074850857257846,0.30085113644599915,-0.4221078753471375
374,42400.0,1.63467538356781,-0.16035212576389313,-0.3546072840690613
375,42500.0,1.63467538356781,-0.16035212576389313,-0.3546072840690613
376,42600.0,0.4294382631778717,-0.6969972252845764,0.4022547602653504
377,42700.0,0.4294382631778717,-0.6969972252845764,0.4022547602653504
378,42800.0,-0.6823364496231079,0.6579018831253052,-0.14782938361167908
379,42900.0,-0.8203920125961304,-0.13225232064723969,-0.3149010241031647
380,43000.0,-0.8203920125961304,-0.13225232064723969,-0.3149010241031647
381,43100.0,-0.2984076738357544,-0.9056077003479004,0.2483167201280594
382,43200.0,-0.2984076738357544,-0.9056077003479004,0.2483167201280594
383,43300.0,-0.4434881806373596,0.4981606006622314,-0.1765400618314743
384,43400.0,-0.4434881806373596,0.4981606006622314,-0.1765400618314743
385,43500.0,0.4340197443962097,-3.065016269683838,-0.2483167201280594
386,43600.0,0.4340197443962097,-3.065016269683838,-0.2483167201280594
387,43700.0,0.24953845143318176,-0.5623014569282532,-0.16249015927314758
388,43800.0,-0.02993239648640156,-0.4758640229701996,-0.2315179258584976
389,43900.0,-0.02993239648640156,-0.4758640229701996,-0.2315179258584976
390,44000.0,1.797776460647583,-0.0809396430850029,-0.2119702398777008
391,44100.0,1.797776460647583,-0.0809396430850029,-0.2119702398777008
392,44200.0,0.8527678847312927,-0.5571091175079346,0.8494081497192383
393,44300.0,0.8527678847312927,-0.5571091175079346,0.8494081497192383
394,44400.0,0.2174680233001709,-0.6191119551658629,-0.1878410577774048
395,44500.0,0.2174680233001709,-0.6191119551658629,-0.1878410577774048
396,44600.0,-0.5574145317077637,-0.5815436840057373,-0.5308418869972229
397,44700.0,-0.4663956165313721,-0.0030543261673301463,-0.37171149253845215
398,44800.0,-0.4663956165313721,-0.0030543261673301463,-0.37171149253845215
399,44900.0,-0.4786129295825958,-0.5009095072746277,-0.0659734457731247
400,45000.0,-0.4786129295825958,-0.5009095072746277,-0.0659734457731247
401,45100.0,-0.95783668756485,-0.01160643994808197,-0.14569136500358582
402,45200.0,-0.95783668756485,-0.01160643994808197,-0.14569136500358582
403,45300.0,0.15363261103630066,-2.1331415176391597,-0.08429940044879912
404,45400.0,0.15363261103630066,-2.1331415176391597,-0.08429940044879912
405,45500.0,0.6081163287162781,-1.160033106803894,-0.018325956538319588
406,45600.0,0.2336559593677521,-1.159727692604065,-0.2293798923492432
407,45700.0,0.2336559593677521,-1.159727692604065,-0.2293798923492432
408,45800.0,1.4126259088516235,-0.11209376901388167,0.010079276748001577
409,45900.0,1.4126259088516235,-0.11209376901388167,0.010079276748001577
410,46000.0,1.2018773555755615,-1.6924021244049072,0.7925976514816284
411,46100.0,1.2018773555755615,-1.6924021244049072,0.7925976514816284
412,46200.0,0.3765984177589417,0.07513642311096191,-0.5348125100135803
413,46300.0,0.3765984177589417,0.07513642311096191,-0.5348125100135803
414,46400.0,-0.3790418803691864,-1.2064588069915771,-0.8695666790008545
415,46500.0,-0.21502456068992612,-0.08429940044879912,0.10720685124397278
416,46600.0,-0.21502456068992612,-0.08429940044879912,0.10720685124397278
417,46700.0,-0.654542088508606,1.1704177856445312,-0.2693915665149689
418,46800.0,-0.654542088508606,1.1704177856445312,-0.2693915665149689
419,46900.0,-2.82769513130188,-0.656069278717041,-0.8833111524581909
420,47000.0,-2.82769513130188,-0.656069278717041,-0.8833111524581909
421,47100.0,-0.5048801302909851,-0.17531833052635193,-0.4425718784332275
422,47200.0,-0.5048801302909851,-0.17531833052635193,-0.4425718784332275
423,47300.0,0.6982190012931824,1.339016675949097,-0.3225368559360504
424,47400.0,1.188132882118225,-0.864068865776062,-0.09407325088977814
425,47500.0,1.188132882118225,-0.864068865776062,-0.09407325088977814
426,47600.0,0.5595525503158569,-0.3164281845092773,1.4062118530273438
427,47700.0,0.5595525503158569,-0.3164281845092773,1.4062118530273438
428,47800.0,-0.039095375686883926,0.3973678350448608,-0.1966986060142517
429,47900.0,-0.039095375686883926,0.3973678350448608,-0.1966986060142517
430,48000.0,-0.22449298202991488,-0.8038986921310425,-0.5451972484588623
431,48100.0,-0.22449298202991488,-0.8038986921310425,-0.5451972484588623
432,48200.0,-0.6924157738685608,0.04520402848720551,-0.08338310569524765
433,48300.0,-0.6924157738685608,0.04520402848720551,-0.08338310569524765
434,48400.0,-0.5360342264175415,0.7098253965377808,-0.3625485301017761
435,48500.0,0.12797626852989194,-0.12247848510742188,0.1976149082183838
436,48600.0,0.12797626852989194,-0.12247848510742188,0.1976149082183838
437,48700.0,-1.0812314748764038,1.8958202600479128,-0.3304781019687653
438,48800.0,-1.0812314748764038,1.8958202600479128,-0.3304781019687653
439,48900.0,0.00549778714776039,0.8393288254737854,-0.4025602042675018
440,49000.0,0.00549778714776039,0.8393288254737854,-0.4025602042675018
441,49100.0,-0.47006079554557795,0.1215621829032898,-0.1365283876657486
442,49200.0,2.5692992210388184,0.6722571849822998,1.0427470207214355
443,49300.0,2.5692992210388184,0.6722571849822998,1.0427470207214355
444,49400.0,1.5094480514526367,-0.06444628536701202,0.03848451003432274
445,49500.0,1.5094480514526367,-0.06444628536701202,0.03848451003432274
446,49600.0,-1.2916746139526367,0.7150177955627441,0.19792033731937408
447,49700.0,-1.2916746139526367,0.7150177955627441,0.19792033731937408
448,49800.0,-2.752864122390747,1.2990049123764038,0.6270532011985779
449,49900.0,-2.752864122390747,1.2990049123764038,0.6270532011985779
450,50000.0,-0.36132678389549255,2.1954495906829834,0.42668938636779785
451,50100.0,-0.11942415684461595,2.708271026611328,-0.6737843751907349
452,50200.0,-0.11942415684461595,2.708271026611328,-0.6737843751907349
453,50300.0,2.707049369812012,2.0946569442749023,0.4801400899887085
454,50400.0,2.707049369812012,2.0946569442749023,0.4801400899887085
455,50500.0,-0.16859880089759827,1.4590516090393066,-0.3597996234893799
456,50600.0,-0.16859880089759827,1.4590516090393066,-0.3597996234893799
457,50700.0,-0.46547931432724,1.0103710889816284,0.2590068578720093
458,50800.0,-0.46547931432724,1.0103710889816284,0.2590068578720093
459,50900.0,-1.0677924156188965,-0.09926560521125792,0.3982841372489929
460,51000.0,-0.08735372871160507,1.5048664808273315,-0.41661009192466736
461,51100.0,-0.08735372871160507,1.5048664808273315,-0.41661009192466736
462,51200.0,0.6798930168151855,-0.5665774941444397,-0.20799961686134336
463,51300.0,0.6798930168151855,-0.5665774941444397,-0.20799961686134336
464,51400.0,0.9202684760093688,0.14233160018920898,-0.01863138936460018
465,51500.0,0.9202684760093688,0.14233160018920898,-0.01863138936460018
466,51600.0,0.7913759350776672,-0.4703662395477295,0.7938193678855896
467,51700.0,0.7913759350776672,-0.4703662395477295,0.7938193678855896
468,51800.0,-0.4288274049758911,0.5732970237731934,-0.30482175946235657
469,51900.0,-0.6881396770477295,0.26633724570274353,-0.3637702465057373
470,52000.0,-0.6881396770477295,0.26633724570274353,-0.3637702465057373
471,52100.0,0.30482175946235657,-2.0522017478942867,-0.06261368840932846
472,52200.0,0.30482175946235657,-2.0522017478942867,-0.06261368840932846
473,52300.0,1.3371840715408323,0.8820894360542297,-0.456621766090393
474,52400.0,1.3371840715408323,0.8820894360542297,-0.456621766090393
475,52500.0,-0.5305364727973938,-0.16310101747512815,0.06750060617923738
476,52600.0,-0.5305364727973938,-0.16310101747512815,0.06750060617923738
477,52700.0,-0.1160643994808197,-0.13500121235847473,-0.2910772860050201
478,52800.0,0.12278391420841216,-0.3130684494972229,-0.2816088795661926
479,52900.0,0.12278391420841216,-0.3130684494972229,-0.2816088795661926
480,53000.0,1.7440202236175537,-0.7703011035919191,-0.24953845143318176
481,53100.0,1.7440202236175537,-0.7703011035919191,-0.24953845143318176
482,53200.0,1.1737775802612305,-2.068084239959717,0.7571674585342407
483,53300.0,1.1737775802612305,-2.068084239959717,0.7571674585342407
484,53400.0,0.4920519590377808,-0.5357288122177124,-0.3604104816913605
485,53500.0,0.4920519590377808,-0.5357288122177124,-0.3604104816913605
486,53600.0,-0.5690209865570068,-0.6322455406188965,-1.0134254693984983
487,53700.0,-0.5690209865570068,-0.6322455406188965,-1.0134254693984983
488,53800.0,-0.22388210892677307,0.0757472887635231,0.12186761945486067
489,53900.0,-0.5592471361160278,0.5674937963485718,-0.006719517521560192
490,54000.0,-0.5592471361160278,0.5674937963485718,-0.006719517521560192
491,54100.0,-1.6759088039398191,-0.025961773470044136,0.3433062732219696
492,54200.0,-1.6759088039398191,-0.025961773470044136,0.3433062732219696
493,54300.0,-0.7168503403663635,2.4828617572784424,-0.5867360830307007
494,54400.0,-0.7168503403663635,2.4828617572784424,-0.5867360830307007
495,54500.0,0.044287730008363724,-0.4025602042675018,-0.2415972054004669
496,54600.0,0.11209376901388167,0.6062837839126587,-0.0806342139840126
497,54700.0,0.11209376901388167,0.6062837839126587,-0.0806342139840126
498,54800.0,0.34666603803634644,0.6154467463493347,0.22968533635139465
499,54900.0,0.34666603803634644,0.6154467463493347,0.22968533635139465
500,55000.0,1.5879441499710083,0.4758640229701996,0.9633345007896424
501,55100.0,1.5879441499710083,0.4758640229701996,0.9633345007896424
502,55200.0,0.7009678483009338,-0.5510004758834839,-0.09529497474431993
503,55300.0,0.7009678483009338,-0.5510004758834839,-0.09529497474431993
504,55400.0,-1.0088438987731934,-1.235474944114685,-0.5815436840057373
505,55500.0,-0.8020660877227783,0.5757405161857605,0.13316862285137174
506,55600.0,-0.8020660877227783,0.5757405161857605,0.13316862285137174
507,55700.0,-0.3304781019687653,0.18936823308467865,0.16768251359462738
508,55800.0,-0.3304781019687653,0.18936823308467865,0.16768251359462738
509,55900.0,1.986228346824646,-0.4847215712070465,1.6493362188339231
510,56000.0,1.986228346824646,-0.4847215712070465,1.6493362188339231
511,56100.0,-2.4639248847961426,0.8674286603927612,-0.5876523852348328
512,56200.0,-2.4639248847961426,0.8674286603927612,-0.5876523852348328
513,56300.0,-0.17562375962734222,-2.4113905429840092,-0.16737708449363708
514,56400.0,0.3585779070854187,0.25045475363731384,-0.3955352604389191
515,56500.0,0.3585779070854187,0.25045475363731384,-0.3955352604389191
516,56600.0,0.9004153609275818,-0.37048977613449097,-0.19792033731937408
517,56700.0,0.9004153609275818,-0.37048977613449097,-0.19792033731937408
518,56800.0,2.0744984149932857,-0.5204572081565857,0.22021691501140594
519,56900.0,2.0744984149932857,-0.5204572081565857,0.22021691501140594
520,57000.0,0.2724458873271942,-0.6398813724517822,0.3393356502056122
521,57100.0,0.2724458873271942,-0.6398813724517822,0.3393356502056122
522,57200.0,-0.8066475391387941,-0.8894197940826416,-0.1420261710882187
523,57300.0,-0.5616905689239502,0.3090978264808655,-0.6038402915000916
524,57400.0,-0.5616905689239502,0.3090978264808655,-0.6038402915000916
525,57500.0,-0.016493361443281174,-1.3005321025848389,0.025045474991202358
526,57600.0,-0.016493361443281174,-1.3005321025848389,0.025045474991202358
527,57700.0,-0.8188648819923401,-0.08246681094169618,0.07819075137376785
528,57800.0,-0.8188648819923401,-0.08246681094169618,0.07819075137376785
529,57900.0,0.1270599663257599,0.19792033731937408,0.3002402782440185
530,58000.0,0.1270599663257599,0.19792033731937408,0.3002402782440185
531,58100.0,-0.4309654235839844,1.386053204536438,-0.2788599729537964
532,58200.0,-0.37171149253845215,0.5470298528671265,-0.11820242553949355
533,58300.0,-0.37171149253845215,0.5470298528671265,-0.11820242553949355
534,58400.0,0.4282165467739105,0.6777549982070923,0.08002334833145143
535,58500.0,0.4282165467739105,0.6777549982070923,0.08002334833145143
536,58600.0,1.9172005653381348,-0.26083946228027344,0.6450737118721008
537,58700.0,1.9172005653381348,-0.26083946228027344,0.6450737118721008
538,58800.0,0.674089789390564,-0.12492194026708606,-0.23060162365436554
539,58900.0,0.674089789390564,-0.12492194026708606,-0.23060162365436554
540,59000.0,-1.0396926403045654,-0.780380368232727,-0.01771509274840355
541,59100.0,-1.0396926403045654,-0.780380368232727,-0.01771509274840355
542,59200.0,0.2440406680107117,0.5540547966957092,0.4382958114147186
543,59300.0,-1.7201964855194092,0.4276056587696075,-0.26145032048225403
544,59400.0,-1.7201964855194092,0.4276056587696075,-0.26145032048225403
545,59500.0,-1.2235630750656128,0.2507601976394653,-0.3576616048812866
546,59600.0,-1.2235630750656128,0.2507601976394653,-0.3576616048812866
547,59700.0,0.9642508029937744,2.707354784011841,-0.009468411095440388
548,59800.0,0.9642508029937744,2.707354784011841,-0.009468411095440388
549,59900.0,3.020423173904419,0.4202753007411957,1.7134770154953003
550,60000.0,3.1089987754821777,2.1316142082214355,0.7764097452163696
551,60100.0,3.1089987754821777,2.1316142082214355,0.7764097452163696
552,60200.0,-1.6114624738693235,4.469089984893799,-0.40164390206336975
553,60300.0,-1.6114624738693235,4.469089984893799,-0.40164390206336975
554,60400.0,0.646295428276062,2.09862756729126,-0.2981022298336029
555,60500.0,0.646295428276062,2.09862756729126,-0.2981022298336029
556,60600.0,-0.4196644127368927,2.1059579849243164,-0.6878342628479004
557,60700.0,-0.4196644127368927,2.1059579849243164,-0.6878342628479004
558,60800.0,0.05803219974040985,-0.7229590415954591,-0.22571471333503726
559,60900.0,0.05803219974040985,-0.7229590415954591,-0.22571471333503726
560,61000.0,1.1423180103302002,1.6175711154937744,-0.28008171916008
561,61100.0,0.16462817788124084,1.0665707588195799,0.2498438805341721
562,61200.0,0.16462817788124084,1.0665707588195799,0.2498438805341721
563,61300.0,-0.6563746929168701,0.2474004179239273,-0.5134322643280029
564,61400.0,-0.6563746929168701,0.2474004179239273,-0.5134322643280029
565,61500.0,-0.4862487316131592,-0.029626963660120964,-0.2373211532831192
566,61600.0,-0.4862487316131592,-0.029626963660120964,-0.2373211532831192
567,61700.0,0.797789990901947,1.2220358848571775,-0.28130343556404114
568,61800.0,0.797789990901947,1.2220358848571775,-0.28130343556404114
569,61900.0,-0.6597344875335693,-0.028099801391363144,-0.14049901068210602
570,62000.0,1.0186177492141724,-2.5864033699035645,-0.126143679022789
571,62100.0,1.0186177492141724,-2.5864033699035645,-0.126143679022789
572,62200.0,-0.2761110961437225,-0.3790418803691864,-0.22602014243602755
573,62300.0,-0.2761110961437225,-0.3790418803691864,-0.22602014243602755
574,62400.0,1.2424999475479126,0.6203336715698242,-0.11850785464048386
575,62500.0,1.2424999475479126,0.6203336715698242,-0.11850785464048386
576,62600.0,0.31520646810531616,-1.2376129627227783,0.3787364661693573
577,62700.0,-0.19578230381011966,-0.3930917978286743,-0.3060434758663177
578,62800.0,-0.19578230381011966,-0.3930917978286743,-0.3060434758663177
579,62900.0,-0.8378016948699951,-0.9477574229240416,-0.303600013256073
580,63000.0,-0.8378016948699951,-0.9477574229240416,-0.303600013256073
581,63100.0,-0.07849618047475815,-1.2528846263885498,0.07483099400997162
582,63200.0,-0.07849618047475815,-1.2528846263885498,0.07483099400997162
583,63300.0,-0.01924225501716137,1.6661349534988403,-0.062308255583047874
584,63400.0,-0.01924225501716137,1.6661349534988403,-0.062308255583047874
585,63500.0,0.17959438264369965,1.0745120048522951,-0.10231992602348328
586,63600.0,0.17959438264369965,1.0745120048522951,-0.10231992602348328
587,63700.0,-0.2727513313293457,0.6203336715698242,-0.3194825351238251
588,63800.0,0.008552113547921179,-0.55069500207901,-0.197004035115242
589,63900.0,0.008552113547921179,-0.55069500207901,-0.197004035115242
590,64000.0,1.092837929725647,-0.3558290004730225,-0.17409659922122955
591,64100.0,1.092837929725647,-0.3558290004730225,-0.17409659922122955
592,64200.0,1.2424999475479126,-1.056491494178772,0.8103127479553223
593,64300.0,1.2424999475479126,-1.056491494178772,0.8103127479553223
594,64400.0,-0.38087448477745056,-0.451123982667923,0.5180137157440186
595,64500.0,-0.38087448477745056,-0.451123982667923,0.5180137157440186
596,64600.0,-0.6679811477661133,0.1872301995754242,-0.1918116807937622
597,64700.0,-0.6869179606437683,0.4095851480960846,0.6569855809211731
598,64800.0,-0.6869179606437683,0.4095851480960846,0.6569855809211731
599,64900.0,0.16279558837413788,4.565301418304443,-0.5021312236785889
600,65000.0,0.16279558837413788,4.565301418304443,-0.5021312236785889
601,65100.0,0.6533203721046448,-1.3790283203125,-0.5009095072746277
602,65200.0,0.6533203721046448,-1.3790283203125,-0.5009095072746277
603,65300.0,-1.8848247528076167,1.0937541723251345,0.2324342280626297
604,65400.0,-1.8848247528076167,1.0937541723251345,0.2324342280626297
605,65500.0,0.035735618323087685,-0.6878342628479004,-0.4685336351394653
606,65600.0,0.8555167913436891,-0.2638937830924988,-0.1417207419872284
607,65700.0,0.8555167913436891,-0.2638937830924988,-0.1417207419872284
608,65800.0,1.2834278345108032,-1.7009543180465698,-0.04245513305068016
609,65900.0,1.2834278345108032,-1.7009543180465698,-0.04245513305068016
610,66000.0,0.9541715383529664,-1.7675385475158691,0.9459248185157776
611,66100.0,0.9541715383529664,-1.7675385475158691,0.9459248185157776
612,66200.0,0.048258353024721146,-0.41172316670417786,0.361632227897644
613,66300.0,0.048258353024721146,-0.41172316670417786,0.361632227897644
614,66400.0,0.5870414972305298,-0.2996293902397156,-0.18387043476104736
615,66500.0,-0.684779942035675,0.9144652485847472,-0.6957755088806152
616,66600.0,-0.684779942035675,0.9144652485847472,-0.6957755088806152
617,66700.0,-0.6737843751907349,0.25167647004127497,-0.013744467869400978
618,66800.0,-0.6737843751907349,0.25167647004127497,-0.013744467869400978
619,66900.0,0.4276056587696075,0.3280346393585205,-0.6985244154930115
620,67000.0,0.4276056587696075,0.3280346393585205,-0.6985244154930115
621,67100.0,-0.12431107461452486,0.057726766914129264,0.08155050873756409
622,67200.0,-0.12431107461452486,0.057726766914129264,0.08155050873756409
623,67300.0,0.01771509274840355,-0.8512406945228577,-0.1994474977254868
624,67400.0,-0.5430592298507689,-0.17379115521907804,-0.20952677726745605
625,67500.0,-0.5430592298507689,-0.17379115521907804,-0.20952677726745605
626,67600.0,0.05161811411380768,0.2254092693328857,-0.04734205827116966
627,67700.0,0.05161811411380768,0.2254092693328857,-0.04734205827116966
628,67800.0,0.9083566069602966,0.6475171446800232,-0.13958270847797394
629,67900.0,0.9083566069602966,0.6475171446800232,-0.13958270847797394
630,68000.0,0.5613851547241211,-0.5018258094787598,1.4080443382263184
631,68100.0,0.5613851547241211,-0.5018258094787598,1.4080443382263184
632,68200.0,0.5653557777404785,0.4758640229701996,-0.42699480056762695
633,68300.0,-0.6301075220108032,-0.13255776464939115,-0.8680394887924194
634,68400.0,-0.6301075220108032,-0.13255776464939115,-0.8680394887924194
635,68500.0,-0.9083566069602966,0.5540547966957092,0.12400564551353455
636,68600.0,-0.9083566069602966,0.5540547966957092,0.12400564551353455
637,68700.0,-0.6148358583450317,0.03787364438176155,-0.2131919711828232
638,68800.0,-0.6148358583450317,0.03787364438176155,-0.2131919711828232
639,68900.0,-0.2684752643108368,0.5977316498756409,0.03634648025035858
640,69000.0,-0.2684752643108368,0.5977316498756409,0.03634648025035858
641,69100.0,0.7089090943336487,0.2385428845882416,0.1258382350206375
642,69200.0,-1.5738942623138428,0.7186829447746277,-1.0986411571502686
643,69300.0,-1.5738942623138428,0.7186829447746277,-1.0986411571502686
644,69400.0,-0.3124575614929199,0.7449501752853394,-0.323147714138031
645,69500.0,-0.3124575614929199,0.7449501752853394,-0.323147714138031
646,69600.0,-0.3714060783386231,1.7794504165649414,-0.004886921960860491
647,69700.0,-0.3714060783386231,1.7794504165649414,-0.004886921960860491
648,69800.0,2.1560487747192383,1.51158607006073,1.3439035415649414
649,69900.0,2.1560487747192383,1.51158607006073,1.3439035415649414
650,70000.0,2.838079929351806,-0.8762862086296082,-0.618195652961731
651,70100.0,-1.654223084449768,0.18387043476104736,-0.44165557622909546
652,70200.0,-1.654223084449768,0.18387043476104736,-0.44165557622909546
653,70300.0,0.5070181488990784,1.8014415502548216,0.8206974864006042
654,70400.0,0.5070181488990784,1.8014415502548216,0.8206974864006042
655,70500.0,-0.2525927722454071,1.443474531173706,1.88085412979126
656,70600.0,-0.2525927722454071,1.443474531173706,1.88085412979126
657,70700.0,0.21380282938480374,2.528065919876098,-0.3448334336280823
658,70800.0,0.21380282938480374,2.528065919876098,-0.3448334336280823
659,70900.0,3.603188753128052,0.8683449625968933,1.4975361824035645
660,71000.0,0.7061602473258972,0.5962044596672058,0.6499606370925903
661,71100.0,0.7061602473258972,0.5962044596672058,0.6499606370925903
662,71200.0,-1.3588697910308838,0.2290744632482529,-0.5549710988998413
663,71300.0,-1.3588697910308838,0.2290744632482529,-0.5549710988998413
664,71400.0,-0.06811147183179855,-0.6215553879737854,-0.35735616087913513
665,71500.0,-0.06811147183179855,-0.6215553879737854,-0.35735616087913513
666,71600.0,-0.3640756905078888,-1.5903877019882202,0.3228422701358795
667,71700.0,-0.3640756905078888,-1.5903877019882202,0.3228422701358795
668,71800.0,0.4132503271102905,1.0998629331588743,-0.15363261103630066
669,71900.0,0.5115996599197388,-0.06017022579908371,0.09468411654233932
670,72000.0,0.5115996599197388,-0.06017022579908371,0.09468411654233932
671,72100.0,1.548237919807434,0.7247915863990784,0.21930062770843506
672,72200.0,1.548237919807434,0.7247915863990784,0.21930062770843506
673,72300.0,-0.2000583708286285,-1.2657127380371094,0.05803219974040985
674,72400.0,-0.2000583708286285,-1.2657127380371094,0.05803219974040985
675,72500.0,-0.4065308272838593,0.020463986322283745,-0.4792237877845764
676,72600.0,-0.4065308272838593,0.020463986322283745,-0.4792237877845764
677,72700.0,-1.0852020978927612,1.11085844039917,-0.3222314119338989
678,72800.0,-0.02229658141732216,-0.636521577835083,-0.004581489134579897
679,72900.0,-0.02229658141732216,-0.636521577835083,-0.004581489134579897
680,73000.0,0.8536841869354248,0.4123340547084808,-0.3955352604389191
681,73100.0,0.8536841869354248,0.4123340547084808,-0.3955352604389191
682,73200.0,0.2364048510789871,0.4749477207660675,0.017104227095842358
683,73300.0,0.2364048510789871,0.4749477207660675,0.017104227095842358
684,73400.0,0.2131919711828232,-1.2895364761352541,-0.2926044464111328
685,73500.0,0.2131919711828232,-1.2895364761352541,-0.2926044464111328
686,73600.0,-0.061086524277925484,-0.6951646208763123,-0.206777885556221
687,73700.0,1.4810427427291868,0.2565633952617645,-0.36102136969566345
688,73800.0,1.4810427427291868,0.2565633952617645,-0.36102136969566345
689,73900.0,0.6982190012931824,-1.3952162265777588,1.027475357055664
690,74000.0,0.6982190012931824,-1.3952162265777588,1.027475357055664
691,74100.0,-0.08735372871160507,0.5305364727973938,0.043371431529521935
692,74200.0,-0.08735372871160507,0.5305364727973938,0.043371431529521935
693,74300.0,-0.2388483136892319,-0.997848391532898,-0.4495968222618103
694,74400.0,-0.2388483136892319,-0.997848391532898,-0.4495968222618103
695,74500.0,-0.637132465839386,0.7602217793464661,-0.3481931984424591
696,74600.0,-0.20097467303276065,-1.4822645187377932,0.192422553896904
697,74700.0,-0.20097467303276065,-1.4822645187377932,0.192422553896904
698,74800.0,-0.8423831462860107,0.456316351890564,0.11270463466644287
699,74900.0,-0.8423831462860107,0.456316351890564,0.11270463466644287
700,75000.0,-0.9511171579360962,0.7480044960975647,0.5684100985527039
701,75100.0,-0.9511171579360962,0.7480044960975647,0.5684100985527039
702,75200.0,-0.4276056587696075,2.6984972953796387,-0.1313360333442688
703,75300.0,-0.4276056587696075,2.6984972953796387,-0.1313360333442688
704,75400.0,0.3674354553222656,-0.2073887437582016,-0.1508837193250656
705,75500.0,0.6398813724517822,-0.4590652287006378,-0.2125810980796814
706,75600.0,0.6398813724517822,-0.4590652287006378,-0.2125810980796814
707,75700.0,1.198823094367981,-0.5665774941444397,0.055894169956445694
708,75800.0,1.198823094367981,-0.5665774941444397,0.055894169956445694
709,75900.0,0.4306600093841553,-0.58062744140625,0.4758640229701996
710,76000.0,0.4306600093841553,-0.58062744140625,0.4758640229701996
711,76100.0,0.3500257730484009,0.39095374941825867,-0.502436637878418
712,76200.0,0.3500257730484009,0.39095374941825867,-0.502436637878418
713,76300.0,-0.15546520054340365,-0.3665191531181336,-0.7843509912490845
714,76400.0,-0.3781255781650543,-0.3032945990562439,-0.22143864631652832
715,76500.0,-0.3781255781650543,-0.3032945990562439,-0.22143864631652832
716,76600.0,-0.10965031385421753,0.4862487316131592,-0.0959058403968811
717,76700.0,-0.10965031385421753,0.4862487316131592,-0.0959058403968811
718,76800.0,-0.4114177525043488,-0.19028452038764954,-0.030848694965243336
719,76900.0,-0.4114177525043488,-0.19028452038764954,-0.030848694965243336
720,77000.0,-0.12308934330940248,0.8659014701843262,-0.3243694305419922
721,77100.0,-0.12308934330940248,0.8659014701843262,-0.3243694305419922
722,77200.0,0.4951062798500061,-1.5644259452819824,-0.1618792861700058
723,77300.0,0.4951062798500061,-1.5644259452819824,-0.1618792861700058
724,77400.0,-0.03787364438176155,0.0861319974064827,-0.21471913158893585
725,77500.0,0.01985312066972256,-0.17501288652420044,-0.15363261103630066
726,77600.0,0.01985312066972256,-0.17501288652420044,-0.15363261103630066
727,77700.0,1.1508700847625732,0.1618792861700058,-0.16798794269561768
728,77800.0,1.1508700847625732,0.1618792861700058,-0.16798794269561768
729,77900.0,0.7522805333137512,-0.11484266817569733,0.6844745278358461
730,78000.0,0.7522805333137512,-0.11484266817569733,0.6844745278358461
731,78100.0,0.07666359096765518,-0.55069500207901,-0.1215621829032898
732,78200.0,0.06261368840932846,-0.3656028509140015,-0.008552113547921179
733,78300.0,0.06261368840932846,-0.3656028509140015,-0.008552113547921179
734,78400.0,-0.4285219609737396,0.5128213763237001,-0.4001167416572571
735,78500.0,-0.4285219609737396,0.5128213763237001,-0.4001167416572571
736,78600.0,-0.485027015209198,-0.09865473955869676,-0.2996293902397156
737,78700.0,-0.485027015209198,-0.09865473955869676,-0.2996293902397156
738,78800.0,-0.4529565870761871,-1.557706356048584,0.09193521738052368
739,78900.0,-0.4529565870761871,-1.557706356048584,0.09193521738052368
740,79000.0,-1.7953329086303709,0.7825183868408203,0.08429940044879912
741,79100.0,-0.13347405195236206,-1.3451253175735474,-0.04184427112340927
742,79200.0,-0.13347405195236206,-1.3451253175735474,-0.04184427112340927
743,79300.0,0.5186246037483215,-0.13377949595451355,-0.12003502249717712
744,79400.0,0.5186246037483215,-0.13377949595451355,-0.12003502249717712
745,79500.0,0.8280278444290161,-0.31031954288482666,-0.16462817788124084
746,79600.0,0.8280278444290161,-0.31031954288482666,-0.16462817788124084
747,79700.0,1.3600914478302002,0.30634891986846924,0.675616979598999
748,79800.0,1.3600914478302002,0.30634891986846924,0.675616979598999
749,79900.0,0.2379320114850998,0.9639453291893004,0.4248567819595337
750,80000.0,-0.8038986921310425,0.4526511430740357,0.02932153269648552
751,80100.0,-0.8038986921310425,0.4526511430740357,0.02932153269648552
752,80200.0,-0.0861319974064827,0.7254024744033813,-0.021685715764760968
753,80300.0,-0.0861319974064827,0.7254024744033813,-0.021685715764760968
754,80400.0,-1.1969904899597168,0.08674286305904387,0.0659734457731247
755,80500.0,-1.1969904899597168,0.08674286305904387,0.0659734457731247
756,80600.0,0.3023782968521118,0.04673119261860848,-0.12889257073402405
757,80700.0,0.3023782968521118,0.04673119261860848,-0.12889257073402405
758,80800.0,0.2596177160739899,2.3612995147705083,0.3371976017951965
759,80900.0,0.8915578126907349,0.16004669666290286,1.0885618925094604
760,81000.0,0.8915578126907349,0.16004669666290286,1.0885618925094604
761,81100.0,2.059226751327514,-1.0769554376602173,0.4248567819595337
762,81200.0,2.059226751327514,-1.0769554376602173,0.4248567819595337
763,81300.0,-0.10323622822761536,0.7843509912490845,-0.7049384713172913
764,81400.0,-0.10323622822761536,0.7843509912490845,-0.7049384713172913
765,81500.0,0.3964515328407288,-0.7904596328735352,-0.18448130786418915
766,81600.0,0.3964515328407288,-0.7904596328735352,-0.18448130786418915
767,81700.0,-2.58151650428772,1.0436632633209229,0.07941248267889023
768,81800.0,-1.083369493484497,5.156008243560791,0.3387247920036316
769,81900.0,-1.083369493484497,5.156008243560791,0.3387247920036316
770,82000.0,0.6737843751907349,1.8377881050109863,-0.25045475363731384
771,82100.0,0.6737843751907349,1.8377881050109863,-0.25045475363731384
772,82200.0,1.7928894758224487,0.19853121042251587,0.02199114859104156
773,82300.0,1.7928894758224487,0.19853121042251587,0.02199114859104156
774,82400.0,0.6927211880683899,0.13836097717285156,-0.6792821288108826
775,82500.0,0.6927211880683899,0.13836097717285156,-0.6792821288108826
776,82600.0,-0.6307183504104614,0.6252205967903137,-1.1618657112121582
777,82700.0,-0.6307183504104614,0.6252205967903137,-1.1618657112121582
778,82800.0,-0.7641924023628235,0.6548475623130798,0.11911872029304504
779,82900.0,-1.4773776531219482,1.6530013084411619,0.384845107793808
780,83000.0,-1.4773776531219482,1.6530013084411619,0.384845107793808
781,83100.0,-0.09498954564332962,2.7956247329711914,-0.3323107063770294
782,83200.0,-0.09498954564332962,2.7956247329711914,-0.3323107063770294
783,83300.0,0.4560109078884125,0.02351831272244453,-0.244346097111702
784,83400.0,0.4560109078884125,0.02351831272244453,-0.244346097111702
785,83500.0,0.4703662395477295,-1.0980303287506104,-0.28924468159675604
786,83600.0,0.4703662395477295,-1.0980303287506104,-0.28924468159675604
787,83700.0,1.0216721296310425,-0.4865541756153106,0.06352998316287994
788,83800.0,0.7489207983016968,-0.6096435189247131,0.6933320760726929
789,83900.0,0.7489207983016968,-0.6096435189247131,0.6933320760726929
790,84000.0,-0.4636467099189758,0.4923573732376098,-0.3998112976551056
791,84100.0,-0.4636467099189758,0.4923573732376098,-0.3998112976551056
792,84200.0,-0.8759807348251343,-1.0033462047576904,-0.5195409059524536
793,84300.0,-0.8759807348251343,-1.0033462047576904,-0.5195409059524536
794,84400.0,-0.16798794269561768,-1.2638801336288452,0.15546520054340365
795,84500.0,-0.16798794269561768,-1.2638801336288452,0.15546520054340365
796,84600.0,-0.6493497490882874,1.4049900770187378,0.14844025671482086
797,84700.0,-0.4819726645946503,0.14416420459747314,0.2275473028421402
798,84800.0,-0.4819726645946503,0.14416420459747314,0.2275473028421402
799,84900.0,0.09926560521125792,0.675616979598999,-0.126143679022789
800,85000.0,0.09926560521125792,0.675616979598999,-0.126143679022789
801,85100.0,0.20463985204696652,0.1618792861700058,-0.23090706765651706
802,85200.0,0.20463985204696652,0.1618792861700058,-0.23090706765651706
803,85300.0,0.96883225440979,-0.5787948369979858,-0.03940080851316452
804,85400.0,0.96883225440979,-0.5787948369979858,-0.03940080851316452
805,85500.0,0.6893614530563354,-0.022602014243602756,0.1508837193250656
806,85600.0,1.0580185651779177,0.4523457288742066,0.4972442984580994
807,85700.0,1.0580185651779177,0.4523457288742066,0.4972442984580994
808,85800.0,-0.07391469180583954,0.4749477207660675,-0.02474004216492176
809,85900.0,-0.07391469180583954,0.4749477207660675,-0.02474004216492176
810,86000.0,-0.5198463201522827,-0.2730567753314972,-0.7962628602981567
811,86100.0,-0.5198463201522827,-0.2730567753314972,-0.7962628602981567
812,86200.0,0.8909469842910767,-1.0125091075897217,0.2987131178379059
813,86300.0,0.8909469842910767,-1.0125091075897217,0.2987131178379059
814,86400.0,-0.8891143798828125,0.5268712639808655,0.03298672288656235
815,86500.0,0.0403171069920063,-0.0015271630836650731,-0.5195409059524536
816,86600.0,0.0403171069920063,-0.0015271630836650731,-0.5195409059524536
817,86700.0,-0.4447098970413208,0.6401867866516113,-0.17562375962734222
818,86800.0,-0.4447098970413208,0.6401867866516113,-0.17562375962734222
819,86900.0,0.05100724846124649,-1.5265522003173828,-0.2064724564552307
820,87000.0,0.05100724846124649,-1.5265522003173828,-0.2064724564552307
821,87100.0,0.5366451144218445,-1.7153096199035645,-0.15577064454555511
822,87200.0,0.5366451144218445,-1.7153096199035645,-0.15577064454555511
823,87300.0,0.11759155988693235,-0.28496864438056946,0.01771509274840355
824,87400.0,1.0574077367782593,-0.08246681094169618,-0.18417587876319885
825,87500.0,1.0574077367782593,-0.08246681094169618,-0.18417587876319885
826,87600.0,2.3848178386688232,-1.2577714920043943,0.11392636597156525
827,87700.0,2.3848178386688232,-1.2577714920043943,0.11392636597156525
828,87800.0,-0.2715296149253845,-0.5097670555114746,0.4129449129104614
829,87900.0,-0.2715296149253845,-0.5097670555114746,0.4129449129104614
830,88000.0,-0.7257078886032104,-0.10720685124397278,0.012217304669320585
831,88100.0,-0.7257078886032104,-0.10720685124397278,0.012217304669320585
832,88200.0,-0.779464066028595,0.5546656250953674,-0.3280346393585205
833,88300.0,-0.5192354321479797,-0.07269296050071716,0.4251621961593628
834,88400.0,-0.5192354321479797,-0.07269296050071716,0.4251621961593628
835,88500.0,-0.4688390791416168,2.0854940414428706,-0.07941248267889023
836,88600.0,-0.4688390791416168,2.0854940414428706,-0.07941248267889023
837,88700.0,-2.296242475509644,1.0137308835983276,0.3995058834552765
838,88800.0,-2.296242475509644,1.0137308835983276,0.3995058834552765
839,88900.0,-0.19853121042251587,4.4321327209472665,0.043676864355802536
840,89000.0,-0.19853121042251587,4.4321327209472665,0.043676864355802536
841,89100.0,-0.024129176512360573,0.4523457288742066,-0.2785545587539673
842,89200.0,0.7754934430122375,-0.9538660645484924,-0.15424346923828125
843,89300.0,0.7754934430122375,-0.9538660645484924,-0.15424346923828125
844,89400.0,1.2675453424453735,0.3933972120285034,-0.1508837193250656
845,89500.0,1.2675453424453735,0.3933972120285034,-0.1508837193250656
846,89600.0,0.42119157314300537,-0.7745771408081055,0.8112290501594543
847,89700.0,0.42119157314300537,-0.7745771408081055,0.8112290501594543
848,89800.0,0.2492330223321915,0.5558874011039734,-0.08949175477027893
849,89900.0,0.2492330223321915,0.5558874011039734,-0.08949175477027893
850,90000.0,-0.5073235630989075,-0.1469130963087082,-0.854905903339386
851,90100.0,-0.95142263174057,0.2519819140434265,-0.21594086289405826
852,90200.0,-0.95142263174057,0.2519819140434265,-0.21594086289405826
853,90300.0,-0.7840455174446106,0.3662137091159821,-0.056810468435287476
854,90400.0,-0.7840455174446106,0.3662137091159821,-0.056810468435287476
855,90500.0,-1.132238745689392,0.19578230381011966,-0.1417207419872284
856,90600.0,-1.132238745689392,0.19578230381011966,-0.1417207419872284
857,90700.0,-0.050090949982404716,0.7165449261665344,-0.6459900140762329
858,90800.0,-0.050090949982404716,0.7165449261665344,-0.6459900140762329
859,90900.0,-0.08704829961061478,0.3243694305419922,-0.5018258094787598
860,91000.0,2.22477126121521,0.6221662759780884,0.7528914213180542
861,91100.0,2.22477126121521,0.6221662759780884,0.7528914213180542
862,91200.0,1.0745120048522951,2.0387628078460693,0.5149593949317932
863,91300.0,1.0745120048522951,2.0387628078460693,0.5149593949317932
864,91400.0,-1.1255191564559937,-0.11453723162412645,0.26053401827812195
865,91500.0,-1.1255191564559937,-0.11453723162412645,0.26053401827812195
866,91600.0,-3.322496175765991,1.4599679708480835,-0.7611380815505981
867,91700.0,-3.322496175765991,1.4599679708480835,-0.7611380815505981
868,91800.0,-0.055894169956445694,4.054923534393311,0.5885686874389648
869,91900.0,0.8762862086296082,4.9929070472717285,-0.7703011035919191
870,92000.0,0.8762862086296082,4.9929070472717285,-0.7703011035919191
871,92100.0,2.0726656913757324,1.6111570596694946,1.3377948999404907
872,92200.0,2.0726656913757324,1.6111570596694946,1.3377948999404907
873,92300.0,1.0180069208145142,3.765678882598877,-0.3964515328407288
874,92400.0,1.0180069208145142,3.765678882598877,-0.3964515328407288
875,92500.0,-1.0797042846679688,0.7507534027099609,-0.4957171380519867
876,92600.0,-1.0797042846679688,0.7507534027099609,-0.4957171380519867
877,92700.0,-0.4853324294090271,0.4453207552433014,-0.4401284158229828
878,92800.0,-0.053450707346200936,-0.6044511795043945,-0.551305890083313
879,92900.0,-0.053450707346200936,-0.6044511795043945,-0.551305890083313
880,93000.0,0.10476338863372804,-0.07360926270484924,-0.2177734673023224
881,93100.0,0.10476338863372804,-0.07360926270484924,-0.2177734673023224
882,93200.0,1.0293079614639282,0.9266825914382936,-0.4132503271102905
883,93300.0,1.0293079614639282,0.9266825914382936,-0.4132503271102905
884,93400.0,0.4202753007411957,-1.189049243927002,0.5500841736793518
885,93500.0,0.4202753007411957,-1.189049243927002,0.5500841736793518
886,93600.0,-0.23609942197799685,0.182648703455925,-0.4786129295825958
887,93700.0,-1.255022644996643,0.002443460980430245,-0.19517144560813904
888,93800.0,-1.255022644996643,0.002443460980430245,-0.19517144560813904
889,93900.0,0.3026837408542633,-1.0922271013259888,-0.016798794269561768
890,94000.0,0.3026837408542633,-1.0922271013259888,-0.016798794269561768
891,94100.0,-0.7889324426651001,0.1572978049516678,0.5842925906181335
892,94200.0,-0.7889324426651001,0.1572978049516678,0.5842925906181335
893,94300.0,-0.12186761945486067,1.8735237121582031,-0.19547687470912933
894,94400.0,-0.12186761945486067,1.8735237121582031,-0.19547687470912933
895,94500.0,0.8075638413429259,-0.10476338863372804,-0.2938261926174164
896,94600.0,1.2586878538131714,-0.3121521472930908,0.08185594528913498
897,94700.0,1.2586878538131714,-0.3121521472930908,0.08185594528913498
898,94800.0,0.4593706727027893,-1.356731653213501,0.3295617997646332
899,94900.0,0.4593706727027893,-1.356731653213501,0.3295617997646332
900,95000.0,-0.1417207419872284,0.6230825781822205,-0.39797869324684143
901,95100.0,-0.1417207419872284,0.6230825781822205,-0.39797869324684143
902,95200.0,-1.2883148193359375,-0.07208210229873657,-0.3888157308101654
903,95300.0,-1.2883148193359375,-0.07208210229873657,-0.3888157308101654
904,95400.0,0.04459316283464432,-1.5934419631958008,-0.03298672288656235
905,95500.0,0.3995058834552765,0.5180137157440186,-0.4111123085021973
906,95600.0,0.3995058834552765,0.5180137157440186,-0.4111123085021973
907,95700.0,0.062308255583047874,-1.006400465965271,-0.07116580009460449
908,95800.0,0.062308255583047874,-1.006400465965271,-0.07116580009460449
909,95900.0,0.4483750760555267,-0.5766568183898926,-0.24098633229732516
910,96000.0,0.4483750760555267,-0.5766568183898926,-0.24098633229732516
911,96100.0,0.7617489695549011,-0.09376781433820723,-0.11911872029304504
912,96200.0,0.7617489695549011,-0.09376781433820723,-0.11911872029304504
913,96300.0,1.436449646949768,0.7095199823379517,0.012828170321881771
914,96400.0,0.3811798989772797,-1.3628404140472412,0.7467827796936035
915,96500.0,0.3811798989772797,-1.3628404140472412,0.7467827796936035
916,96600.0,-0.5503895878791809,0.21074850857257846,-0.6649268269538879
917,96700.0,-0.5503895878791809,0.21074850857257846,-0.6649268269538879
918,96800.0,-1.5644259452819824,-0.02199114859104156,0.05192354694008827
919,96900.0,-1.5644259452819824,-0.02199114859104156,0.05192354694008827
920,97000.0,-0.27458393573760986,-1.4355332851409912,-0.03695734590291977
921,97100.0,-0.27458393573760986,-1.4355332851409912,-0.03695734590291977
922,97200.0,0.06505715101957321,0.5332853794097899,0.4352414906024933
923,97300.0,-0.6704245805740356,2.8200592994689937,-0.5943718552589417
924,97400.0,-0.6704245805740356,2.8200592994689937,-0.5943718552589417
925,97500.0,0.2635883390903473,-0.8793405294418335,-0.22479841113090515
926,97600.0,0.2635883390903473,-0.8793405294418335,-0.22479841113090515
927,97700.0,1.6594154834747314,-0.4520402848720551,-0.07422012835741043
928,97800.0,1.6594154834747314,-0.4520402848720551,-0.07422012835741043
929,97900.0,1.3967434167861938,-2.002110958099365,1.1368201971054075
930,98000.0,1.3967434167861938,-2.002110958099365,1.1368201971054075
931,98100.0,0.11484266817569733,-1.1035280227661133,0.055894169956445694
932,98200.0,-0.502436637878418,-0.4642575979232788,-0.5030475258827211
933,98300.0,-0.502436637878418,-0.4642575979232788,-0.5030475258827211
934,98400.0,-0.8115344643592834,0.94042706489563,0.09529497474431993
935,98500.0,-0.8115344643592834,0.94042706489563,0.09529497474431993
936,98600.0,0.1872301995754242,0.3885102868080139,-0.17531833052635193
937,98700.0,0.1872301995754242,0.3885102868080139,-0.17531833052635193
938,98800.0,-1.2217304706573486,0.18112154304981232,-0.10170906037092207
939,98900.0,-1.2217304706573486,0.18112154304981232,-0.10170906037092207
940,99000.0,-0.3683517575263977,-1.0042624473571775,-0.20372356474399567
941,99100.0,0.4334088861942291,-0.0916297882795334,-0.11392636597156525
942,99200.0,0.4334088861942291,-0.0916297882795334,-0.11392636597156525
943,99300.0,0.9669997096061708,-1.4132367372512815,-0.2385428845882416
944,99400.0,0.9669997096061708,-1.4132367372512815,-0.2385428845882416
945,99500.0,1.9339994192123413,-1.5619823932647705,0.6572909951210022
946,99600.0,1.9339994192123413,-1.5619823932647705,0.6572909951210022
947,99700.0,0.07116580009460449,-2.0857994556426998,0.001832595793530345
948,99800.0,0.07116580009460449,-2.0857994556426998,0.001832595793530345
949,99900.0,-0.9590584635734558,-0.4028656184673309,-0.1912008225917816
950,100000.0,-0.5051855444908142,0.5983424782752991,0.16859880089759827
951,100100.0,-0.5051855444908142,0.5983424782752991,0.16859880089759827
952,100200.0,-2.4779748916625977,1.056491494178772,1.485318899154663
953,100300.0,-2.4779748916625977,1.056491494178772,1.485318899154663
954,100400.0,-0.8967501521110535,0.2984076738357544,0.8283332586288452
955,100500.0,-0.8967501521110535,0.2984076738357544,0.8283332586288452
956,100600.0,0.7974845767021179,5.409822463989258,-0.1169806942343712
957,100700.0,0.7974845767021179,5.409822463989258,-0.1169806942343712
958,100800.0,1.5632041692733765,2.712241649627685,0.9379835724830629
959,100900.0,1.027475357055664,3.672521829605103,-0.4086688458919525
960,101000.0,1.027475357055664,3.672521829605103,-0.4086688458919525
961,101100.0,-1.046717643737793,0.5088507533073425,-0.2073887437582016
962,101200.0,-1.046717643737793,0.5088507533073425,-0.2073887437582016
963,101300.0,-0.06994406878948213,1.5146403312683103,0.9474520087242126
964,101400.0,-0.06994406878948213,1.5146403312683103,0.9474520087242126
965,101500.0,0.3371976017951965,3.9800925254821777,1.872912883758545
966,101600.0,0.3371976017951965,3.9800925254821777,1.872912883758545
967,101700.0,0.9077457785606384,1.217454433441162,-1.4379768371582031
968,101800.0,1.483791708946228,0.7192938327789307,-0.3891211748123169
969,101900.0,1.483791708946228,0.7192938327789307,-0.3891211748123169
970,102000.0,0.7507534027099609,-1.872912883758545,-0.3851505517959595
971,102100.0,0.7507534027099609,-1.872912883758545,-0.3851505517959595
972,102200.0,-0.5451972484588623,-0.15943582355976105,-0.6160575747489929
973,102300.0,-0.5451972484588623,-0.15943582355976105,-0.6160575747489929
974,102400.0,-1.2330315113067627,0.3995058834552765,-0.15271630883216858
975,102500.0,-1.2330315113067627,0.3995058834552765,-0.15271630883216858
976,102600.0,-0.1670716404914856,-0.1258382350206375,-0.05222897976636887
977,102700.0,0.30634891986846924,-0.3649919927120209,-0.01160643994808197
978,102800.0,0.30634891986846924,-0.3649919927120209,-0.01160643994808197
979,102900.0,-0.5742133259773254,0.9608910083770752,-0.2544253766536713
980,103000.0,-0.5742133259773254,0.9608910083770752,-0.2544253766536713
981,103100.0,0.7730499505996704,-0.18417587876319885,-0.01863138936460018
982,103200.0,0.7730499505996704,-0.18417587876319885,-0.01863138936460018
983,103300.0,1.064738154411316,0.8817839622497559,-0.04489859566092491
984,103400.0,1.064738154411316,0.8817839622497559,-0.04489859566092491
985,103500.0,0.6914994716644287,-0.3671300113201141,0.5360342264175415
986,103600.0,-0.040622539818286896,0.7061602473258972,-0.4944954216480255
987,103700.0,-0.040622539818286896,0.7061602473258972,-0.4944954216480255
988,103800.0,-1.0671815872192385,0.5723807215690613,-0.6050620079040527
989,103900.0,-1.0671815872192385,0.5723807215690613,-0.6050620079040527
990,104000.0,0.02657263725996017,-0.5873469114303589,-0.07147123664617537
991,104100.0,0.02657263725996017,-0.5873469114303589,-0.07147123664617537
992,104200.0,1.2376129627227783,0.9190467596054076,-0.732122004032135
993,104300.0,1.2376129627227783,0.9190467596054076,-0.732122004032135
994,104400.0,0.1362229436635971,0.8735373020172119,0.11453723162412645
995,104500.0,-0.33169981837272644,0.12889257073402405,-0.2742784917354584
996,104600.0,-0.33169981837272644,0.12889257073402405,-0.2742784917354584
997,104700.0,0.923628270626068,0.5650503635406494,-0.08704829961061478
998,104800.0,0.923628270626068,0.5650503635406494,-0.08704829961061478
999,104900.0,1.866498708724976,-0.2519819140434265,0.9419541954994202
1000,105000.0,1.866498708724976,-0.2519819140434265,0.9419541954994202
1001,105100.0,-0.2144137024879456,-0.1414152979850769,0.2816088795661926
1002,105200.0,-0.2144137024879456,-0.1414152979850769,0.2816088795661926
1003,105300.0,-0.7648032903671265,-0.07849618047475815,-0.3246748745441437
1004,105400.0,-0.7648032903671265,-0.07849618047475815,-0.3246748745441437
1005,105500.0,-1.0735956430435178,0.9138544201850892,0.0858265683054924
1006,105600.0,-0.12003502249717712,1.9352210760116575,0.0604756586253643
1007,105700.0,-0.12003502249717712,1.9352210760116575,0.0604756586253643
1008,105800.0,-2.336864948272705,0.4709770977497101,0.4688390791416168
1009,105900.0,-2.336864948272705,0.4709770977497101,0.4688390791416168
1010,106000.0,-0.30115658044815063,0.5103778839111328,-0.26083946228027344
1011,106100.0,-0.30115658044815063,0.5103778839111328,-0.26083946228027344
1012,106200.0,0.6081163287162781,0.8258898258209229,-0.0907134860754013
1013,106300.0,0.6081163287162781,0.8258898258209229,-0.0907134860754013
1014,106400.0,0.4865541756153106,-0.3735440969467163,0.022907447069883347
1015,106500.0,0.6609562039375305,-0.4639521539211273,0.045814894139766686
1016,106600.0,0.6609562039375305,-0.4639521539211273,0.045814894139766686
1017,106700.0,0.9993755221366882,0.28619036078453064,0.6856962442398071
1018,106800.0,0.9993755221366882,0.28619036078453064,0.6856962442398071
1019,106900.0,-0.2519819140434265,0.20922134816646576,-0.5681046843528748
1020,107000.0,-0.2519819140434265,0.20922134816646576,-0.5681046843528748
1021,107100.0,-0.5714644193649292,-0.7107416987419128,-0.28619036078453064
1022,107200.0,-0.5714644193649292,-0.7107416987419128,-0.28619036078453064
1023,107300.0,-0.2235766798257828,-1.6936239004135132,-0.10781771689653397
1024,107400.0,0.4471533596515656,0.7220427393913269,0.09804387390613556
1025,107500.0,0.4471533596515656,0.7220427393913269,0.09804387390613556
1026,107600.0,0.05803219974040985,-0.4159992337226868,-0.2528982162475586
1027,107700.0,0.05803219974040985,-0.4159992337226868,-0.2528982162475586
1028,107800.0,0.5369505286216736,-1.3982704877853394,-0.12522737681865692
1029,107900.0,0.5369505286216736,-1.3982704877853394,-0.12522737681865692
1030,108000.0,-0.04795292019844055,-1.2877039909362793,-0.10781771689653397
1031,108100.0,-0.04795292019844055,-1.2877039909362793,-0.10781771689653397
1032,108200.0,0.8820894360542297,0.3830125033855438,-0.057726766914129264
1033,108300.0,1.0690141916275024,0.6343835592269897,0.6050620079040527
1034,108400.0,1.0690141916275024,0.6343835592269897,0.6050620079040527
1035,108500.0,0.053450707346200936,0.7944302558898926,0.6047565937042236
1036,108600.0,0.053450707346200936,0.7944302558898926,0.6047565937042236
1037,108700.0,-0.66584312915802,0.6105598211288452,0.05161811411380768
1038,108800.0,-0.66584312915802,0.6105598211288452,0.05161811411380768
1039,108900.0,-1.253495454788208,0.7745771408081055,-0.3961461186408997
1040,109000.0,-1.253495454788208,0.7745771408081055,-0.3961461186408997
1041,109100.0,-0.15271630883216858,0.7052439451217651,-0.12034045159816742
1042,109200.0,-1.0760390758514404,0.8005388975143433,-0.10018189996480943
1043,109300.0,-1.0760390758514404,0.8005388975143433,-0.10018189996480943
1044,109400.0,-0.23976461589336395,-0.2834414839744568,-0.08857546001672745
1045,109500.0,-0.23976461589336395,-0.2834414839744568,-0.08857546001672745
1046,109600.0,-0.03817907720804215,1.4752395153045654,-0.23029619455337524
1047,109700.0,-0.03817907720804215,1.4752395153045654,-0.23029619455337524
1048,109800.0,-0.13377949595451355,0.8784242272377014,-0.1875356286764145
1049,109900.0,-0.13377949595451355,0.8784242272377014,-0.1875356286764145
1050,110000.0,0.7932085394859314,-0.023823743686079982,0.6075055003166199
1051,110100.0,1.3503175973892212,0.8454375267028809,-0.4630358517169952
1052,110200.0,1.3503175973892212,0.8454375267028809,-0.4630358517169952
1053,110300.0,-1.3808609247207642,0.180816113948822,-0.11911872029304504
1054,110400.0,-1.3808609247207642,0.180816113948822,-0.11911872029304504
1055,110500.0,1.5155566930770874,0.570853590965271,0.6099489331245422
1056,110600.0,1.5155566930770874,0.570853590965271,0.6099489331245422
1057,110700.0,-0.4010330438613892,1.0109820365905762,3.1859676837921143
1058,110800.0,-0.4010330438613892,1.0109820365905762,3.1859676837921143
1059,110900.0,0.34055736660957336,10.015746116638184,-0.35735616087913513
1060,111000.0,3.126102924346924,1.806328535079956,0.8265006542205809
1061,111100.0,3.126102924346924,1.806328535079956,0.8265006542205809
1062,111200.0,1.80510675907135,0.8729264140129089,1.034500241279602
1063,111300.0,1.80510675907135,0.8729264140129089,1.034500241279602
1064,111400.0,-1.1569787263870241,2.4694228172302246,-0.996932089328766
1065,111500.0,-1.1569787263870241,2.4694228172302246,-0.996932089328766
1066,111600.0,-0.8949176073074341,-0.04184427112340927,-0.8329147696495056
1067,111700.0,-0.8949176073074341,-0.04184427112340927,-0.8329147696495056
1068,111800.0,-1.247386813163757,1.0412198305130005,-0.3084869384765625
1069,111900.0,-0.6792821288108826,0.7757988572120667,-0.2028072625398636
1070,112000.0,-0.6792821288108826,0.7757988572120667,-0.2028072625398636
1071,112100.0,-0.18936823308467865,2.9520063400268555,-0.20952677726745605
1072,112200.0,-0.18936823308467865,2.9520063400268555,-0.20952677726745605
1073,112300.0,0.18539759516716006,0.208610475063324,-0.3100140988826752
1074,112400.0,0.18539759516716006,0.208610475063324,-0.3100140988826752
1075,112500.0,0.8796459436416626,0.05619960278272629,0.03176499158143997
1076,112600.0,0.8796459436416626,0.05619960278272629,0.03176499158143997
