,timestamp,grx,gry,grz
0,5000.0,-4.636548042297363,-8.627033233642576,0.4970949590206146
1,5100.0,-4.636548042297363,-8.627033233642576,0.4970949590206146
2,5200.0,-4.636548042297363,-8.627033233642576,0.4970949590206146
3,5300.0,-4.770121097564697,-8.535863876342772,0.7452210187911987
4,5400.0,-4.770121097564697,-8.535863876342772,0.7452210187911987
5,5500.0,-4.705300331115723,-8.598509788513184,0.3101055324077606
6,5600.0,-4.722696781158447,-8.583500862121582,0.43591216206550604
7,5700.0,-4.722696781158447,-8.583500862121582,0.43591216206550604
8,5800.0,-4.921379566192627,-8.471935272216799,0.420386403799057
9,5900.0,-4.921379566192627,-8.471935272216799,0.420386403799057
10,6000.0,-4.67775821685791,-8.571040153503418,0.908969521522522
11,6100.0,-4.67775821685791,-8.571040153503418,0.908969521522522
12,6200.0,-4.669713020324707,-8.579806327819824,0.8666583299636841
13,6300.0,-4.669713020324707,-8.579806327819824,0.8666583299636841
14,6400.0,-4.7487335205078125,-8.482579231262207,1.2906489372253418
15,6500.0,-4.7487335205078125,-8.482579231262207,1.2906489372253418
16,6600.0,-4.563430309295653,-8.532628059387207,1.5936568975448608
17,6700.0,-4.82968282699585,-8.420863151550293,1.3905372619628906
18,6800.0,-4.82968282699585,-8.420863151550293,1.3905372619628906
19,6900.0,-5.015472412109375,-8.35538387298584,1.0968103408813477
20,7000.0,-5.015472412109375,-8.35538387298584,1.0968103408813477
21,7100.0,-4.839442729949951,-8.402063369750978,1.468172311782837
22,7200.0,-4.839442729949951,-8.402063369750978,1.468172311782837
23,7300.0,-5.018961429595947,-8.339448928833008,1.197502374649048
24,7400.0,-4.986765384674072,-8.305652618408201,1.5227268934249878
25,7500.0,-4.986765384674072,-8.305652618408201,1.5227268934249878
26,7600.0,-4.7979888916015625,-8.446532249450684,1.343800663948059
27,7700.0,-4.7979888916015625,-8.446532249450684,1.343800663948059
28,7800.0,-4.920563697814941,-8.388309478759767,1.2628157138824463
29,7900.0,-4.920563697814941,-8.388309478759767,1.2628157138824463
30,8000.0,-5.2878923416137695,-8.18576717376709,1.0962743759155271
31,8100.0,-5.2878923416137695,-8.18576717376709,1.0962743759155271
32,8200.0,-5.287970066070557,-8.221940994262695,0.7793979644775391
33,8300.0,-5.181223392486572,-8.285420417785645,0.8228613138198853
34,8400.0,-5.181223392486572,-8.285420417785645,0.8228613138198853
35,8500.0,-5.208282470703125,-8.154111862182617,1.5983301401138306
36,8600.0,-5.208282470703125,-8.154111862182617,1.5983301401138306
37,8700.0,-4.845884323120117,-8.434048652648926,1.246841311454773
38,8800.0,-4.845884323120117,-8.434048652648926,1.246841311454773
39,8900.0,-5.173371315002441,-8.246675491333008,1.1827759742736816
40,9000.0,-5.173371315002441,-8.246675491333008,1.1827759742736816
41,9100.0,-5.1466498374938965,-8.295166969299316,0.9341326355934144
42,9200.0,-5.637564182281494,-7.978564262390138,0.8548498153686523
43,9300.0,-5.637564182281494,-7.978564262390138,0.8548498153686523
44,9400.0,-5.652513027191162,-7.979047775268555,0.744488000869751
45,9500.0,-5.652513027191162,-7.979047775268555,0.744488000869751
46,9600.0,-5.781257152557372,-7.91187858581543,0.3868255019187927
47,9700.0,-5.781257152557372,-7.91187858581543,0.3868255019187927
48,9800.0,-5.407220363616943,-8.181106567382812,0.04288695752620697
49,9900.0,-5.407220363616943,-8.181106567382812,0.04288695752620697
50,10000.0,-5.714449405670166,-7.962593078613281,-0.33553779125213623
51,10100.0,-5.848471164703369,-7.859889507293701,-0.4334925413131714
52,10200.0,-5.848471164703369,-7.859889507293701,-0.4334925413131714
53,10300.0,-6.064267635345459,-7.705630779266357,-0.13532178103923798
54,10400.0,-6.064267635345459,-7.705630779266357,-0.13532178103923798
55,10500.0,-6.276244163513184,-7.533873081207275,0.14107845723628998
56,10600.0,-6.276244163513184,-7.533873081207275,0.14107845723628998
57,10700.0,-6.398362636566162,-7.329449653625487,1.2290312051773071
58,10800.0,-6.398362636566162,-7.329449653625487,1.2290312051773071
59,10900.0,-6.493929386138916,-7.132302284240723,1.7690490484237669
60,11000.0,-6.41115140914917,-7.269296169281006,1.4915906190872192
61,11100.0,-6.41115140914917,-7.269296169281006,1.4915906190872192
62,11200.0,-6.235504150390625,-7.378105640411378,1.6889166831970217
63,11300.0,-6.235504150390625,-7.378105640411378,1.6889166831970217
64,11400.0,-6.286574363708496,-7.379580974578857,1.4802528619766235
65,11500.0,-6.286574363708496,-7.379580974578857,1.4802528619766235
66,11600.0,-4.214522361755371,-8.794553756713867,1.0315046310424805
67,11700.0,-4.214522361755371,-8.794553756713867,1.0315046310424805
68,11800.0,-1.890613913536072,-9.52045726776123,-1.3988831043243408
69,11900.0,-6.277233123779298,-7.248715877532959,2.0549547672271733
70,12000.0,-6.277233123779298,-7.248715877532959,2.0549547672271733
71,12100.0,-6.2022385597229,-7.537796974182129,0.9403509497642516
72,12200.0,-6.2022385597229,-7.537796974182129,0.9403509497642516
73,12300.0,-8.068327903747559,-3.5360751152038574,4.309135913848877
74,12400.0,-8.068327903747559,-3.5360751152038574,4.309135913848877
75,12500.0,-6.922910690307617,-2.2997469902038574,6.553997039794923
76,12600.0,-6.922910690307617,-2.2997469902038574,6.553997039794923
77,12700.0,-3.6658434867858887,-9.069710731506348,0.6872496008872986
78,12800.0,-5.836194038391112,-7.347135066986084,-2.851111650466919
79,12900.0,-5.836194038391112,-7.347135066986084,-2.851111650466919
80,13000.0,-5.781371116638184,-7.598102569580077,2.239410877227783
81,13100.0,-5.781371116638184,-7.598102569580077,2.239410877227783
82,13200.0,-7.066540241241455,-6.752640247344972,0.797653317451477
83,13300.0,-7.066540241241455,-6.752640247344972,0.797653317451477
84,13400.0,-7.221648693084718,-6.479755401611327,1.4251198768615725
85,13500.0,-7.221648693084718,-6.479755401611327,1.4251198768615725
86,13600.0,-7.920527935028076,-5.577385902404785,1.525917410850525
87,13700.0,-7.570791721343994,-6.108075141906737,1.242951512336731
88,13800.0,-7.570791721343994,-6.108075141906737,1.242951512336731
89,13900.0,-6.617434501647949,-7.146007537841798,-1.1465163230895996
90,14000.0,-6.617434501647949,-7.146007537841798,-1.1465163230895996
91,14100.0,-6.821342468261719,-7.017699718475343,-0.6257419586181641
92,14200.0,-6.821342468261719,-7.017699718475343,-0.6257419586181641
93,14300.0,-7.432717323303223,-6.377534866333008,0.5021575093269348
94,14400.0,-7.432717323303223,-6.377534866333008,0.5021575093269348
95,14500.0,-7.651802062988281,-5.173829555511475,3.2942073345184326
96,14600.0,-8.948236465454102,-3.11276912689209,2.53181791305542
97,14700.0,-8.948236465454102,-3.11276912689209,2.53181791305542
98,14800.0,-7.0858192443847665,-5.758086681365968,3.5785448551177983
99,14900.0,-7.0858192443847665,-5.758086681365968,3.5785448551177983
100,15000.0,-6.27101993560791,-6.705289363861084,-3.447283744812012
101,15100.0,-6.27101993560791,-6.705289363861084,-3.447283744812012
102,15200.0,-6.95660924911499,-6.9114131927490225,-0.09135989844799043
103,15300.0,-6.95660924911499,-6.9114131927490225,-0.09135989844799043
104,15400.0,-6.549668312072754,-7.297760963439941,-0.1221202164888382
105,15500.0,-8.193242073059082,-4.335245132446288,3.2010648250579834
106,15600.0,-8.193242073059082,-4.335245132446288,3.2010648250579834
107,15700.0,-7.448453426361084,-1.629241704940796,6.167374610900879
108,15800.0,-7.448453426361084,-1.629241704940796,6.167374610900879
109,15900.0,-5.830068588256836,-1.158867597579956,7.799853801727295
110,16000.0,-5.830068588256836,-1.158867597579956,7.799853801727295
111,16100.0,-5.734485626220702,-2.68239426612854,7.489380359649657
112,16200.0,-5.734485626220702,-2.68239426612854,7.489380359649657
113,16300.0,-7.407299995422362,-6.149082660675049,-1.8684478998184204
114,16400.0,-7.655017852783202,-6.048914909362793,-0.9908151626586914
115,16500.0,-7.655017852783202,-6.048914909362793,-0.9908151626586914
116,16600.0,-6.70289421081543,-6.999401092529298,-1.500001072883606
117,16700.0,-6.70289421081543,-6.999401092529298,-1.500001072883606
118,16800.0,-9.212246894836426,-3.169563770294189,1.1219433546066284
119,16900.0,-9.212246894836426,-3.169563770294189,1.1219433546066284
120,17000.0,-9.040827751159668,-1.267605900764465,3.5814821720123287
121,17100.0,-9.040827751159668,-1.267605900764465,3.5814821720123287
122,17200.0,-6.858065605163574,-6.927634239196777,1.0701466798782349
123,17300.0,-7.419005393981934,-6.4072837829589835,-0.2747401297092438
124,17400.0,-7.419005393981934,-6.4072837829589835,-0.2747401297092438
125,17500.0,-7.193795204162598,-6.112998008728027,-2.655362367630005
126,17600.0,-7.193795204162598,-6.112998008728027,-2.655362367630005
127,17700.0,-6.611274719238281,-6.896858215332031,-2.2124154567718506
128,17800.0,-6.611274719238281,-6.896858215332031,-2.2124154567718506
129,17900.0,-8.583152770996094,-4.7221646308898935,0.4484061598777771
130,18000.0,-8.583152770996094,-4.7221646308898935,0.4484061598777771
131,18100.0,-8.990148544311523,-3.703645944595337,1.2769548892974854
132,18200.0,-8.618308067321777,-2.32436466217041,4.061095237731934
133,18300.0,-8.618308067321777,-2.32436466217041,4.061095237731934
134,18400.0,-6.783881664276122,-4.827507019042969,5.181169509887695
135,18500.0,-6.783881664276122,-4.827507019042969,5.181169509887695
136,18600.0,-7.029466152191162,-6.058207035064697,-3.170985460281372
137,18700.0,-7.029466152191162,-6.058207035064697,-3.170985460281372
138,18800.0,-7.978500843048097,-5.6687750816345215,-0.6155498027801514
139,18900.0,-7.978500843048097,-5.6687750816345215,-0.6155498027801514
140,19000.0,-7.789973735809326,-5.956250190734862,-0.09900544583797456
141,19100.0,-8.369067192077638,-5.107980251312256,-0.1939940452575684
142,19200.0,-8.369067192077638,-5.107980251312256,-0.1939940452575684
143,19300.0,-8.992844581604004,-2.970145463943481,2.545067310333252
144,19400.0,-8.992844581604004,-2.970145463943481,2.545067310333252
145,19500.0,-9.262510299682617,-1.1019492149353027,3.0268840789794917
146,19600.0,-9.262510299682617,-1.1019492149353027,3.0268840789794917
147,19700.0,-8.141782760620117,-4.034865856170653,3.6880390644073486
148,19800.0,-8.141782760620117,-4.034865856170653,3.6880390644073486
149,19900.0,-6.608003616333008,-5.385080814361572,-4.848256587982178
150,20000.0,-8.130390167236326,-5.098282814025879,-2.018585205078125
151,20100.0,-8.130390167236326,-5.098282814025879,-2.018585205078125
152,20200.0,-7.792685031890869,-5.947109699249268,-0.27627310156822205
153,20300.0,-7.792685031890869,-5.947109699249268,-0.27627310156822205
154,20400.0,-8.248926162719728,-5.302919387817383,0.06824176013469696
155,20500.0,-8.248926162719728,-5.302919387817383,0.06824176013469696
156,20600.0,-8.809941291809082,-3.8039433956146236,2.0212152004241943
157,20700.0,-8.809941291809082,-3.8039433956146236,2.0212152004241943
158,20800.0,-9.38729763031006,-2.81204605102539,0.3760979175567627
159,20900.0,-8.751328468322754,-4.140903949737549,1.5612632036209106
160,21000.0,-8.751328468322754,-4.140903949737549,1.5612632036209106
161,21100.0,-6.770595073699951,-6.624317646026611,-2.539260149002075
162,21200.0,-6.770595073699951,-6.624317646026611,-2.539260149002075
163,21300.0,-8.330844879150389,-5.051812171936035,-1.1165198087692259
164,21400.0,-8.330844879150389,-5.051812171936035,-1.1165198087692259
165,21500.0,-8.538430213928223,-4.8234381675720215,-0.0036529696080833673
166,21600.0,-8.538430213928223,-4.8234381675720215,-0.0036529696080833673
167,21700.0,-8.037850379943848,-5.618025779724121,-0.034008946269750595
168,21800.0,-9.107007026672363,-3.4701611995697017,1.091230392456055
169,21900.0,-9.107007026672363,-3.4701611995697017,1.091230392456055
170,22000.0,-9.080145835876463,-3.4425737857818604,1.3674942255020142
171,22100.0,-9.080145835876463,-3.4425737857818604,1.3674942255020142
172,22200.0,-8.433882713317871,-3.6994707584381104,3.369559526443481
173,22300.0,-8.433882713317871,-3.6994707584381104,3.369559526443481
174,22400.0,-7.706239700317383,-5.5659260749816895,2.409296751022339
175,22500.0,-7.706239700317383,-5.5659260749816895,2.409296751022339
176,22600.0,-8.215325355529785,-5.354374408721924,0.09747399389743804
177,22700.0,-8.536905288696289,-4.765974998474121,0.7596771121025085
178,22800.0,-8.536905288696289,-4.765974998474121,0.7596771121025085
179,22900.0,-8.211445808410645,-5.339377403259277,-0.4833244979381561
180,23000.0,-8.211445808410645,-5.339377403259277,-0.4833244979381561
181,23100.0,-9.135571479797363,-3.357155561447144,1.200502872467041
182,23200.0,-9.135571479797363,-3.357155561447144,1.200502872467041
183,23300.0,-8.706155776977539,-3.2315497398376465,3.1512391567230225
184,23400.0,-8.706155776977539,-3.2315497398376465,3.1512391567230225
185,23500.0,-7.516603469848633,-3.2187247276306152,5.4139509201049805
186,23600.0,-7.516603469848633,-3.2187247276306152,5.4139509201049805
187,23700.0,-8.270075798034668,-5.167583465576172,1.0355311632156372
188,23800.0,-7.740511417388916,-5.351396083831787,-2.759967565536499
189,23900.0,-7.740511417388916,-5.351396083831787,-2.759967565536499
190,24000.0,-9.088265419006348,-3.283101320266724,-1.671852469444275
191,24100.0,-9.088265419006348,-3.283101320266724,-1.671852469444275
192,24200.0,-8.079639434814451,-5.4503750801086435,-1.087753176689148
193,24300.0,-8.079639434814451,-5.4503750801086435,-1.087753176689148
194,24400.0,-8.736574172973633,-4.342986583709717,0.9905032515525818
195,24500.0,-8.736574172973633,-4.342986583709717,0.9905032515525818
196,24600.0,-8.633268356323242,-4.103803634643556,2.189940929412842
197,24700.0,-9.098052024841307,-3.657814741134644,0.12737710773944855
198,24800.0,-9.098052024841307,-3.657814741134644,0.12737710773944855
199,24900.0,-6.7203121185302725,-7.125113487243652,0.4904641509056091
200,25000.0,-6.7203121185302725,-7.125113487243652,0.4904641509056091
201,25100.0,-6.765929222106934,-7.06917142868042,-0.6476157903671265
202,25200.0,-6.765929222106934,-7.06917142868042,-0.6476157903671265
203,25300.0,-6.123121738433838,-7.195990562438965,2.6259243488311768
204,25400.0,-6.123121738433838,-7.195990562438965,2.6259243488311768
205,25500.0,-6.3498077392578125,-6.93160343170166,2.793421030044556
206,25600.0,-7.177354335784912,-6.29354190826416,2.2466180324554443
207,25700.0,-7.177354335784912,-6.29354190826416,2.2466180324554443
208,25800.0,-8.552660942077638,-4.258048534393311,2.21165132522583
209,25900.0,-8.552660942077638,-4.258048534393311,2.21165132522583
210,26000.0,-9.274100303649902,-0.2832545638084412,3.1750948429107666
211,26100.0,-9.274100303649902,-0.2832545638084412,3.1750948429107666
212,26200.0,-8.377659797668457,-1.1594771146774292,4.963953018188477
213,26300.0,-8.377659797668457,-1.1594771146774292,4.963953018188477
214,26400.0,-8.986764907836914,-2.476543664932251,3.0455167293548584
215,26500.0,-8.92517375946045,-3.8174669742584233,-1.392324924468994
216,26600.0,-8.92517375946045,-3.8174669742584233,-1.392324924468994
217,26700.0,-8.798748016357422,-3.787639379501343,-2.0990912914276123
218,26800.0,-8.798748016357422,-3.787639379501343,-2.0990912914276123
219,26900.0,-8.069394111633299,-4.798166751861572,-2.8342227935791016
220,27000.0,-8.069394111633299,-4.798166751861572,-2.8342227935791016
221,27100.0,-8.654723167419434,-4.377029895782472,-1.451804518699646
222,27200.0,-8.654723167419434,-4.377029895782472,-1.451804518699646
223,27300.0,-9.457459449768066,-2.5774505138397217,0.2891225218772888
224,27400.0,-9.050223350524902,-3.413156270980835,1.6168535947799685
225,27500.0,-9.050223350524902,-3.413156270980835,1.6168535947799685
226,27600.0,-7.421552181243896,-6.126363277435303,-1.8864216804504397
227,27700.0,-7.421552181243896,-6.126363277435303,-1.8864216804504397
228,27800.0,-8.673708915710451,-4.542045593261719,0.554020881652832
229,27900.0,-8.673708915710451,-4.542045593261719,0.554020881652832
230,28000.0,-8.654263496398926,-4.60881233215332,0.18153657019138336
231,28100.0,-8.654263496398926,-4.60881233215332,0.18153657019138336
232,28200.0,-9.070022583007812,-3.6666529178619385,-0.6787709593772888
233,28300.0,-9.148632049560547,-2.702301502227783,2.273876428604126
234,28400.0,-9.148632049560547,-2.702301502227783,2.273876428604126
235,28500.0,-7.539540290832519,-1.993579149246216,5.945700645446777
236,28600.0,-7.539540290832519,-1.993579149246216,5.945700645446777
237,28700.0,-9.34520435333252,-2.6187241077423096,1.4070688486099243
238,28800.0,-9.34520435333252,-2.6187241077423096,1.4070688486099243
239,28900.0,-8.074627876281737,-3.9374454021453857,-3.9328460693359375
240,29000.0,-8.074627876281737,-3.9374454021453857,-3.9328460693359375
241,29100.0,-8.804021835327148,-3.62852931022644,-2.3437941074371342
242,29200.0,-8.914070129394531,-3.902277946472168,-1.217359185218811
243,29300.0,-8.914070129394531,-3.902277946472168,-1.217359185218811
244,29400.0,-9.414073944091797,-2.7341201305389404,0.2648977041244507
245,29500.0,-9.414073944091797,-2.7341201305389404,0.2648977041244507
246,29600.0,-9.609658241271973,-1.7975720167160034,0.7704470753669739
247,29700.0,-9.609658241271973,-1.7975720167160034,0.7704470753669739
248,29800.0,-6.6801204681396475,-6.789708137512207,2.3337197303771973
249,29900.0,-6.6801204681396475,-6.789708137512207,2.3337197303771973
250,30000.0,-7.5832743644714355,-5.72818660736084,-2.419130563735962
251,30100.0,-7.401976585388184,-5.477350234985352,-3.373386144638061
252,30200.0,-7.401976585388184,-5.477350234985352,-3.373386144638061
253,30300.0,-7.001170158386231,-6.302774429321289,-2.725627183914185
254,30400.0,-7.001170158386231,-6.302774429321289,-2.725627183914185
255,30500.0,-7.721556663513184,-5.845334529876709,-1.5427285432815552
256,30600.0,-7.721556663513184,-5.845334529876709,-1.5427285432815552
257,30700.0,-9.078727722167967,-3.4980509281158447,1.229108810424805
258,30800.0,-9.078727722167967,-3.4980509281158447,1.229108810424805
259,30900.0,-8.738754272460938,-2.8936691284179688,3.381011247634888
260,31000.0,-8.643348693847656,-3.1012983322143555,3.4416394233703613
261,31100.0,-8.643348693847656,-3.1012983322143555,3.4416394233703613
262,31200.0,-8.53031063079834,-4.424875259399414,-1.9556691646575928
263,31300.0,-8.53031063079834,-4.424875259399414,-1.9556691646575928
264,31400.0,-8.621038436889647,-4.408045291900635,-1.554751992225647
265,31500.0,-8.621038436889647,-4.408045291900635,-1.554751992225647
266,31600.0,-8.75291633605957,-4.342399597167969,-0.8369088172912598
267,31700.0,-8.75291633605957,-4.342399597167969,-0.8369088172912598
268,31800.0,-9.371176719665527,-2.510664701461792,1.4310848712921145
269,31900.0,-9.522056579589844,-1.2872698307037354,1.9605451822280884
270,32000.0,-9.522056579589844,-1.2872698307037354,1.9605451822280884
271,32100.0,-8.698246955871582,-3.429257869720459,2.9582202434539795
272,32200.0,-8.698246955871582,-3.429257869720459,2.9582202434539795
273,32300.0,-7.627180576324463,-5.246929168701172,3.235156536102295
274,32400.0,-7.627180576324463,-5.246929168701172,3.235156536102295
275,32500.0,-8.038800239562987,-4.837510108947754,-2.854215383529663
276,32600.0,-8.038800239562987,-4.837510108947754,-2.854215383529663
277,32700.0,-8.640832901000978,-4.009882926940918,-2.329636335372925
278,32800.0,-7.991104602813722,-5.506205081939697,-1.4122202396392822
279,32900.0,-7.991104602813722,-5.506205081939697,-1.4122202396392822
280,33000.0,-9.792769432067873,-0.5209840536117554,0.02543283998966217
281,33100.0,-9.792769432067873,-0.5209840536117554,0.02543283998966217
282,33200.0,-8.522868156433105,-3.451465606689453,3.4085910320281982
283,33300.0,-8.522868156433105,-3.451465606689453,3.4085910320281982
284,33400.0,-6.7152934074401855,-6.741074085235597,2.37343168258667
285,33500.0,-6.7152934074401855,-6.741074085235597,2.37343168258667
286,33600.0,-8.029924392700195,-5.626760482788086,-0.17401297390460968
287,33700.0,-7.181714057922362,-6.626137733459473,-0.8292433619499207
288,33800.0,-7.181714057922362,-6.626137733459473,-0.8292433619499207
289,33900.0,-7.426561832427978,-6.3681745529174805,0.6803732514381409
290,34000.0,-7.426561832427978,-6.3681745529174805,0.6803732514381409
291,34100.0,-8.299347877502441,-5.159100532531738,0.8214977979660034
292,34200.0,-8.299347877502441,-5.159100532531738,0.8214977979660034
293,34300.0,-8.95157527923584,-3.5279772281646733,1.895537257194519
294,34400.0,-8.95157527923584,-3.5279772281646733,1.895537257194519
295,34500.0,-9.223573684692383,-1.637409210205078,2.9008517265319824
296,34600.0,-6.562878608703612,-7.104321479797362,1.621001124382019
297,34700.0,-6.562878608703612,-7.104321479797362,1.621001124382019
298,34800.0,-7.364240169525146,-6.151864051818848,-2.02309799194336
299,34900.0,-7.364240169525146,-6.151864051818848,-2.02309799194336
300,35000.0,-8.159411430358888,-5.343003273010254,-1.023076415061951
301,35100.0,-8.159411430358888,-5.343003273010254,-1.023076415061951
302,35200.0,-8.076094627380371,-5.554930210113525,-0.29968512058258057
303,35300.0,-8.076094627380371,-5.554930210113525,-0.29968512058258057
304,35400.0,-9.06773281097412,-3.577937364578247,1.0700072050094604
305,35500.0,-9.014354705810547,-3.1721506118774414,2.202101707458496
306,35600.0,-9.014354705810547,-3.1721506118774414,2.202101707458496
307,35700.0,-8.227896690368652,-3.441307544708252,4.077928066253662
308,35800.0,-8.227896690368652,-3.441307544708252,4.077928066253662
309,35900.0,-7.807930946350098,-5.097830772399902,3.0362329483032227
310,36000.0,-7.807930946350098,-5.097830772399902,3.0362329483032227
311,36100.0,-8.653539657592772,-4.5558271408081055,-0.7287355661392212
312,36200.0,-8.653539657592772,-4.5558271408081055,-0.7287355661392212
313,36300.0,-8.696269989013674,-4.532147407531738,-0.07028656452894211
314,36400.0,-8.694619178771973,-4.506865501403809,-0.5119960308074951
315,36500.0,-8.694619178771973,-4.506865501403809,-0.5119960308074951
316,36600.0,-9.16135025024414,-3.293867588043213,1.1791870594024658
317,36700.0,-9.16135025024414,-3.293867588043213,1.1791870594024658
318,36800.0,-9.533782958984377,-1.1974344253540041,1.96049165725708
319,36900.0,-9.533782958984377,-1.1974344253540041,1.96049165725708
320,37000.0,-8.619052886962889,-3.493804931640625,3.110570192337036
321,37100.0,-8.619052886962889,-3.493804931640625,3.110570192337036
322,37200.0,-7.1768126487731925,-6.02503776550293,-2.891831874847412
323,37300.0,-8.329842567443848,-5.073761940002441,-1.0203146934509275
324,37400.0,-8.329842567443848,-5.073761940002441,-1.0203146934509275
325,37500.0,-8.194442749023438,-5.386547088623047,0.08108078688383102
326,37600.0,-8.194442749023438,-5.386547088623047,0.08108078688383102
327,37700.0,-8.872113227844238,-4.176334857940674,-0.1192190870642662
328,37800.0,-8.872113227844238,-4.176334857940674,-0.1192190870642662
329,37900.0,-9.18362522125244,-2.7369165420532227,2.083438873291016
330,38000.0,-9.18362522125244,-2.7369165420532227,2.083438873291016
331,38100.0,-8.436323165893555,-1.9285210371017456,4.612987995147705
332,38200.0,-7.999199867248535,-5.580225467681885,1.0219013690948486
333,38300.0,-7.999199867248535,-5.580225467681885,1.0219013690948486
334,38400.0,-8.150614738464355,-5.096205711364746,-1.9407602548599243
335,38500.0,-8.150614738464355,-5.096205711364746,-1.9407602548599243
336,38600.0,-8.597487449645996,-4.4298858642578125,-1.6216446161270142
337,38700.0,-8.597487449645996,-4.4298858642578125,-1.6216446161270142
338,38800.0,-8.948006629943848,-3.906541109085083,-0.9178873896598816
339,38900.0,-8.948006629943848,-3.906541109085083,-0.9178873896598816
340,39000.0,-9.209583282470703,-2.7114319801330566,2.0005230903625493
341,39100.0,-9.79774570465088,-0.4092583060264587,0.0841268002986908
342,39200.0,-9.79774570465088,-0.4092583060264587,0.0841268002986908
343,39300.0,-6.3577189445495605,-6.661890983581543,3.3717947006225586
344,39400.0,-6.3577189445495605,-6.661890983581543,3.3717947006225586
345,39500.0,-7.538804054260254,-6.236929416656494,-0.6614817976951599
346,39600.0,-7.538804054260254,-6.236929416656494,-0.6614817976951599
347,39700.0,-8.203579902648926,-4.8086771965026855,-2.3975651264190674
348,39800.0,-8.203579902648926,-4.8086771965026855,-2.3975651264190674
349,39900.0,-8.863176345825195,-4.1206092834472665,0.796920120716095
350,40000.0,-6.7554588317871085,-6.940516948699951,1.5373269319534302
351,40100.0,-6.7554588317871085,-6.940516948699951,1.5373269319534302
352,40200.0,-9.649003028869627,-1.632382035255432,-0.63438481092453
353,40300.0,-9.649003028869627,-1.632382035255432,-0.63438481092453
354,40400.0,-8.8267240524292,-3.0985913276672363,2.942460060119629
355,40500.0,-8.8267240524292,-3.0985913276672363,2.942460060119629
356,40600.0,-6.7770633697509775,-4.104499340057373,5.778831958770753
357,40700.0,-6.7770633697509775,-4.104499340057373,5.778831958770753
358,40800.0,-7.373525142669678,-5.686821937561035,3.07596755027771
359,40900.0,-6.381083965301514,-6.2155537605285645,4.101102352142334
360,41000.0,-6.381083965301514,-6.2155537605285645,4.101102352142334
361,41100.0,-8.424104690551758,-4.125645637512207,2.860748291015625
362,41200.0,-8.424104690551758,-4.125645637512207,2.860748291015625
363,41300.0,-9.526084899902344,-1.5656020641326904,1.7242330312728882
364,41400.0,-9.526084899902344,-1.5656020641326904,1.7242330312728882
365,41500.0,-8.904743194580078,-2.2123749256134038,3.4614059925079346
366,41600.0,-8.904743194580078,-2.2123749256134038,3.4614059925079346
367,41700.0,-7.299171447753906,-5.095125198364258,4.114870548248291
368,41800.0,-5.524445056915283,-7.45833683013916,3.1660854816436768
369,41900.0,-5.524445056915283,-7.45833683013916,3.1660854816436768
370,42000.0,-7.6911659240722665,-6.065079689025879,-0.4807690382003784
371,42100.0,-7.6911659240722665,-6.065079689025879,-0.4807690382003784
372,42200.0,-8.322104454040527,-4.994725227355957,-1.4020298719406128
373,42300.0,-8.322104454040527,-4.994725227355957,-1.4020298719406128
374,42400.0,-8.393709182739258,-5.02311372756958,-0.6959607005119324
375,42500.0,-8.393709182739258,-5.02311372756958,-0.6959607005119324
376,42600.0,-9.059728622436523,-3.622838497161865,0.9832432866096495
377,42700.0,-9.340947151184082,-2.713886976242065,1.2457560300827026
378,42800.0,-9.340947151184082,-2.713886976242065,1.2457560300827026
379,42900.0,-8.13096809387207,-4.635416507720947,2.9275670051574707
380,43000.0,-8.13096809387207,-4.635416507720947,2.9275670051574707
381,43100.0,-6.839322566986084,-6.858998775482178,-1.5323773622512815
382,43200.0,-6.839322566986084,-6.858998775482178,-1.5323773622512815
383,43300.0,-8.22044563293457,-4.995936870574951,-1.9066463708877563
384,43400.0,-8.22044563293457,-4.995936870574951,-1.9066463708877563
385,43500.0,-7.871200084686278,-5.717788696289063,1.2334829568862915
386,43600.0,-7.871200084686278,-5.717788696289063,1.2334829568862915
387,43700.0,-8.848653793334961,-4.176873207092285,0.6522743701934814
388,43800.0,-8.755369186401367,-3.7581896781921382,2.321619749069214
389,43900.0,-8.755369186401367,-3.7581896781921382,2.321619749069214
390,44000.0,-7.902694225311278,-3.033065795898437,4.951598644256592
391,44100.0,-7.902694225311278,-3.033065795898437,4.951598644256592
392,44200.0,-8.467147827148438,-4.6510114669799805,1.6869646310806274
393,44300.0,-8.467147827148438,-4.6510114669799805,1.6869646310806274
394,44400.0,-7.934231281280518,-4.829512596130371,-3.145498514175415
395,44500.0,-8.657304763793945,-4.586634159088135,-0.4292177855968475
396,44600.0,-8.657304763793945,-4.586634159088135,-0.4292177855968475
397,44700.0,-8.713713645935059,-4.498612880706787,0.06367260962724686
398,44800.0,-8.713713645935059,-4.498612880706787,0.06367260962724686
399,44900.0,-9.263718605041504,-2.603564977645874,1.8908644914627075
400,45000.0,-9.263718605041504,-2.603564977645874,1.8908644914627075
401,45100.0,-9.061600685119627,-0.31105881929397583,3.736447811126709
402,45200.0,-9.061600685119627,-0.31105881929397583,3.736447811126709
403,45300.0,-7.148021697998048,-6.3945860862731925,2.04584002494812
404,45400.0,-7.088097095489503,-6.494114398956299,-1.937974214553833
405,45500.0,-7.088097095489503,-6.494114398956299,-1.937974214553833
406,45600.0,-8.091573715209961,-5.437463760375977,-1.0634008646011353
407,45700.0,-8.091573715209961,-5.437463760375977,-1.0634008646011353
408,45800.0,-8.116117477416992,-5.496192932128906,0.301495373249054
409,45900.0,-8.116117477416992,-5.496192932128906,0.301495373249054
410,46000.0,-9.039074897766113,-3.626318216323853,1.1468671560287476
411,46100.0,-9.039074897766113,-3.626318216323853,1.1468671560287476
412,46200.0,-8.445874214172362,-3.4129669666290283,3.631701231002808
413,46300.0,-8.445874214172362,-3.4129669666290283,3.631701231002808
414,46400.0,-6.437063217163086,-4.712264537811278,5.703433036804199
415,46500.0,-6.782717227935791,-6.884010314941406,-1.665994644165039
416,46600.0,-6.782717227935791,-6.884010314941406,-1.665994644165039
417,46700.0,-8.184909820556639,-5.3906517028808585,-0.3442887365818024
418,46800.0,-8.184909820556639,-5.3906517028808585,-0.3442887365818024
419,46900.0,-7.83319091796875,-5.876805782318115,0.5240815281867981
420,47000.0,-7.83319091796875,-5.876805782318115,0.5240815281867981
421,47100.0,-9.344438552856444,-2.0551607608795166,2.151321649551392
422,47200.0,-9.344438552856444,-2.0551607608795166,2.151321649551392
423,47300.0,-8.809276580810547,2.2617416381835938,3.6676337718963614
424,47400.0,-8.611520767211914,-3.700358867645264,2.8843402862548833
425,47500.0,-8.611520767211914,-3.700358867645264,2.8843402862548833
426,47600.0,-8.047481536865233,-5.566874980926514,0.6467804908752441
427,47700.0,-8.047481536865233,-5.566874980926514,0.6467804908752441
428,47800.0,-6.532053470611572,-5.761402130126952,-4.506537437438965
429,47900.0,-6.532053470611572,-5.761402130126952,-4.506537437438965
430,48000.0,-8.681321144104004,-4.511098384857178,-0.6745650172233582
431,48100.0,-8.681321144104004,-4.511098384857178,-0.6745650172233582
432,48200.0,-9.307941436767578,-1.3146239519119265,2.793630123138428
433,48300.0,-9.499578475952148,-2.387827157974243,0.4761029779911041
434,48400.0,-9.499578475952148,-2.387827157974243,0.4761029779911041
435,48500.0,-8.032071113586426,-5.343033790588379,1.7630172967910769
436,48600.0,-8.032071113586426,-5.343033790588379,1.7630172967910769
437,48700.0,-8.050723075866701,-4.341176986694337,3.537008047103882
438,48800.0,-8.050723075866701,-4.341176986694337,3.537008047103882
439,48900.0,-8.459661483764647,-4.462108135223389,-2.1665983200073238
440,49000.0,-8.459661483764647,-4.462108135223389,-2.1665983200073238
441,49100.0,-8.759324073791504,-3.381272315979004,-2.830477476119995
442,49200.0,-7.659345626831055,-5.452691078186035,-2.7880098819732666
443,49300.0,-7.659345626831055,-5.452691078186035,-2.7880098819732666
444,49400.0,-9.654266357421877,-1.4647469520568848,-0.9055579900741576
445,49500.0,-9.654266357421877,-1.4647469520568848,-0.9055579900741576
446,49600.0,-9.806072235107422,-0.051352914422750466,0.0931108146905899
447,49700.0,-9.806072235107422,-0.051352914422750466,0.0931108146905899
448,49800.0,-9.56145191192627,0.007366364356130362,2.1792068481445317
449,49900.0,-9.56145191192627,0.007366364356130362,2.1792068481445317
450,50000.0,-8.479579925537111,-4.922226905822754,0.19693507254123688
451,50100.0,-8.308944702148438,-4.808213233947754,-2.003223657608032
452,50200.0,-8.308944702148438,-4.808213233947754,-2.003223657608032
453,50300.0,-8.629846572875978,-4.088645458221436,-2.231377363204956
454,50400.0,-8.629846572875978,-4.088645458221436,-2.231377363204956
455,50500.0,-8.761302947998049,-4.398913860321045,0.2440110743045807
456,50600.0,-8.761302947998049,-4.398913860321045,0.2440110743045807
457,50700.0,-8.919878959655762,-4.0283422470092765,-0.6153417825698853
458,50800.0,-8.919878959655762,-4.0283422470092765,-0.6153417825698853
459,50900.0,-9.37454891204834,-2.3594789505004883,1.6495563983917236
460,51000.0,-9.568798065185547,-1.4658659696578982,1.5683450698852541
461,51100.0,-9.568798065185547,-1.4658659696578982,1.5683450698852541
462,51200.0,-9.137152671813963,-2.1854503154754643,2.811875581741333
463,51300.0,-9.137152671813963,-2.1854503154754643,2.811875581741333
464,51400.0,-8.880536079406738,-3.6367552280426025,2.0200207233428955
465,51500.0,-8.880536079406738,-3.6367552280426025,2.0200207233428955
466,51600.0,-8.245161056518555,-5.280981540679932,-0.5467299222946167
467,51700.0,-8.245161056518555,-5.280981540679932,-0.5467299222946167
468,51800.0,-8.795126914978027,-4.180893898010254,1.1559733152389526
469,51900.0,-8.70875072479248,-4.508131504058838,-0.06923092156648636
470,52000.0,-8.70875072479248,-4.508131504058838,-0.06923092156648636
471,52100.0,-8.798440933227539,-4.3300085067749015,-0.09396905452013016
472,52200.0,-8.798440933227539,-4.3300085067749015,-0.09396905452013016
473,52300.0,-9.257159233093262,-3.1551828384399414,0.7212536931037903
474,52400.0,-9.257159233093262,-3.1551828384399414,0.7212536931037903
475,52500.0,-9.325336456298828,-2.0833454132080083,2.2063891887664795
476,52600.0,-9.325336456298828,-2.0833454132080083,2.2063891887664795
477,52700.0,-9.205925941467283,-0.9430406093597412,3.24530291557312
478,52800.0,-8.328066825866701,-2.823338270187378,4.340790748596191
479,52900.0,-8.328066825866701,-2.823338270187378,4.340790748596191
480,53000.0,-7.753733158111572,-4.952169418334961,-3.3949990272521973
481,53100.0,-7.753733158111572,-4.952169418334961,-3.3949990272521973
482,53200.0,-8.775712966918945,-4.1964144706726065,-1.2439441680908203
483,53300.0,-8.775712966918945,-4.1964144706726065,-1.2439441680908203
484,53400.0,-8.621834754943848,-4.664846897125244,-0.2712559998035431
485,53500.0,-8.621834754943848,-4.664846897125244,-0.2712559998035431
486,53600.0,-8.569726943969728,-4.754992961883545,-0.3466857969760895
487,53700.0,-9.232163429260254,-3.2785286903381348,0.43449339270591736
488,53800.0,-9.232163429260254,-3.2785286903381348,0.43449339270591736
489,53900.0,-9.364691734313963,-2.359126567840576,1.705132246017456
490,54000.0,-9.364691734313963,-2.359126567840576,1.705132246017456
491,54100.0,-9.360034942626953,-1.174839735031128,2.6795341968536377
492,54200.0,-9.360034942626953,-1.174839735031128,2.6795341968536377
493,54300.0,-8.484074592590332,-3.847356557846069,3.0641016960144043
494,54400.0,-8.484074592590332,-3.847356557846069,3.0641016960144043
495,54500.0,-7.324430465698242,-4.912901878356934,-4.287948131561278
496,54600.0,-8.793642044067383,-4.330963611602783,-0.29149845242500305
497,54700.0,-8.793642044067383,-4.330963611602783,-0.29149845242500305
498,54800.0,-8.37551212310791,-4.986320972442627,-1.0760197639465332
499,54900.0,-8.37551212310791,-4.986320972442627,-1.0760197639465332
500,55000.0,-9.091378211975098,-3.664674043655396,0.2956213653087616
501,55100.0,-9.091378211975098,-3.664674043655396,0.2956213653087616
502,55200.0,-9.465341567993164,-2.0768260955810547,1.5048159360885618
503,55300.0,-9.465341567993164,-2.0768260955810547,1.5048159360885618
504,55400.0,-9.121855735778807,0.2706800997257233,3.5901093482971187
505,55500.0,-8.321182250976562,-4.63267707824707,2.338073492050171
506,55600.0,-8.321182250976562,-4.63267707824707,2.338073492050171
507,55700.0,-7.165054321289063,-6.5619001388549805,1.331851601600647
508,55800.0,-7.165054321289063,-6.5619001388549805,1.331851601600647
509,55900.0,-7.888183116912843,-4.113183498382568,-4.126579761505127
510,56000.0,-7.888183116912843,-4.113183498382568,-4.126579761505127
511,56100.0,-8.2200927734375,-4.401337623596191,-3.0378708839416504
512,56200.0,-8.2200927734375,-4.401337623596191,-3.0378708839416504
513,56300.0,-9.735711097717283,-1.0134041309356692,-0.5994023084640503
514,56400.0,-9.473822593688963,-2.2198445796966557,1.2203940153121948
515,56500.0,-9.473822593688963,-2.2198445796966557,1.2203940153121948
516,56600.0,-8.930684089660645,-3.717787504196167,1.6097548007965088
517,56700.0,-8.930684089660645,-3.717787504196167,1.6097548007965088
518,56800.0,-8.96969223022461,-3.8965015411376953,0.7295850515365601
519,56900.0,-8.96969223022461,-3.8965015411376953,0.7295850515365601
520,57000.0,-8.188089370727539,-5.373042106628418,0.5059704780578613
521,57100.0,-8.188089370727539,-5.373042106628418,0.5059704780578613
522,57200.0,-9.24959945678711,-3.2579317092895512,0.03456784039735794
523,57300.0,-8.014208793640138,-5.607329845428467,-0.7075839042663574
524,57400.0,-8.014208793640138,-5.607329845428467,-0.7075839042663574
525,57500.0,-9.722955703735352,-0.6419247388839722,-1.1056537628173828
526,57600.0,-9.722955703735352,-0.6419247388839722,-1.1056537628173828
527,57700.0,-9.40520477294922,1.9952222108840945,1.9317320585250852
528,57800.0,-9.40520477294922,1.9952222108840945,1.9317320585250852
529,57900.0,-6.222654342651367,-7.570659637451173,-0.3661315143108368
530,58000.0,-6.222654342651367,-7.570659637451173,-0.3661315143108368
531,58100.0,-4.600030422210693,-8.476077079772951,-1.779399037361145
532,58200.0,-7.7520856857299805,-5.7589287757873535,-1.7059572935104368
533,58300.0,-7.7520856857299805,-5.7589287757873535,-1.7059572935104368
534,58400.0,-7.532837867736816,-6.23130464553833,-0.7730354070663452
535,58500.0,-7.532837867736816,-6.23130464553833,-0.7730354070663452
536,58600.0,-9.505899429321287,-2.1154510974884038,-1.1546186208724976
537,58700.0,-9.505899429321287,-2.1154510974884038,-1.1546186208724976
538,58800.0,-9.528236389160156,-2.232174634933472,0.632863461971283
539,58900.0,-9.528236389160156,-2.232174634933472,0.632863461971283
540,59000.0,-9.350979804992676,-2.5236611366271973,1.5364503860473633
541,59100.0,-8.888568878173828,-3.9472332000732417,1.258195400238037
542,59200.0,-8.888568878173828,-3.9472332000732417,1.258195400238037
543,59300.0,-8.280457496643066,-5.207732200622559,-0.6956445574760437
544,59400.0,-8.280457496643066,-5.207732200622559,-0.6956445574760437
545,59500.0,-8.254651069641112,-4.807844161987305,-2.2171459197998047
546,59600.0,-8.254651069641112,-4.807844161987305,-2.2171459197998047
547,59700.0,-8.29051685333252,-4.623237133026123,-2.4624037742614746
548,59800.0,-8.29051685333252,-4.623237133026123,-2.4624037742614746
549,59900.0,-9.284893035888672,-3.093068838119507,0.6277227401733398
550,60000.0,-9.428593635559082,-2.5153882503509517,-0.9720157384872437
551,60100.0,-9.428593635559082,-2.5153882503509517,-0.9720157384872437
552,60200.0,-6.804645538330077,-7.008542537689209,0.8645933866500854
553,60300.0,-6.804645538330077,-7.008542537689209,0.8645933866500854
554,60400.0,-6.930296421051025,-6.549238204956055,-2.291044950485229
555,60500.0,-6.930296421051025,-6.549238204956055,-2.291044950485229
556,60600.0,-8.057869911193848,-5.40274715423584,-1.4322867393493652
557,60700.0,-8.057869911193848,-5.40274715423584,-1.4322867393493652
558,60800.0,-7.641837120056152,-6.058906078338622,-1.030710220336914
559,60900.0,-8.049092292785645,-5.55951738357544,-0.6886528730392456
560,61000.0,-8.049092292785645,-5.55951738357544,-0.6886528730392456
561,61100.0,-8.982654571533203,-3.690429210662842,1.3649303913116455
562,61200.0,-8.982654571533203,-3.690429210662842,1.3649303913116455
563,61300.0,-9.202211380004883,-1.6895736455917358,2.9385404586791988
564,61400.0,-9.202211380004883,-1.6895736455917358,2.9385404586791988
565,61500.0,-7.798654556274414,-4.979503631591797,3.248988389968872
566,61600.0,-7.798654556274414,-4.979503631591797,3.248988389968872
567,61700.0,-7.198448181152344,-5.717499732971191,-3.415099620819092
568,61800.0,-8.192170143127441,-5.276794910430908,-1.1018927097320557
569,61900.0,-8.192170143127441,-5.276794910430908,-1.1018927097320557
570,62000.0,-8.938578605651855,-3.946122646331787,-0.8368537425994873
571,62100.0,-8.938578605651855,-3.946122646331787,-0.8368537425994873
572,62200.0,-9.545137405395508,-2.246769905090332,0.11278445273637773
573,62300.0,-9.545137405395508,-2.246769905090332,0.11278445273637773
574,62400.0,-9.405011177062988,-0.8020461797714233,-2.659484624862671
575,62500.0,-9.405011177062988,-0.8020461797714233,-2.659484624862671
576,62600.0,-8.384716033935549,-4.972034931182861,-1.0703996419906616
577,62700.0,-6.21418571472168,-4.181695461273193,-6.3299055099487305
578,62800.0,-6.21418571472168,-4.181695461273193,-6.3299055099487305
579,62900.0,-9.132515907287598,-3.0975039005279537,-1.7812968492507937
580,63000.0,-9.132515907287598,-3.0975039005279537,-1.7812968492507937
581,63100.0,-6.3214168548583975,-7.271820545196532,-1.82502281665802
582,63200.0,-6.3214168548583975,-7.271820545196532,-1.82502281665802
583,63300.0,-9.460813522338867,0.044557098299264915,-2.5809712409973145
584,63400.0,-9.460813522338867,0.044557098299264915,-2.5809712409973145
585,63500.0,-9.542030334472656,-2.2620034217834477,-0.058038435876369476
586,63600.0,-9.25800609588623,-3.230788230895996,-0.1473921239376068
587,63700.0,-9.25800609588623,-3.230788230895996,-0.1473921239376068
588,63800.0,-9.130961418151855,-3.281101703643799,-1.4249035120010376
589,63900.0,-9.130961418151855,-3.281101703643799,-1.4249035120010376
590,64000.0,-8.404280662536621,-4.419960498809815,-2.4499752521514893
591,64100.0,-8.404280662536621,-4.419960498809815,-2.4499752521514893
592,64200.0,-7.588507652282715,-4.265580177307129,-4.515501022338867
593,64300.0,-7.588507652282715,-4.265580177307129,-4.515501022338867
594,64400.0,-5.490968227386475,-6.374674320220947,-5.038172721862793
595,64500.0,-9.49542236328125,-2.393768787384033,-0.5265230536460876
596,64600.0,-9.49542236328125,-2.393768787384033,-0.5265230536460876
597,64700.0,-9.770853996276855,0.8327053785324097,0.08601159602403641
598,64800.0,-9.770853996276855,0.8327053785324097,0.08601159602403641
599,64900.0,-8.337849617004395,4.1203975677490225,3.110142230987549
600,65000.0,-8.337849617004395,4.1203975677490225,3.110142230987549
601,65100.0,-8.478547096252441,-3.5918662548065186,3.373889446258545
602,65200.0,-8.478547096252441,-3.5918662548065186,3.373889446258545
603,65300.0,-7.848776340484619,-5.857954978942871,-0.5014479160308838
604,65400.0,-7.208308696746826,-6.307736396789551,-2.1031253337860107
605,65500.0,-7.208308696746826,-6.307736396789551,-2.1031253337860107
606,65600.0,-8.751682281494139,-4.3560791015625,-0.7765509486198425
607,65700.0,-8.751682281494139,-4.3560791015625,-0.7765509486198425
608,65800.0,-8.179537773132324,-5.395102500915527,-0.3980182111263275
609,65900.0,-8.179537773132324,-5.395102500915527,-0.3980182111263275
610,66000.0,-9.548538208007812,-2.1047124862670903,-0.7523285746574402
611,66100.0,-9.548538208007812,-2.1047124862670903,-0.7523285746574402
612,66200.0,-9.09225845336914,-3.3320903778076167,1.5486813783645632
613,66300.0,-9.09225845336914,-3.3320903778076167,1.5486813783645632
614,66400.0,-8.35302734375,-2.6683542728424072,4.390580654144287
615,66500.0,-9.242820739746094,-2.854702472686768,1.6097584962844849
616,66600.0,-9.242820739746094,-2.854702472686768,1.6097584962844849
617,66700.0,-8.103762626647951,-4.616147518157959,-3.0316007137298584
618,66800.0,-8.103762626647951,-4.616147518157959,-3.0316007137298584
619,66900.0,-8.594559669494629,-4.630644798278809,-0.927946925163269
620,67000.0,-8.594559669494629,-4.630644798278809,-0.927946925163269
621,67100.0,-8.982439994812012,-3.907863140106201,-0.4633981585502625
622,67200.0,-8.982439994812012,-3.907863140106201,-0.4633981585502625
623,67300.0,-9.580462455749512,-2.043424367904663,0.457805722951889
624,67400.0,-9.519248962402344,-2.26511549949646,0.650811493396759
625,67500.0,-9.519248962402344,-2.26511549949646,0.650811493396759
626,67600.0,-8.721477508544924,-4.232810497283936,1.4797118902206419
627,67700.0,-8.721477508544924,-4.232810497283936,1.4797118902206419
628,67800.0,-7.543776035308838,-5.603038311004639,-2.8049564361572266
629,67900.0,-7.543776035308838,-5.603038311004639,-2.8049564361572266
630,68000.0,-8.663483619689941,-4.589609622955322,-0.2234678417444229
631,68100.0,-8.663483619689941,-4.589609622955322,-0.2234678417444229
632,68200.0,-8.171324729919434,-5.385954856872559,-0.6255649924278259
633,68300.0,-8.88847541809082,-4.089171886444092,-0.6663695573806763
634,68400.0,-8.88847541809082,-4.089171886444092,-0.6663695573806763
635,68500.0,-8.815946578979492,-3.9486916065216064,1.6903603076934814
636,68600.0,-8.815946578979492,-3.9486916065216064,1.6903603076934814
637,68700.0,-9.127256393432617,-2.1711070537567143,2.8547945022583012
638,68800.0,-9.127256393432617,-2.1711070537567143,2.8547945022583012
639,68900.0,-7.756747722625732,-5.292438983917236,2.8272464275360107
640,69000.0,-7.756747722625732,-5.292438983917236,2.8272464275360107
641,69100.0,-6.6417293548583975,-5.8873467445373535,-4.170966625213623
642,69200.0,-8.083662986755371,-5.4832682609558105,-0.8709548711776733
643,69300.0,-8.083662986755371,-5.4832682609558105,-0.8709548711776733
644,69400.0,-8.121691703796388,-5.37385892868042,-1.153324842453003
645,69500.0,-8.121691703796388,-5.37385892868042,-1.153324842453003
646,69600.0,-9.32537078857422,-2.5046029090881348,1.7131330966949463
647,69700.0,-9.32537078857422,-2.5046029090881348,1.7131330966949463
648,69800.0,-9.719559669494627,0.6953074932098389,1.1032227277755735
649,69900.0,-9.719559669494627,0.6953074932098389,1.1032227277755735
650,70000.0,-7.405550479888916,-6.011757850646973,2.2774927616119385
651,70100.0,-5.6914167404174805,-7.677090167999268,2.2001020908355717
652,70200.0,-5.6914167404174805,-7.677090167999268,2.2001020908355717
653,70300.0,-7.194849491119385,-5.356897354125977,-3.9633495807647705
654,70400.0,-7.194849491119385,-5.356897354125977,-3.9633495807647705
655,70500.0,-7.77168607711792,-5.93057107925415,-0.7743238806724548
656,70600.0,-7.77168607711792,-5.93057107925415,-0.7743238806724548
657,70700.0,-9.288259506225586,-2.75126576423645,-1.5261633396148682
658,70800.0,-9.288259506225586,-2.75126576423645,-1.5261633396148682
659,70900.0,-9.207290649414064,-3.320863485336304,0.6066458225250244
660,71000.0,-8.780766487121582,-4.366127014160156,0.0739893689751625
661,71100.0,-8.780766487121582,-4.366127014160156,0.0739893689751625
662,71200.0,-9.068912506103516,-3.731608867645264,-0.017131386324763298
663,71300.0,-9.068912506103516,-3.731608867645264,-0.017131386324763298
664,71400.0,-9.697236061096193,-1.369578242301941,0.5081899166107178
665,71500.0,-9.697236061096193,-1.369578242301941,0.5081899166107178
666,71600.0,-2.712401866912842,-6.503970146179199,-6.819942951202393
667,71700.0,-2.712401866912842,-6.503970146179199,-6.819942951202393
668,71800.0,-6.21159553527832,-5.819334506988525,-4.870505809783936
669,71900.0,-9.533556938171387,-1.233509540557861,-1.939104676246643
670,72000.0,-9.533556938171387,-1.233509540557861,-1.939104676246643
671,72100.0,-9.72944450378418,-1.2080188989639282,-0.22136083245277405
672,72200.0,-9.72944450378418,-1.2080188989639282,-0.22136083245277405
673,72300.0,-9.209003448486328,-2.0305616855621342,2.690998315811157
674,72400.0,-9.209003448486328,-2.0305616855621342,2.690998315811157
675,72500.0,-8.423468589782715,-4.122047424316406,2.867802858352661
676,72600.0,-8.423468589782715,-4.122047424316406,2.867802858352661
677,72700.0,-8.72248649597168,-4.370189666748047,-0.9950168132781982
678,72800.0,-8.031472206115723,-5.147825717926025,-2.272824287414551
679,72900.0,-8.031472206115723,-5.147825717926025,-2.272824287414551
680,73000.0,-8.515705108642576,-4.657313823699951,-1.4009169340133667
681,73100.0,-8.515705108642576,-4.657313823699951,-1.4009169340133667
682,73200.0,-9.46036148071289,-2.5449814796447754,-0.4415840208530426
683,73300.0,-9.46036148071289,-2.5449814796447754,-0.4415840208530426
684,73400.0,-9.496465682983398,-2.362189054489136,0.6384220719337463
685,73500.0,-9.496465682983398,-2.362189054489136,0.6384220719337463
686,73600.0,-8.596776962280272,-4.300243377685547,1.942604899406433
687,73700.0,-6.710050106048584,-6.857511520385742,-2.0298216342926025
688,73800.0,-6.710050106048584,-6.857511520385742,-2.0298216342926025
689,73900.0,-8.346054077148438,-4.882762432098389,-1.634745955467224
690,74000.0,-8.346054077148438,-4.882762432098389,-1.634745955467224
691,74100.0,-8.24811840057373,-5.304494380950928,-0.03551975265145302
692,74200.0,-8.24811840057373,-5.304494380950928,-0.03551975265145302
693,74300.0,-8.263735771179201,-5.1670403480529785,-1.0875329971313477
694,74400.0,-8.263735771179201,-5.1670403480529785,-1.0875329971313477
695,74500.0,-9.088793754577637,-3.3220150470733643,1.590106725692749
696,74600.0,-9.5653076171875,-1.8478224277496336,1.122876524925232
697,74700.0,-9.5653076171875,-1.8478224277496336,1.122876524925232
698,74800.0,-6.421527862548827,-6.982402324676514,2.4860494136810303
699,74900.0,-6.421527862548827,-6.982402324676514,2.4860494136810303
700,75000.0,-7.026437759399414,-6.805346488952638,-0.6977025270462036
701,75100.0,-7.026437759399414,-6.805346488952638,-0.6977025270462036
702,75200.0,-6.845135688781737,-6.658348560333253,-2.2317960262298584
703,75300.0,-6.845135688781737,-6.658348560333253,-2.2317960262298584
704,75400.0,-6.137635231018066,-7.372573375701903,-2.035919189453125
705,75500.0,-6.67596960067749,-6.960482120513916,-1.7758071422576904
706,75600.0,-6.67596960067749,-6.960482120513916,-1.7758071422576904
707,75700.0,-8.100515365600586,-5.521302700042725,0.2593091726303101
708,75800.0,-8.100515365600586,-5.521302700042725,0.2593091726303101
709,75900.0,-8.195043563842772,-4.602887153625488,2.797333002090454
710,76000.0,-8.195043563842772,-4.602887153625488,2.797333002090454
711,76100.0,-9.259169578552246,-2.974393129348755,1.2614099979400637
712,76200.0,-9.259169578552246,-2.974393129348755,1.2614099979400637
713,76300.0,-8.307826995849611,-4.627081871032715,-2.3959364891052246
714,76400.0,-8.513391494750978,-4.651534080505371,-1.4337924718856812
715,76500.0,-8.513391494750978,-4.651534080505371,-1.4337924718856812
716,76600.0,-8.603615760803223,-4.704839706420898,-0.11269211769104005
717,76700.0,-8.603615760803223,-4.704839706420898,-0.11269211769104005
718,76800.0,-9.467191696166992,-2.4385550022125244,0.7720945477485657
719,76900.0,-9.467191696166992,-2.4385550022125244,0.7720945477485657
720,77000.0,-9.156961441040039,-2.178342342376709,2.7523207664489746
721,77100.0,-9.156961441040039,-2.178342342376709,2.7523207664489746
722,77200.0,-8.989428520202637,-1.5975494384765625,3.5788819789886475
723,77300.0,-8.389286994934082,-3.548056602478028,3.6333956718444815
724,77400.0,-8.389286994934082,-3.548056602478028,3.6333956718444815
725,77500.0,-8.219367980957031,-4.697284698486328,-2.558884859085083
726,77600.0,-8.219367980957031,-4.697284698486328,-2.558884859085083
727,77700.0,-8.584141731262207,-3.9826326370239262,-2.5732290744781494
728,77800.0,-8.584141731262207,-3.9826326370239262,-2.5732290744781494
729,77900.0,-8.627596855163574,-4.550367832183838,-1.014469861984253
730,78000.0,-8.627596855163574,-4.550367832183838,-1.014469861984253
731,78100.0,-8.087165832519531,-5.533886432647705,0.37975919246673584
732,78200.0,-9.544543266296387,-2.239088773727417,0.2419608980417252
733,78300.0,-9.544543266296387,-2.239088773727417,0.2419608980417252
734,78400.0,-9.64848804473877,0.3681624233722687,1.715087652206421
735,78500.0,-9.64848804473877,0.3681624233722687,1.715087652206421
736,78600.0,-7.3730316162109375,-6.429367542266847,0.687042236328125
737,78700.0,-7.3730316162109375,-6.429367542266847,0.687042236328125
738,78800.0,-7.476970195770264,-5.691753387451173,2.80521821975708
739,78900.0,-7.476970195770264,-5.691753387451173,2.80521821975708
740,79000.0,-7.723214626312256,-5.436941623687744,-2.638555765151977
741,79100.0,-8.703357696533201,-4.4586381912231445,-0.7365525364875793
742,79200.0,-8.703357696533201,-4.4586381912231445,-0.7365525364875793
743,79300.0,-9.734360694885254,-0.8719043731689453,-0.8077061772346497
744,79400.0,-9.734360694885254,-0.8719043731689453,-0.8077061772346497
745,79500.0,-9.712353706359863,-0.17096133530139926,1.3458551168441772
746,79600.0,-9.712353706359863,-0.17096133530139926,1.3458551168441772
747,79700.0,-9.18386936187744,-0.5059286952018738,3.4016120433807373
748,79800.0,-9.18386936187744,-0.5059286952018738,3.4016120433807373
749,79900.0,-8.836498260498047,-3.266818761825561,2.722970724105835
750,80000.0,-6.894517421722412,-6.973052978515625,-0.11212766915559767
751,80100.0,-6.894517421722412,-6.973052978515625,-0.11212766915559767
752,80200.0,-8.704668998718263,-4.426119804382324,-0.8992053866386414
753,80300.0,-8.704668998718263,-4.426119804382324,-0.8992053866386414
754,80400.0,-8.558825492858888,-4.656417369842528,-1.1111721992492676
755,80500.0,-8.558825492858888,-4.656417369842528,-1.1111721992492676
756,80600.0,-8.409978866577147,-4.978010654449463,-0.8136534690856934
757,80700.0,-8.409978866577147,-4.978010654449463,-0.8136534690856934
758,80800.0,-8.94709300994873,-3.9613330364227295,-0.6540265679359436
759,80900.0,-9.353549003601074,-2.928175687789917,-0.3275669515132904
760,81000.0,-9.353549003601074,-2.928175687789917,-0.3275669515132904
761,81100.0,-9.371657371520996,-1.6213459968566897,2.3903234004974365
762,81200.0,-9.371657371520996,-1.6213459968566897,2.3903234004974365
763,81300.0,-9.09702968597412,-1.053051233291626,3.5079221725463867
764,81400.0,-9.09702968597412,-1.053051233291626,3.5079221725463867
765,81500.0,-7.8619728088378915,-5.8612494468688965,0.07440145313739778
766,81600.0,-7.8619728088378915,-5.8612494468688965,0.07440145313739778
767,81700.0,-6.846255779266357,-7.01682710647583,-0.2515484094619751
768,81800.0,-8.094799995422362,-4.094230651855469,-3.7258391380310063
769,81900.0,-8.094799995422362,-4.094230651855469,-3.7258391380310063
770,82000.0,-8.813965797424316,-3.9258234500885014,-1.7528140544891355
771,82100.0,-8.813965797424316,-3.9258234500885014,-1.7528140544891355
772,82200.0,-8.905084609985352,-4.057865619659424,-0.6352887749671936
773,82300.0,-8.905084609985352,-4.057865619659424,-0.6352887749671936
774,82400.0,-8.938904762268066,-4.024098873138429,-0.2701157629489899
775,82500.0,-8.938904762268066,-4.024098873138429,-0.2701157629489899
776,82600.0,-9.118520736694336,-3.604447841644287,-0.17591537535190582
777,82700.0,-9.118520736694336,-3.604447841644287,-0.17591537535190582
778,82800.0,-9.305684089660645,-2.7255284786224365,1.4649661779403689
779,82900.0,-9.670451164245604,-1.482688546180725,0.6741004586219788
780,83000.0,-9.670451164245604,-1.482688546180725,0.6741004586219788
781,83100.0,-9.58493423461914,-0.7930077314376831,1.9158751964569087
782,83200.0,-9.58493423461914,-0.7930077314376831,1.9158751964569087
783,83300.0,-9.07410717010498,-2.2820508480072017,2.936531543731689
784,83400.0,-9.07410717010498,-2.2820508480072017,2.936531543731689
785,83500.0,-7.582551002502441,-4.912366390228272,-3.8136615753173833
786,83600.0,-8.880834579467773,-3.9115052223205566,-1.414673924446106
787,83700.0,-8.880834579467773,-3.9115052223205566,-1.414673924446106
788,83800.0,-9.011252403259276,-3.737419843673706,-0.9997025728225708
789,83900.0,-9.011252403259276,-3.737419843673706,-0.9997025728225708
790,84000.0,-8.781841278076174,-4.339558124542236,-0.4667840003967285
791,84100.0,-8.781841278076174,-4.339558124542236,-0.4667840003967285
792,84200.0,-8.894695281982422,-4.1078972816467285,-0.4242120981216431
793,84300.0,-8.894695281982422,-4.1078972816467285,-0.4242120981216431
794,84400.0,-8.99587345123291,-3.885829925537109,0.3807312548160553
795,84500.0,-9.184391975402832,-3.2091464996337886,1.232367992401123
796,84600.0,-9.184391975402832,-3.2091464996337886,1.232367992401123
797,84700.0,-9.568387031555176,-1.8786826133728027,1.0425533056259155
798,84800.0,-9.568387031555176,-1.8786826133728027,1.0425533056259155
799,84900.0,-9.453119277954102,-1.198213815689087,2.318018674850464
800,85000.0,-9.453119277954102,-1.198213815689087,2.318018674850464
801,85100.0,-9.289780616760254,-1.870286583900452,2.5243594646453857
802,85200.0,-9.289780616760254,-1.870286583900452,2.5243594646453857
803,85300.0,-9.07715892791748,-3.5495924949646,1.0844202041625977
804,85400.0,-8.742766380310059,-4.442015647888184,-0.05415419861674309
805,85500.0,-8.742766380310059,-4.442015647888184,-0.05415419861674309
806,85600.0,-8.613561630249022,-4.503753662109375,-1.301210641860962
807,85700.0,-8.613561630249022,-4.503753662109375,-1.301210641860962
808,85800.0,-8.368552207946777,-4.906809329986572,-1.4356038570404053
809,85900.0,-8.368552207946777,-4.906809329986572,-1.4356038570404053
810,86000.0,-8.180325508117676,-5.244599342346191,-1.3216700553894043
811,86100.0,-8.180325508117676,-5.244599342346191,-1.3216700553894043
812,86200.0,-8.438577651977539,-4.945521354675293,-0.7089619636535645
813,86300.0,-8.76526927947998,-4.227409362792969,1.2122066020965576
814,86400.0,-8.76526927947998,-4.227409362792969,1.2122066020965576
815,86500.0,-9.339599609375,-1.4420626163482666,2.6196775436401367
816,86600.0,-9.339599609375,-1.4420626163482666,2.6196775436401367
817,86700.0,-8.800494194030762,-1.781078577041626,3.9432799816131587
818,86800.0,-8.800494194030762,-1.781078577041626,3.9432799816131587
819,86900.0,-8.80758285522461,-2.727231025695801,3.340522289276123
820,87000.0,-8.80758285522461,-2.727231025695801,3.340522289276123
821,87100.0,-8.402647972106934,-3.86066484451294,3.2651405334472656
822,87200.0,-8.402647972106934,-3.86066484451294,3.2651405334472656
823,87300.0,-8.659367561340332,-4.298063278198241,1.6469272375106812
824,87400.0,-8.28791332244873,-4.527912616729736,2.6417555809021
825,87500.0,-8.28791332244873,-4.527912616729736,2.6417555809021
826,87600.0,-8.139508247375487,-4.9041948318481445,2.422329425811768
827,87700.0,-8.139508247375487,-4.9041948318481445,2.422329425811768
828,87800.0,-8.494820594787598,-4.364121913909912,2.2277402877807617
829,87900.0,-8.494820594787598,-4.364121913909912,2.2277402877807617
830,88000.0,-8.863677978515625,-2.042986392974853,3.6649446487426762
831,88100.0,-8.863677978515625,-2.042986392974853,3.6649446487426762
832,88200.0,-9.39095973968506,1.5753531455993652,2.344892978668213
833,88300.0,-8.650731086730957,2.2282934188842773,4.045977115631104
834,88400.0,-8.650731086730957,2.2282934188842773,4.045977115631104
835,88500.0,-8.98104476928711,-0.3920060992240906,3.918869733810425
836,88600.0,-8.98104476928711,-0.3920060992240906,3.918869733810425
837,88700.0,-9.245305061340332,-2.830888032913208,1.6373097896575928
838,88800.0,-9.245305061340332,-2.830888032913208,1.6373097896575928
839,88900.0,-9.624431610107422,-1.878791570663452,-0.1040191799402237
840,89000.0,-9.624431610107422,-1.878791570663452,-0.1040191799402237
841,89100.0,-8.737185478210451,-3.4967741966247563,-2.7576401233673096
842,89200.0,-9.423588752746582,-0.7380574345588684,-2.6118268966674805
843,89300.0,-9.423588752746582,-0.7380574345588684,-2.6118268966674805
844,89400.0,-9.691964149475098,0.29423099756240845,-1.466166377067566
845,89500.0,-9.691964149475098,0.29423099756240845,-1.466166377067566
846,89600.0,-9.7035493850708,-1.1401735544204712,0.8435200452804565
847,89700.0,-9.7035493850708,-1.1401735544204712,0.8435200452804565
848,89800.0,-8.087417602539062,-5.546012878417969,-0.0763113796710968
849,89900.0,-8.087417602539062,-5.546012878417969,-0.0763113796710968
850,90000.0,-7.381706237792969,-5.968048572540282,-2.4623563289642334
851,90100.0,-8.595211982727049,-2.6807656288146973,3.886671781539917
852,90200.0,-8.595211982727049,-2.6807656288146973,3.886671781539917
853,90300.0,-8.097333908081055,-5.3021159172058105,-1.5783408880233765
854,90400.0,-8.097333908081055,-5.3021159172058105,-1.5783408880233765
855,90500.0,-9.591264724731444,-1.92927360534668,-0.6752327084541321
856,90600.0,-9.591264724731444,-1.92927360534668,-0.6752327084541321
857,90700.0,-9.699735641479492,-1.37946617603302,-0.4273276031017304
858,90800.0,-9.699735641479492,-1.37946617603302,-0.4273276031017304
859,90900.0,-9.084672927856444,-3.288034677505493,1.6816439628601074
860,91000.0,-8.307482719421388,-5.070321083068848,1.2033185958862305
861,91100.0,-8.307482719421388,-5.070321083068848,1.2033185958862305
862,91200.0,-6.785381317138673,-7.047996520996094,0.674324631690979
863,91300.0,-6.785381317138673,-7.047996520996094,0.674324631690979
864,91400.0,-6.1365909576416025,-7.644853591918945,-0.2624415755271912
865,91500.0,-6.1365909576416025,-7.644853591918945,-0.2624415755271912
866,91600.0,-5.508802890777588,-7.647629261016847,-2.708740472793579
867,91700.0,-5.508802890777588,-7.647629261016847,-2.708740472793579
868,91800.0,-5.252904415130615,-7.6423420906066895,-3.18935489654541
869,91900.0,-5.157898426055908,-7.874293327331543,-2.7499065399169917
870,92000.0,-5.157898426055908,-7.874293327331543,-2.7499065399169917
871,92100.0,-5.733680725097656,-7.573654174804687,-2.436198234558105
872,92200.0,-5.733680725097656,-7.573654174804687,-2.436198234558105
873,92300.0,-7.419405460357666,-6.3758487701416025,-0.6865662932395935
874,92400.0,-7.419405460357666,-6.3758487701416025,-0.6865662932395935
875,92500.0,-8.358777046203612,-4.86916971206665,1.6100921630859375
876,92600.0,-8.358777046203612,-4.86916971206665,1.6100921630859375
877,92700.0,-7.980647087097168,-4.864591121673584,2.96907377243042
878,92800.0,-7.8158278465271,-5.611466884613037,1.8959596157073972
879,92900.0,-7.8158278465271,-5.611466884613037,1.8959596157073972
880,93000.0,-7.4595046043396,-6.365574359893799,-0.07500965148210527
881,93100.0,-7.4595046043396,-6.365574359893799,-0.07500965148210527
882,93200.0,-7.37092399597168,-6.427978992462157,-0.7217661738395691
883,93300.0,-7.37092399597168,-6.427978992462157,-0.7217661738395691
884,93400.0,-7.062901973724365,-6.756082534790039,-0.8007112741470337
885,93500.0,-7.062901973724365,-6.756082534790039,-0.8007112741470337
886,93600.0,-6.754620552062987,-7.032395839691162,-1.044453263282776
887,93700.0,-6.62985897064209,-7.212738513946532,-0.4379144608974457
888,93800.0,-6.62985897064209,-7.212738513946532,-0.4379144608974457
889,93900.0,-7.808290004730225,-5.869347095489503,0.86705082654953
890,94000.0,-7.808290004730225,-5.869347095489503,0.86705082654953
891,94100.0,-8.496678352355957,-4.2658305168151855,2.4040701389312744
892,94200.0,-8.496678352355957,-4.2658305168151855,2.4040701389312744
893,94300.0,-8.633713722229004,-2.6584548950195317,3.816017866134644
894,94400.0,-8.633713722229004,-2.6584548950195317,3.816017866134644
895,94500.0,-7.979811191558838,-3.21189546585083,4.7092156410217285
896,94600.0,-7.695457458496094,-5.0695109367370605,3.3541605472564697
897,94700.0,-7.695457458496094,-5.0695109367370605,3.3541605472564697
898,94800.0,-7.422485828399657,-5.913825988769531,2.470574855804444
899,94900.0,-7.422485828399657,-5.913825988769531,2.470574855804444
900,95000.0,-7.735945701599121,-5.851991176605225,1.4421240091323853
901,95100.0,-7.735945701599121,-5.851991176605225,1.4421240091323853
902,95200.0,-7.445909023284912,-6.3184871673583975,0.8975158333778381
903,95300.0,-7.445909023284912,-6.3184871673583975,0.8975158333778381
904,95400.0,-7.309557437896728,-6.485312461853027,0.825509786605835
905,95500.0,-7.397439479827881,-6.260904312133789,1.4997925758361816
906,95600.0,-7.397439479827881,-6.260904312133789,1.4997925758361816
907,95700.0,-8.363863945007324,-4.361584663391113,2.681929349899292
908,95800.0,-8.363863945007324,-4.361584663391113,2.681929349899292
909,95900.0,-8.380017280578612,-3.0202314853668213,4.101694583892821
910,96000.0,-8.380017280578612,-3.0202314853668213,4.101694583892821
911,96100.0,-8.055451393127441,-1.2800617218017578,5.444403171539307
912,96200.0,-8.055451393127441,-1.2800617218017578,5.444403171539307
913,96300.0,-7.137369155883789,-2.1216721534729004,6.381758689880371
914,96400.0,-7.077342033386231,-4.236427307128906,5.304179191589356
915,96500.0,-7.077342033386231,-4.236427307128906,5.304179191589356
916,96600.0,-7.473836898803711,-5.465013980865479,3.23199462890625
917,96700.0,-7.473836898803711,-5.465013980865479,3.23199462890625
918,96800.0,-7.3976173400878915,-5.795413017272949,2.803363561630249
919,96900.0,-7.3976173400878915,-5.795413017272949,2.803363561630249
920,97000.0,-7.367672920227051,-5.804078578948975,2.863646507263184
921,97100.0,-7.367672920227051,-5.804078578948975,2.863646507263184
922,97200.0,-7.282475471496582,-5.952625274658202,2.77527928352356
923,97300.0,-7.637460231781006,-5.676052570343018,2.3710830211639404
924,97400.0,-7.637460231781006,-5.676052570343018,2.3710830211639404
925,97500.0,-8.015924453735353,-3.5759198665618896,4.373571872711182
926,97600.0,-8.015924453735353,-3.5759198665618896,4.373571872711182
927,97700.0,-8.548357009887695,-1.525324463844299,4.557342529296875
928,97800.0,-8.548357009887695,-1.525324463844299,4.557342529296875
929,97900.0,-8.188930511474611,-1.1947791576385498,5.261588096618652
930,98000.0,-8.188930511474611,-1.1947791576385498,5.261588096618652
931,98100.0,-7.847571849822997,-2.468004941940308,5.338066577911377
932,98200.0,-8.615938186645508,-3.625850200653076,2.9646575450897217
933,98300.0,-8.615938186645508,-3.625850200653076,2.9646575450897217
934,98400.0,-8.862812042236328,-3.991589546203613,1.2992857694625854
935,98500.0,-8.862812042236328,-3.991589546203613,1.2992857694625854
936,98600.0,-9.056123733520508,-3.69033145904541,0.7337877750396729
937,98700.0,-9.056123733520508,-3.69033145904541,0.7337877750396729
938,98800.0,-9.082279205322266,-3.6692535877227774,0.4681681394577026
939,98900.0,-9.082279205322266,-3.6692535877227774,0.4681681394577026
940,99000.0,-8.767218589782715,-4.2202205657958975,1.223116159439087
941,99100.0,-9.740580558776855,-0.4413160681724548,1.047256350517273
942,99200.0,-9.740580558776855,-0.4413160681724548,1.047256350517273
943,99300.0,-9.59267807006836,1.360708475112915,1.5163725614547732
944,99400.0,-9.59267807006836,1.360708475112915,1.5163725614547732
945,99500.0,-9.570575714111328,0.06276742368936539,2.1378719806671143
946,99600.0,-9.570575714111328,0.06276742368936539,2.1378719806671143
947,99700.0,-9.681256294250488,-0.17975597083568573,1.5528484582901
948,99800.0,-9.681256294250488,-0.17975597083568573,1.5528484582901
949,99900.0,-8.17255973815918,-5.211182594299316,-1.491040587425232
950,100000.0,-9.227458953857422,-3.2705671787261963,-0.5725187659263611
951,100100.0,-9.227458953857422,-3.2705671787261963,-0.5725187659263611
952,100200.0,-8.153584480285645,-4.3133907318115225,-3.3292829990386963
953,100300.0,-8.153584480285645,-4.3133907318115225,-3.3292829990386963
954,100400.0,-8.784830093383789,-1.9069424867630005,-3.919277191162109
955,100500.0,-8.784830093383789,-1.9069424867630005,-3.919277191162109
956,100600.0,-9.70433235168457,0.13876140117645264,1.4060872793197632
957,100700.0,-9.70433235168457,0.13876140117645264,1.4060872793197632
958,100800.0,-9.132686614990234,-3.513322114944458,0.6488298177719116
959,100900.0,-7.167062759399414,-6.546590805053711,-1.3948978185653689
960,101000.0,-7.167062759399414,-6.546590805053711,-1.3948978185653689
961,101100.0,-7.477672100067139,-5.952012538909912,-2.1973509788513184
962,101200.0,-7.477672100067139,-5.952012538909912,-2.1973509788513184
963,101300.0,-8.625934600830076,-3.8554837703704834,-2.6265673637390137
964,101400.0,-8.625934600830076,-3.8554837703704834,-2.6265673637390137
965,101500.0,-8.786425590515138,-4.137287616729736,-1.3608791828155518
966,101600.0,-8.786425590515138,-4.137287616729736,-1.3608791828155518
967,101700.0,-8.895956039428711,-4.030594825744629,-0.8869301676750183
968,101800.0,-9.017796516418457,-3.7618277072906494,-0.8356932997703552
969,101900.0,-9.017796516418457,-3.7618277072906494,-0.8356932997703552
970,102000.0,-9.455808639526367,-2.3490653038024902,1.1135387420654297
971,102100.0,-9.455808639526367,-2.3490653038024902,1.1135387420654297
972,102200.0,-9.629117012023926,-0.22405806183815,1.8439860343933103
973,102300.0,-9.629117012023926,-0.22405806183815,1.8439860343933103
974,102400.0,-9.33641242980957,0.28148558735847473,2.987067699432373
975,102500.0,-9.33641242980957,0.28148558735847473,2.987067699432373
976,102600.0,-9.344914436340332,-1.305822253227234,2.671661853790283
977,102700.0,-9.403263092041016,-2.701667308807373,0.6708592772483826
978,102800.0,-9.403263092041016,-2.701667308807373,0.6708592772483826
979,102900.0,-9.27617359161377,-3.167688369750977,-0.2979126870632172
980,103000.0,-9.27617359161377,-3.167688369750977,-0.2979126870632172
981,103100.0,-9.136309623718262,-3.2002680301666264,-1.567320704460144
982,103200.0,-9.136309623718262,-3.2002680301666264,-1.567320704460144
983,103300.0,-8.995562553405762,-3.559111833572388,-1.6071652173995972
984,103400.0,-8.995562553405762,-3.559111833572388,-1.6071652173995972
985,103500.0,-8.877338409423828,-3.896616697311402,-1.476353883743286
986,103600.0,-9.31994915008545,-2.968636274337769,-0.7043483257293701
987,103700.0,-9.31994915008545,-2.968636274337769,-0.7043483257293701
988,103800.0,-9.691116333007812,-1.3873896598815918,0.5725427269935608
989,103900.0,-9.691116333007812,-1.3873896598815918,0.5725427269935608
990,104000.0,-9.3966646194458,0.9919903874397278,2.624698638916016
991,104100.0,-9.3966646194458,0.9919903874397278,2.624698638916016
992,104200.0,-8.91845703125,0.3626008629798889,4.062023162841797
993,104300.0,-8.91845703125,0.3626008629798889,4.062023162841797
994,104400.0,-9.12806224822998,-0.8322457671165466,3.4865796566009517
995,104500.0,-8.489323616027832,-4.859080314636231,0.7007979154586792
996,104600.0,-8.489323616027832,-4.859080314636231,0.7007979154586792
997,104700.0,-8.938477516174316,-4.012432098388672,-0.4176584184169769
998,104800.0,-8.938477516174316,-4.012432098388672,-0.4176584184169769
999,104900.0,-8.901541709899902,-4.0688815116882315,-0.6141320466995239
1000,105000.0,-8.901541709899902,-4.0688815116882315,-0.6141320466995239
1001,105100.0,-8.75376033782959,-4.388914108276366,-0.5286650061607361
1002,105200.0,-8.75376033782959,-4.388914108276366,-0.5286650061607361
1003,105300.0,-8.907973289489746,-4.098152160644531,-0.15339256823062894
1004,105400.0,-9.334931373596193,-2.851834774017334,0.9468342661857604
1005,105500.0,-9.334931373596193,-2.851834774017334,0.9468342661857604
1006,105600.0,-9.60353946685791,-1.9811469316482544,-0.1320832371711731
1007,105700.0,-9.60353946685791,-1.9811469316482544,-0.1320832371711731
1008,105800.0,-9.69695281982422,-1.3915262222290041,0.4507102370262146
1009,105900.0,-9.69695281982422,-1.3915262222290041,0.4507102370262146
1010,106000.0,-9.28818416595459,-3.062067747116089,0.7237316370010376
1011,106100.0,-9.28818416595459,-3.062067747116089,0.7237316370010376
1012,106200.0,-8.29712963104248,-4.607217788696289,-2.470144033432007
1013,106300.0,-8.959921836853027,-3.821842670440674,-1.132991075515747
1014,106400.0,-8.959921836853027,-3.821842670440674,-1.132991075515747
1015,106500.0,-8.659762382507324,-4.509730339050293,-0.9171814918518066
1016,106600.0,-8.659762382507324,-4.509730339050293,-0.9171814918518066
1017,106700.0,-8.60666561126709,-4.683715343475342,-0.39814358949661255
1018,106800.0,-8.60666561126709,-4.683715343475342,-0.39814358949661255
1019,106900.0,-9.104223251342773,-3.6389238834381104,-0.20433540642261505
1020,107000.0,-9.104223251342773,-3.6389238834381104,-0.20433540642261505
1021,107100.0,-9.356680870056152,-2.674368381500244,1.2127171754837036
1022,107200.0,-9.57990837097168,-2.088446140289306,0.18473464250564572
1023,107300.0,-9.57990837097168,-2.088446140289306,0.18473464250564572
1024,107400.0,-9.573805809020996,-1.7920266389846802,1.1407450437545776
1025,107500.0,-9.573805809020996,-1.7920266389846802,1.1407450437545776
1026,107600.0,-8.909931182861328,-3.8096532821655273,1.506675362586975
1027,107700.0,-8.909931182861328,-3.8096532821655273,1.506675362586975
1028,107800.0,-7.641529560089111,-4.472027778625488,-4.2164387702941895
1029,107900.0,-7.641529560089111,-4.472027778625488,-4.2164387702941895
1030,108000.0,-8.740283012390138,-4.41742467880249,-0.5139718651771545
1031,108100.0,-8.788743019104004,-4.072490215301514,-1.5307629108428955
1032,108200.0,-8.788743019104004,-4.072490215301514,-1.5307629108428955
1033,108300.0,-8.627664566040039,-4.611111640930176,-0.6866133213043213
1034,108400.0,-8.627664566040039,-4.611111640930176,-0.6866133213043213
1035,108500.0,-8.835835456848145,-4.203080177307129,-0.6576327085494995
1036,108600.0,-8.835835456848145,-4.203080177307129,-0.6576327085494995
1037,108700.0,-9.394421577453613,-2.812083959579468,0.08614829927682878
1038,108800.0,-9.394421577453613,-2.812083959579468,0.08614829927682878
1039,108900.0,-9.635697364807127,-1.45431649684906,1.0994161367416382
1040,109000.0,-9.38056468963623,-1.01727294921875,2.672181844711304
1041,109100.0,-9.38056468963623,-1.01727294921875,2.672181844711304
1042,109200.0,-7.82775354385376,-5.897644996643066,0.3382996618747711
1043,109300.0,-7.82775354385376,-5.897644996643066,0.3382996618747711
1044,109400.0,-8.90390396118164,-4.108015060424806,0.12285013496875764
1045,109500.0,-8.90390396118164,-4.108015060424806,0.12285013496875764
1046,109600.0,-7.518660545349121,-4.570565223693848,-4.330132961273193
1047,109700.0,-7.518660545349121,-4.570565223693848,-4.330132961273193
1048,109800.0,-8.267287254333496,-4.586471557617188,-2.605122327804565
1049,109900.0,-8.267287254333496,-4.586471557617188,-2.605122327804565
1050,110000.0,-8.807943344116211,-2.737910032272339,-3.3308205604553223
1051,110100.0,-9.504440307617188,-1.6860601902008057,1.7300869226455688
1052,110200.0,-9.504440307617188,-1.6860601902008057,1.7300869226455688
1053,110300.0,-9.597901344299316,-1.4134669303894043,1.4327422380447388
1054,110400.0,-9.597901344299316,-1.4134669303894043,1.4327422380447388
1055,110500.0,-9.554621696472168,-2.0925557613372803,0.707656979560852
1056,110600.0,-9.554621696472168,-2.0925557613372803,0.707656979560852
1057,110700.0,-8.447003364562987,-4.857363700866699,-1.1066023111343384
1058,110800.0,-9.15241527557373,-2.7939224243164062,2.1442229747772217
1059,110900.0,-9.15241527557373,-2.7939224243164062,2.1442229747772217
1060,111000.0,-8.238912582397461,-5.117946147918701,-1.4482111930847168
1061,111100.0,-8.238912582397461,-5.117946147918701,-1.4482111930847168
1062,111200.0,-9.628559112548828,-1.7593997716903689,-0.6047633290290833
1063,111300.0,-9.628559112548828,-1.7593997716903689,-0.6047633290290833
1064,111400.0,-9.662213325500488,-1.5416008234024048,0.6599164605140686
1065,111500.0,-9.662213325500488,-1.5416008234024048,0.6599164605140686
1066,111600.0,-9.2693510055542,-2.922130584716797,1.307931423187256
1067,111700.0,-9.2693510055542,-2.922130584716797,1.307931423187256
1068,111800.0,-8.026410102844237,-5.317094802856445,1.8643089532852173
1069,111900.0,-7.188930988311768,-6.533034324645996,-1.3450326919555664
1070,112000.0,-7.188930988311768,-6.533034324645996,-1.3450326919555664
1071,112100.0,-5.955605983734131,-7.2625670433044425,-2.820685148239136
1072,112200.0,-5.955605983734131,-7.2625670433044425,-2.820685148239136
1073,112300.0,-5.736709117889403,-6.873042106628418,-4.002731323242188
1074,112400.0,-5.736709117889403,-6.873042106628418,-4.002731323242188
1075,112500.0,-5.893465518951416,-7.037693977355957,-3.4508402347564697
1076,112600.0,-5.893465518951416,-7.037693977355957,-3.4508402347564697
1077,112700.0,-6.19087028503418,-7.082591533660889,-2.7713499069213867
1078,112800.0,-6.665302276611327,-6.766364574432372,-2.44140362739563
1079,112900.0,-6.665302276611327,-6.766364574432372,-2.44140362739563
1080,113000.0,-8.120759963989258,-5.412943840026856,-0.9610773324966432
