,sw_mean_ax,sw_mean_ay,sw_mean_az,sw_mean_acc_magnitude,sw_var_ax,sw_var_ay,sw_var_az,sw_var_acc_magnitude,sw_cov_a_xy,sw_cov_a_xz,sw_cov_a_yz,sw_cov_a_xmag,sw_cov_a_ymag,sw_cov_a_zmag,sw_energy_ax,sw_energy_ay,sw_energy_az,sw_energy_acc_magnitude,sw_entropy_ax,sw_entropy_ay,sw_entropy_az,sw_entropy_acc_magnitude
0,8.830233526229858,2.100778615474701,-2.171845418214798,9.371606616149847,1.871195379706619,0.5024867945510878,0.19603865099123774,1.8078227955085808,0.25777022493315876,-0.1247627714464815,0.1432726666320338,1.836280604639409,0.26123558184253054,-0.14373761839510343,2.368523425754748,1.7659879215560756,1.3284891956826668,2.3502999200431085,2.8324171840891648,2.9259484715559334,2.793232560567166,2.8345475967397866
1,9.170732140541077,1.7502301692962647,-1.9806589007377624,9.635923734110673,2.229824409169106,1.4910846786785112,0.33947556395741674,2.2052447681653873,0.7061785566236214,-0.08212857289222435,0.5040549149281914,2.214240602292368,0.712693606733364,-0.09764367299849223,2.4326825763750803,2.0474912264971965,1.409929173492079,2.4192341767833083,2.8084716473994007,2.6407978372739636,2.6234470365971143,2.801409338131943
2,9.477970361709595,1.7182859942317008,-1.8721444368362428,9.893097222004137,4.087823186887062,1.5018786367776535,0.29863308330325766,4.2209465740934995,1.2739221795687588,-0.29189855940746573,0.37917717403688805,4.149753451880755,1.3157193446984186,-0.30614614793566497,2.697350589820559,2.0066672404249815,1.341168087601007,2.728110897544408,2.683271146278123,2.5673020805901015,2.6155093900825443,2.6890414115214982
3,9.432985281944275,1.9490737184882163,-1.7880367398262025,9.860234442205932,5.13793384785098,0.8801124800092907,0.4289010463977998,5.134265076555924,1.215638239593736,-0.10052560177212007,0.25792554470794726,5.12789193757005,1.2293117120365464,-0.157594975628759,2.835181111291145,1.8698544411633011,1.5511390245365484,2.861465568603399,2.7103525296447857,2.7201795022286817,2.7126189558292073,2.7300042995322085
4,9.110432934761047,1.7757137097418307,-1.7138592094182967,9.533964656992355,5.717332047006813,0.7728492996273942,0.6797214953390249,5.268827838470516,0.0745258362211426,-0.03913322089796273,0.1767229355622569,5.4703133043477745,0.13194092735979288,-0.15726533621725652,2.982839024977019,1.8314149369964834,1.7292054009190314,2.927386827662058,2.7454832912057903,2.7231549701997038,2.6693412739595925,2.741427625517227
5,9.19824950695038,1.6572689928114415,-1.6554743193089962,9.618071012196925,5.396987438124866,1.109594466289806,0.9529780459243258,4.920233353366198,0.21525605057108632,0.47111769795321795,0.3656609778750218,5.1332481277359046,0.31954906989510073,0.34865717393827583,2.874496997868746,1.9752398494309606,1.8763966924587696,2.826547029703297,2.6797732314293463,2.7557132936069837,2.6869772736917485,2.69081509912205
6,9.157571363449097,1.2734602391719818,-1.8721444062888621,9.719901258223599,2.391163063945893,4.3138257560845314,1.3373605911594553,2.2647267436076732,0.48834816032483136,0.8520265103177307,1.988402537848476,2.24947508520373,-0.19708044193670976,0.5185104772282301,2.2433370481421244,2.824920837488814,2.0713931542927804,2.1411749496577057,2.605734126161407,2.761672151308028,2.709374827334218,2.510150945748874
7,9.089854288101197,1.5865610718727112,-1.897747629880905,9.665784077986872,1.541392826637042,4.119231754258221,0.862044526164898,1.5928704103735054,-0.13337801523015727,-0.13137011473357135,1.6664687658534,1.4952448728102594,-0.8457060854650887,-0.4083244710429937,2.2205554471193905,2.8357019541793096,1.8525927089877776,2.21837016759169,2.820192627835417,2.7838554328369445,2.697189893522177,2.7955375760195276
8,9.471031045913696,1.958046740293503,-1.621735543757677,9.860219251786386,0.6369385378812528,0.28217088009529256,0.7655391807849782,0.5693629044701111,-0.13687102428254166,0.006141220430436067,0.09309326185650368,0.5912704387953341,-0.10511268735475533,-0.09866776946317005,1.7939610218755349,1.3970442906415332,1.8288687223468074,1.7562105663078447,2.8232602479959072,2.7106299462942607,2.773293781022732,2.838839244182641
9,9.719645643234253,1.7779868125915528,-1.255394385010004,10.003783360847233,0.20355389932327062,0.12244313635646456,0.7560680610908537,0.16951990407878217,-0.10586752850574598,0.03261768372061804,0.0517162157941319,0.17667236090249763,-0.09478843620314381,-0.07484039320203789,1.3845954172805468,1.1892817997935616,1.8155470340981557,1.3112543503174021,2.8915686999576535,2.8127508132450028,2.7668896981228324,2.8649531791981
10,9.33679404258728,1.981855297088623,-0.9974480852484703,9.63293835881098,0.2998624165065151,0.24209634226318985,0.47555521408997664,0.28580309960221983,-0.08495460542496003,-0.15387420508491054,-0.08207548585915987,0.28247342815023946,-0.021474775578603604,-0.2117889345195027,1.418647192936376,1.3542682533006354,1.611480136091342,1.4154549497411848,2.736472191950783,2.7305623523643736,2.7640723229033015,2.7591968386168713
11,9.261659288406372,1.9270596504211426,-1.2954741463065147,9.599461632238903,0.20780219536250094,0.2193647574428775,0.821591866625891,0.21768650967029804,-0.023262226799033798,-0.11672510177756222,-0.004691417717289072,0.20103611160383603,0.02136068477742897,-0.21637846643141478,1.35864079611787,1.3032777140161425,1.8951687269922803,1.3514867373356847,2.8199876202987295,2.682481735230695,2.8104572347281405,2.759936551830071
12,9.472467231750489,1.7204393960535527,-1.2647263951599599,9.759139115819668,1.7003891279971872,0.5497262232359217,0.6165594068570267,1.8627629104824712,0.6236692107705736,-0.28586063445184773,-0.06085616751160234,1.7707448234513854,0.6919568578448893,-0.3758008622135488,2.262402034671433,1.6896510139749141,1.7356589176572257,2.315221776626851,2.794045222970994,2.782284021014813,2.7753456878115528,2.7999742611981624
13,9.333683490753174,1.902772531658411,-1.1990434385836124,9.645813547152006,2.677738243874644,0.7196792861406399,0.34070931942286,2.826734211523762,0.8547896383782837,-0.10515350288653265,-0.05974618970768745,2.7406655146353622,0.953425027188294,-0.1584141328619771,2.5396253640172923,1.8546625132635624,1.394084494011667,2.589093067731087,2.817162094632406,2.8353999862529817,2.610474094767526,2.829290379589336
14,9.825647592544556,2.0913269847631453,-1.4524433195590973,10.210725916011565,4.846445764691009,1.0851494319905608,0.19404719297551062,4.828449794601,0.9865291602740893,0.0670864990531166,0.28455084539074105,4.828509336616036,1.0861382013562695,0.08619283229011306,2.7761641742663663,2.0431573971642316,1.2873873956582904,2.77561577504237,2.672767980968614,2.8214235391848064,2.745720063839751,2.6774135331306903
15,9.35306510925293,1.9410576894879341,-1.7559728264808654,9.79421705567874,8.904599010488868,1.601240388793276,0.22391452321286032,9.050053633479884,2.3207365138612897,-0.07881826116260778,0.195352069110911,8.966821557375832,2.458976590280227,-0.07456670475683212,3.282836381430266,2.215879038498085,1.3175355229651184,3.287703297445171,2.7234743135584356,2.7793793343691715,2.7122883813372187,2.7185214911995526
16,9.438488817214965,2.062972019612789,-1.8519250631332398,9.881132565550601,9.489293117352005,0.7662807772806444,0.10937492225470463,9.453128151491205,2.019958707711385,0.21521961273425555,0.03634509069870112,9.46448723538121,2.0655784624628755,0.19147203168485094,3.5629697677085415,1.8649356391839034,1.1266503796896,3.549093081109449,2.854945958921954,2.793488841976911,2.786344899246253,2.847023653770655
17,10.30349416732788,2.038206326961517,-1.8166309714317321,10.69636429293181,8.223773031252161,0.37156884128758116,0.1263215968508918,7.883996192215882,1.064222623932063,0.6802822064167219,0.18303154368797273,8.048969752857275,1.0691843685812492,0.6684371222657558,3.269881332316645,1.5254511688627321,1.1589709067159124,3.2380067641588113,2.687559854512214,2.7535467924773536,2.7227002481050513,2.6924793958019864
18,10.05296573638916,2.059502398967743,-1.7921045392751693,10.470699261085734,5.824135242414635,0.35881006914948327,0.3929693624685209,5.396720876093255,0.7865797741737426,1.009833013200538,0.22667839417125657,5.600086836270322,0.7889629198740555,0.9468215747873785,3.066315867129982,1.491820421250986,1.5461358666987843,3.0148796136337817,2.80787946410467,2.740820704245627,2.7495333088302263,2.8144904766211365
19,9.815597820281983,2.2435104727745054,-1.3582857992500066,10.207114045996127,2.9395079798162427,0.0647917127632568,0.6496394586456185,2.642426493799973,0.14097291728140135,0.5008477251332709,0.11090540742819889,2.7819551717713416,0.13368849352676454,0.4177518393387955,2.598985825219654,0.9726434540327222,1.6639151356611481,2.5345445055287903,2.804726497528183,2.6977841551040607,2.6345884201373257,2.8072515406908622
20,9.471270608901978,1.6987844556570053,-1.0342975925654172,9.762975437591232,2.5857819673152598,0.35675644120848343,1.1696882494021559,2.370034751409292,-0.18080962403531645,0.48198624389513406,0.00857627543906389,2.4659692588114654,-0.14791165832121025,0.34221161430107244,2.5007376978314815,1.3930554306250595,1.9072732774602703,2.426362567233642,2.77264537264593,2.6120375727951552,2.6359100055563753,2.747281789074569
21,9.76582703590393,1.6352549552917481,-1.1605189517140388,10.05282205960857,3.2944619582162216,0.4722778141241362,1.0537274125885447,3.065740173490161,0.20837787918946044,0.9176177884969523,-0.02467065256018146,3.1660825471668055,0.2502821908281838,0.7625485973372569,2.5514236101697714,1.5955065224264993,1.9484158279308028,2.521840601345664,2.6605705240900015,2.7493591666094437,2.7204219648625196,2.676451110771605
22,9.682556867599487,1.9396219670772552,-1.544327700138092,10.032671053101488,4.015474808229639,0.3545823766584556,0.29218424590214026,3.866978751990096,0.6094798206402218,0.6059358953227284,0.1951428674064159,3.9372503539670576,0.6200630580464438,0.577652184517195,2.7377653843615177,1.5172485840505394,1.4242686565965281,2.7131667839267846,2.7587125424104824,2.750785653020333,2.747940284736683,2.7604298214230885
23,9.087940526008605,1.7192430518567563,-1.7702101469039917,9.460172043577844,4.136449204348279,0.6404183142765111,0.15604043820827265,4.075274847082942,1.014188726119994,0.2319578815681751,0.2016535388142998,4.1039228979442575,1.029782339812406,0.22601069979603206,2.6371789658434754,1.7788597006544689,1.3010094602090931,2.6275606815888275,2.6224393217110915,2.7647362833341687,2.899595248039791,2.6247778494405174
24,9.334879803657532,1.8774086110293866,-1.6344174802303315,9.707439057688855,4.036523627754958,0.585868348765793,0.19966822202277737,3.876367022164495,0.770012960362511,0.275433058858932,0.17075897272768056,3.952434875405016,0.7908841711074389,0.258476454196422,2.808872943507499,1.6658706083801906,1.29848321583196,2.7820587549944857,2.7595586151944134,2.685393544724965,2.7321723014769717,2.764354448307858
25,9.32291555404663,2.155454623699188,-1.5826128780841828,9.72832802259331,2.911903931824064,0.06295424612914902,0.29127716303406037,2.6630158351077564,-0.1358230022719491,0.0658131082667373,0.06589634862952279,2.781925549727675,-0.13294168996074485,0.027093922497274672,2.562350548175398,0.9890618775010336,1.4223001496519518,2.5062831493985027,2.775900378418939,2.781035745636619,2.7471543589479706,2.775982739683434
26,9.054679870605469,2.183211386203766,-1.6546368062496186,9.497903503810772,4.6305871912998935,0.16546283544320398,0.3433801786417526,4.382894951587557,0.3481299971575648,0.30049131461331813,0.12262184703973507,4.499931321469535,0.3451425136786314,0.24908933238095962,2.96062985570464,1.2743104410179458,1.454297283803708,2.922327566426706,2.844069953525057,2.814071529818978,2.6986353195988486,2.8480219608522663
27,9.713663291931152,2.1811774015426635,-1.4991033494472503,10.103887142450827,6.256537445882292,0.17268797732058047,0.34803840426078386,6.010490007413117,0.6272005761128786,0.36964979340706894,0.07215142477641698,6.125696964018384,0.6295731127168718,0.31136603015048897,3.143294979800828,1.1911351474961362,1.5234654121225137,3.1111991693883283,2.7746148580270202,2.6235707628047535,2.8211577835516226,2.770344189122015
28,9.642117929458617,2.0852252304553986,-0.8842676118016243,9.9412692015289,2.9007903582160934,0.06715253324112326,0.7020781826755359,2.9033877050059154,0.29915639497836355,-0.16823810734197,0.002346324447779824,2.8989503119695414,0.3060395344414443,-0.2170209376257615,2.7178607753014026,0.9179056408748566,1.7313955836831572,2.716013825506164,2.909278987210934,2.6218704266540622,2.6387500038392377,2.9073834305321444
29,9.38488941192627,1.8869799256324769,-0.9544969514012337,9.664677027121675,0.45683170344910723,0.10821169211848902,0.7505091700420552,0.41231562401655286,-0.08897437137266491,-0.011747048419510863,0.08945554217878073,0.42969919371605375,-0.07036383116796104,-0.05674235965481858,1.614532067940006,1.0882295099239887,1.7666792122792159,1.5785235923781242,2.790678119849008,2.7115105242867155,2.716529461131527,2.794901028906056
30,9.538030052185059,2.000280112028122,-1.4457434117794037,9.880802562021305,1.25606036130293,0.22007431110683642,0.15931065029524716,1.040763792196934,-0.23492079010463848,0.13041907543759781,-0.026492710506633436,1.137276476920779,-0.17509275446412118,0.09790965943792172,2.0089896656985737,1.268297214369392,1.2074371196539304,1.9283738227173526,2.710425936503087,2.654668150014901,2.7015710119126544,2.717545810601671
31,9.57751178741455,2.0355742514133452,-1.5678970336914062,9.943503164264463,1.996294157045047,0.17390224460339626,0.16286914924128149,1.7618450262608558,-0.09777058870370685,0.1287509406360017,0.0012031441247372925,1.8690653875894097,-0.05543553207551493,0.0977893221788055,2.296729257145851,1.2139596283131764,1.198401888122781,2.23801191702453,2.744983644043559,2.6621288467578923,2.6588937066210736,2.75977255884447
32,9.997452449798583,1.744607001543045,-1.818425589799881,10.376273010375872,2.9503275869467145,0.987085013815721,0.3228204736206811,2.8205900381735947,0.9240425604961856,0.5372704678726523,0.2777298869989036,2.8770289639019073,0.8925770034188902,0.4731457227144754,2.5681417673323255,2.042513746572463,1.433188376487787,2.5382815105861822,2.788681328219994,2.8648412620388206,2.6832479998611953,2.78877141166231
33,9.661500120162964,1.3099507451057435,-2.0111674547195433,10.078039822486527,2.300511214854111,2.1514728673844616,0.3539695712552521,2.2148624890842865,1.1216543228623734,0.5879857105357631,0.5650380047978859,2.252638943606427,1.037046884840681,0.5368009753359232,2.4351832883893505,2.391377088249101,1.478264637219987,2.417597316672202,2.7732587931457267,2.7849601732253446,2.6944313685835324,2.7806958181636463
34,9.69356369972229,1.1203195333480835,-1.9618752956390382,10.20955466931558,3.4356983451741585,5.009393661084746,0.5803286368849218,3.5877797876387025,0.06920170909740722,-0.43089610121408467,1.3843613482006023,3.49939489125712,-0.06717489991172904,-0.4554040452832782,2.71266123613118,2.8080427725500607,1.558515191423018,2.733135684581457,2.77713791547011,2.682861953887876,2.5666677092712766,2.773612613765137
35,9.99505934715271,1.1371889650821685,-2.285145550966263,10.617588136520116,4.952551248043837,4.8043084538897425,1.5371781723285314,4.644693082407014,0.1135510199859939,-0.07636617580246896,2.032799494930066,4.73723980577723,-0.26537906380100135,-0.3952077780805099,2.8740590215190376,2.806971086012763,2.091471924460858,2.843266557193066,2.7471953460553475,2.6936332797401215,2.6320435350140294,2.7584807328528753
36,9.153264331817628,1.269033533334732,-2.322832527756691,9.757525608740954,3.1063546099509183,2.5316594411238422,1.7925327059540144,2.7767983187359406,-1.0885191557670835,-0.5759314405803561,1.8577925286312207,2.8852861322045187,-1.3450490165363733,-0.846808848374716,2.553930972713622,2.3860647253582754,2.2410981543119273,2.521823097057922,2.7098246562379105,2.6799437776695285,2.7361485356818083,2.7554994689079035
37,8.884310960769653,1.6029519319534302,-1.838644939661026,9.394072613296263,3.6660121144389715,1.8185627054453597,1.2686872049775324,3.2084737028231727,-1.4484911237714786,-0.5393498803082228,1.072658455603437,3.4210594108532306,-1.3996491724512046,-0.578714508688178,2.717109683593412,2.2462141238012516,2.03208239823073,2.6335511241265417,2.772637625330297,2.7063295898919404,2.675821984298375,2.7785020860063776
38,9.17432131767273,2.059023892879486,-1.3550554648041726,9.587157654392216,3.222870171428825,0.5256411023102631,0.9070978809145708,2.898066474524466,-0.22915866418467912,-0.026819016168415685,0.34833434073103114,3.0443593238170554,-0.18949447818344964,-0.11776839344862804,2.532248916584523,1.5332540486037827,1.8621264085605869,2.4647452304540676,2.685925057361708,2.5779979327752187,2.7104923854173215,2.6865430803474406
39,9.561479997634887,1.9205991089344026,-0.9585647463798523,9.935924158070897,1.3152489771399993,1.2738829141035426,1.6661444448339102,1.4203902102638446,-0.4148919170299933,-0.43926744649632843,1.0933505796978966,1.3499574392370441,-0.49473384609945265,-0.6119138321667595,2.0658279387836447,2.083950269301194,2.2625881389284164,2.131811802354075,2.7240636515402326,2.767819359586228,2.807686710983614,2.7454677668195147
40,9.907721185684204,1.2613764435052872,-1.4224134162068367,10.247877507854005,1.9942554632565088,0.9455324523738341,2.995370893422688,2.5228178996960007,-0.46177359057189554,-1.5768339018074122,1.2094758930390122,2.2238119206817735,-0.566827498604989,-1.944294731541652,2.298382772690493,1.967590404340843,2.44240416118674,2.449342162211003,2.7520920089618985,2.8166331407494463,2.6742709317347453,2.756778303043127
41,9.424849677085877,1.4438291624188424,-1.4944373697042466,9.742220236959216,3.5211338382099977,0.6110567996132019,1.605354926043729,3.879568713832925,-0.11229593619528,-1.3015305824775087,0.4121384496735503,3.677727412956981,-0.08645256523102578,-1.5194283610260924,2.7206199317358486,1.6284326173296,2.158402396555182,2.777050890832052,2.8002028331376034,2.5611538796838214,2.7289931179673435,2.7921841048273692
42,9.237731051445007,1.6325032874941825,-0.7835297524929047,9.664920374516546,3.3942172734262366,3.941154773959572,1.012121863053424,3.299046531288877,-1.9172579023232195,0.23275520631956895,0.8675668663423814,3.2949921605918275,-1.597469864379739,0.4945259182125185,2.4539862470104565,2.7635530346389516,1.9967911151406892,2.4915621746896544,2.5088559400545507,2.736233017216531,2.805107286784095,2.59219821925367
43,9.301619410514832,1.3250255674123763,-1.2186645418405533,9.736600124197185,2.30378594435081,3.615028827706875,1.6241611293793112,2.2372682165797353,-1.7801299290453212,0.3410806721793151,1.0104267259935091,2.22049480219399,-1.479680450047125,0.6114004058556782,2.3741249779305758,2.6289815643303958,2.1214408779647904,2.385623019164659,2.7198527243921977,2.6291235509310193,2.664921026335234,2.7617306683945597
44,9.25902705192566,1.3293325930833817,-1.9349560007452964,9.732370258420435,3.198858491628372,2.6410967496448152,0.9669375634441247,3.1455569827789165,1.271553807100617,0.3298721687909523,1.2399160100823012,3.153947938185928,1.1874903237788328,0.27602747874375516,2.5853593845238882,2.471827009567235,1.8950192350178932,2.5701240458532,2.7218304403253524,2.738455926965994,2.6844667288044546,2.7160343422959206
45,10.015876984596252,1.735155326128006,-1.7444873198866844,10.492350346867601,4.502974828038352,2.6789085209589545,1.014748287730327,4.283343199030839,0.9148780126125744,-0.36378749525350146,1.2368356408787782,4.376429665685431,0.8069939531141143,-0.4126928966559758,2.8608886392743633,2.539029286517239,1.992474709515883,2.8326123024286076,2.7843266081562863,2.803511914716631,2.791294758584016,2.794157607074176
46,10.234342122077942,2.1661027133464814,-1.5535400569438935,10.62762420288658,3.834604324301776,0.45724640860843013,0.5309444348512291,3.665795322766193,0.03563032820182621,0.05960980020046408,0.26406475433927307,3.73880800494523,0.09636228362433724,0.026490264139975104,2.5251422906482435,1.598133298865297,1.4734784721825698,2.5301029802446027,2.622485985588333,2.7612407633809486,2.474093594869064,2.649827278749054
47,9.139625740051269,2.3529821276664733,-1.5259029626846314,9.614645911570534,2.890512105501076,0.4488191097399234,0.31371892130529055,2.554363197572952,0.250664255989233,0.8474439044253754,0.00551794076569044,2.696338854260576,0.3583820533873336,0.7638086643251818,2.478750104016779,1.6469115522409532,1.412857326089944,2.40654853111427,2.6739741216498216,2.8265287195413684,2.665630500068171,2.671526174240396
48,8.72590639591217,2.382892370223999,-1.4100903809070586,9.209887753079949,3.828685944609224,0.27241876149741984,0.23195257121513924,3.2656266839399613,-0.2941980408573176,0.4908497349706562,-0.12375371238978441,3.516040731808553,-0.18308394040833995,0.39989819040533,2.7249256515969265,1.340033644063135,1.3828313013130151,2.628911114237653,2.760562117075235,2.637707336872908,2.778786165243919,2.7664362293343667
49,9.020702123641968,2.2870598435401917,-0.8852247625589371,9.407584337714823,3.5446992016709715,0.24560328125501335,0.5431596727049607,3.159450935044739,-0.10323923763319212,0.4544819326381479,-0.06252316200679323,3.332084037416685,-0.02593516884869717,0.36945940436054614,2.7331513261038487,1.3289947918004847,1.6704065186927979,2.6676780132301023,2.806232793806105,2.6576068703226134,2.7402958481856623,2.816470485651691
50,9.193224573135376,2.2971097230911255,-0.5556134245358407,9.54728169052411,1.9464681294880175,0.20416523943835854,0.7340379877442552,1.7796289685942335,-0.04654012326032476,0.09406250325756411,-0.03263768735787825,1.8531711421573998,0.0029249181982864297,0.031013621284020177,2.425779432741055,1.3115994698361042,1.7763056764315917,2.3711832032386027,2.8890900844462837,2.749510313308053,2.727642212606531,2.8869728238136427
51,9.482516932487489,1.857308954000473,-1.061097206827253,9.90643344340453,3.768743726063834,2.545068151322586,0.974784381878893,3.453046405849576,-0.5814503422363979,0.1667782751883714,0.6725054474507832,3.6014872961202116,-0.5418227940998914,0.10682870026501015,2.6918346906835873,2.5216646949372685,1.8929927195851282,2.6259207966929194,2.7324979335785473,2.7827588782471864,2.692506937480904,2.7334912255713193
52,9.30879819393158,1.560359638929367,-1.5610775023698806,9.705062921461408,2.628003287130561,2.260557240897068,0.3533391111861461,2.4389129834494945,-0.488574621083448,0.44616436462269293,0.4322607625317009,2.525807346666959,-0.45804755541517966,0.4334409540338231,2.5291036850420485,2.4432703643799036,1.5052112668322202,2.479659991499184,2.8044171477876567,2.7836309746410524,2.7301982226731973,2.8024001619192496
53,8.563433694839478,1.4786447152495383,-1.6548761248588562,8.909736410319137,1.0171860679406537,0.9059655950340982,0.241607913809809,0.9794952895306682,0.39191344367541076,0.16938428349145038,-0.17801030908380025,0.9815846884077843,0.5114191589303407,0.0913740539764167,1.9410047599076117,1.8995387787853866,1.2989113863795556,1.918972711210519,2.7274650553119515,2.724384045902946,2.590493930427722,2.7309428571596195
54,8.496195340156556,1.2457034088671208,-1.397886973619461,8.855554628317439,1.9416185090895532,2.558174153295845,0.3399377004020592,1.9664171594839486,0.33040447224134495,0.1369777674451984,-0.23896477597333718,1.9343099985935608,0.5327070316356154,0.0632985263091566,2.1830719267846725,2.481161373614578,1.424527820314397,2.1799447164239942,2.6484253887872504,2.7598796722042636,2.6622911283477984,2.6383191609209655
55,8.442595982551575,1.9097116641700267,-1.116371377184987,8.916883141823806,2.6197416185484594,2.6159584393970174,0.653995202343684,2.373806472625289,-0.26411544266073755,-0.12444816422088083,0.41461511370065557,2.4770133554394658,-0.07307022184779663,-0.10165261056473612,2.46031620304298,2.506625545772727,1.7939412026715709,2.3892233473655926,2.7372591141237645,2.7735854133510864,2.812316305827643,2.733492776381264
56,8.185128092765808,1.4347364485263825,-1.7703298050910234,8.911864792986876,2.3145434801057907,5.22532026678208,2.0925653797625565,2.019296602470124,1.355720763837826,0.6842820665073723,3.166346402276346,1.926388817088528,0.05694195077763355,-0.0007847100359081404,2.4087494291933518,3.030238127355194,2.396895035931735,2.3322621191561224,2.716464544624849,2.82656668383891,2.81497524727809,2.7456640536677543
57,9.762476921081543,1.3464413464069367,-1.842473429441452,10.415704058697402,8.814281627918241,5.224219711626899,1.6135934139302734,7.259123420629224,2.9268494844746367,2.236026414849795,2.6445383662577093,7.773181693057381,1.5760971660360643,1.4277167792652377,3.459235964821375,2.9277466716366227,2.20497513438121,3.293265513363735,2.818839835032478,2.7212222883127364,2.7464319599130924,2.8294005641140374
58,9.874221777915954,2.2487747013568877,-1.1163714036345482,10.3165233550658,7.849135116752574,0.8451338816335436,1.1460394206337898,7.074913000248634,-0.23820104122800104,-0.3198998671293528,0.49927132346534336,7.441610177903781,-0.2057342347269819,-0.40512177049822357,3.283323394998252,1.9950934618183391,2.0370071876626232,3.1966167147181683,2.782815008572883,2.9101336478463073,2.7821112948897997,2.7789926710251516
59,8.933842658996582,2.2743778824806213,-1.148913787305355,9.36436196058738,1.6148742233133973,0.20509912423900725,1.1127271708929711,1.474876697170173,-0.12731919047288742,-0.42638271540588235,0.40047513072082597,1.5385766112919605,-0.1457157404275188,-0.4821819478613716,2.16105570865366,1.3342111301125412,2.0186957849243616,2.1144321136320894,2.6909675891100924,2.7943814767285686,2.780945320504337,2.684560054361138
60,9.885228967666626,2.459821677207947,-1.2077772364020347,10.287540129205011,5.004470308379261,0.13592096079245838,0.4147364844932871,4.916936563796579,0.5320938541746845,-0.3557267763457088,0.051929429585299246,4.957181942553448,0.5333179005808444,-0.3844904384853001,2.794890398519738,1.1629015861885368,1.5423092015601247,2.7926721444292664,2.6531527643069386,2.7159393359055573,2.6950964513937716,2.654961949402747
61,9.961081314086915,2.106999957561493,-1.1650653406977654,10.335424072647395,5.385949558950785,1.4705567182756665,0.4462935999036026,5.4069854072895485,0.7053355973876729,-1.0689574863119613,0.22756996178070824,5.382155500456889,0.8790913684322624,-1.0320897883004811,2.8753445605318437,2.200180366150843,1.3885801771325053,2.8850779762581773,2.6498356331697814,2.8032580251711843,2.4470998396069046,2.651321059855064
62,9.35210816860199,1.9743179395794868,-1.2949956089258194,9.77231731359275,3.239647498701725,1.6979826359247507,0.7479415708709439,3.0947153616764425,0.20587097352977074,-0.43816686109286185,0.46778885042246826,3.134148796331507,0.40383018045084557,-0.48483557306297237,2.5802083180515036,2.255747644298707,1.92517097618861,2.5602345993835987,2.7036402931300527,2.7753529675321857,2.903007774006162,2.6858344125477034
63,9.568179965019226,2.3583659797906877,-1.564068529009819,10.070925418117906,5.045223598484015,0.659684022570333,0.9875517391761638,4.729016753677832,0.28878240123206433,-0.29108109061596965,0.5557827611079362,4.862580812293672,0.2661185330621847,-0.418659101671459,3.013090667601299,1.683485908822479,1.9573011132754459,2.954801738231858,2.8359153126123333,2.6299704521873224,2.76066323359696,2.8315159122660742
64,9.843832755088807,2.434577377140522,-1.7930616438388824,10.407485230276121,5.6671222636443614,0.8065819125776489,0.9599109008573857,5.041543030378613,-0.06429230886339032,-0.7219984320032197,0.8303326305038535,5.324859758212466,0.032546853772976024,-0.5987977581802779,2.9320872618091585,1.9025046684735412,1.949919469697961,2.847248987957833,2.7100937218552894,2.830132839860465,2.777425661989984,2.7052339615631666
65,9.357850503921508,2.1720848083496094,-1.694836288690567,9.891760286349797,6.335298838777718,1.6570615804276672,0.6911089258893083,5.854908241160555,0.09685537271560117,-0.8341209559418672,0.2961932758005901,6.060530934543613,0.3811790152776367,-0.7050690329657869,2.80433903218419,2.171148139536148,1.8154782343238118,2.7392174103474263,2.5097443592681765,2.6854781553707756,2.795600053861901,2.5007290603168633
66,9.800522923469543,1.9282561838626862,-1.823330855369568,10.255688158560966,8.530755886723213,1.2725413141907496,0.5607261521261968,8.168041549410479,0.5924558999613739,-0.5296345628804311,-0.2898663448250193,8.32372209179483,0.7671619740955444,-0.6371842036331775,3.317890540890267,2.1213413335871025,1.728611414992686,3.29845197207457,2.753405803523246,2.8136711124285436,2.8115695298515853,2.7565733389710045
67,9.812726497650146,2.1379870057106016,-1.735992783308029,10.26560580864296,5.252576661199734,0.521736839521774,0.8858536631262885,5.072375668612265,0.3356192083343422,-0.2583323926987675,-0.2286319070772025,5.127745186538118,0.46657319441741996,-0.4568757651484216,2.958361457094229,1.6782225382437337,1.7829515121848594,2.9075598689390922,2.7138123383404675,2.7847584099780125,2.671386857434955,2.695822482640049
68,9.151828861236572,2.3532213866710663,-1.3980065762996674,9.599298614035998,0.5477825856433761,0.2895679918688014,0.6475501047153547,0.5391226885354052,0.07057367570503832,0.10245194093382082,-0.14708030298635544,0.5225148047295542,0.15228136263839825,-0.03801465506577427,1.6844878358567577,1.474018806997017,1.81092682543166,1.7168337837273089,2.7885170614207273,2.821224054012227,2.8382167846342874,2.832068551267793
69,9.251370096206665,2.5594827055931093,-1.088016429543495,9.714406541136352,1.2730004491185565,0.32087125487990226,0.5649413584222116,1.0565874642111792,-0.23163426314213853,0.03238111932391903,-0.11981328365671849,1.1366909577385818,-0.11395649287392418,-0.07344205422927401,2.024168030311275,1.4385716441753784,1.7255632155430838,1.9065634198821468,2.7228099391792817,2.7130348652203855,2.815892183098851,2.703868515050145
70,8.778308987617493,2.498585319519043,-1.3143774658441543,9.31348566894702,1.7641311109320739,0.4397728534730439,0.9560933875770288,1.3581132446552817,-0.39876041541701496,0.13664647115606424,-0.024664914649852782,1.512906538641881,-0.2517588814683566,-0.05608517723366456,2.2554422712570745,1.4985628558243203,1.9622617080763736,2.0841429510518834,2.7558652563201473,2.586959230569431,2.7851363392539707,2.725451201814613
71,9.237731099128723,2.2358533829450606,-1.5531811594963074,9.745316966364253,4.939009438376015,1.0946474974859897,0.6266289754193175,4.31911238406467,-0.41096591013188954,-0.04993172240341285,0.09468723056311545,4.59025443451794,-0.22213624388559544,-0.13647826018567666,2.939496626766745,2.0324355610107148,1.7743426801946272,2.8624858365838466,2.7829446908867452,2.7854118848915075,2.7895471464503863,2.795415240856313
72,9.991470289230346,2.1133409470319746,-1.6207783818244934,10.439780581768161,11.356596743930464,1.1476215397333285,0.31879010629938614,10.647842565227199,0.519787241218992,-0.03766031440297669,0.16573243732722,10.983953043274754,0.6602998932554889,-0.021162693579818686,3.5972965229796516,2.004791973134321,1.4760076591801292,3.5421096098805815,2.760213920171482,2.704163863921478,2.770657587639044,2.7619014178348253
73,10.081440353393555,1.5729220271110536,-1.849053645133972,10.566335210558721,14.754234187648658,2.85219101130973,0.3246305585615177,13.59535355024967,3.1161999808859804,0.47727621102154744,0.6317645036633809,14.13003862317692,2.7482743933545364,0.37436112115936515,3.547460896582288,2.614650021943989,1.4156551649923577,3.493275287609517,2.633214197300381,2.8184490954497456,2.6088365412373453,2.6431657692156905
74,9.829476118087769,1.543370670080185,-1.7118252709507942,10.379880248446971,14.24771687370121,3.6775597599200385,0.9905374348574736,12.798998876360537,2.7748273676577577,0.7329356268364069,1.0868604332403984,13.446400859253245,2.4673685840292188,0.46932129526952765,3.4603954420727217,2.6580311834712265,1.9550923031645708,3.3890177455753054,2.5675387121104634,2.6855693585330527,2.7515534140246958,2.5935592231195095
75,9.295398020744324,1.576630848646164,-1.8957137003540994,10.04740065979872,9.403545957396771,6.326810960938623,1.2720262889025213,8.090445956866015,-0.2962098274399512,0.6097034085092261,1.8909265669116526,8.601878023275882,-0.9648018186763544,0.1716367013912477,3.3545465393231266,3.025342441545375,2.016623622364397,3.254570040279782,2.7209513058646673,2.6801280254030346,2.6700182258988496,2.751802223162971
76,9.196574568748474,1.5919448852539062,-1.5267404720187188,9.85094660368436,2.528439968237135,5.539373310846746,1.807965752986,1.8768946073296788,-0.7964497234583309,0.17697889459620697,1.845641212660825,2.064362861632071,-1.5456233874396634,-0.3189020830027836,2.4420187705610723,3.068213883244284,2.2596684735211077,2.2749850000825713,2.7484690913371206,2.8034644616251665,2.7470285123316347,2.7512127958849177
77,9.35689389705658,2.2596620082855225,-1.3385449811816215,9.807220867888727,2.094947478773206,0.3580731639893993,1.374294964825986,2.003796983965462,0.12506317982756276,-0.13784721213364448,0.17579335648911068,2.0382372015760275,0.13809094934805552,-0.27430106568578816,2.38683476536107,1.538478073243237,2.1328888419245473,2.3714928450457635,2.8025303583927754,2.7767974885444446,2.774468284173765,2.8062612097127526
78,9.650971674919129,2.3840888023376463,-1.6078571364283563,10.134537406151027,4.767572437808921,0.09262350704059254,1.261046769046878,4.754389894961921,0.09999586646786965,-1.172893695622929,0.013581026408854916,4.753832365635764,0.10713992557187893,-1.2777674760408824,2.6690295867148244,1.0351543526750304,2.044973777673909,2.6434591155280938,2.6256037596875617,2.6896659734324198,2.734231334391104,2.5970167874835437
79,9.71462049484253,1.8467805445194245,-1.6669598504900933,10.133537479449771,5.758559179882009,0.9443935611948968,1.160933024673434,5.626646854342638,0.505848985874393,-0.9141062420599716,0.3101001443024658,5.684438149079373,0.5471894043203059,-0.9764412600208627,2.934212706483234,1.9005265088723537,1.8888734896914223,2.9071539269225317,2.6708688262668674,2.683117754323142,2.5671633906926945,2.671133956620886
80,9.692367124557496,2.0776878893375397,-1.1831311583518982,10.007821609803438,1.8669044866328914,0.2261787876074871,0.14670342362347885,1.7156534419872795,0.0646246717495735,0.26482920218410855,0.09748068024684006,1.7861974251427746,0.09394327274955015,0.2542509288716222,2.241371223759372,1.2771225065450285,1.1714617505724754,2.1820558972293522,2.753685379531444,2.675028953850065,2.665155833552552,2.7398144342276756
81,9.537551546096802,2.29687043428421,-0.9882357463240623,9.87833468905276,3.2214089330721833,0.21566285042522454,0.21158624747752486,3.265096923303351,0.566623518436424,0.07862561057260986,-0.08308569819802482,3.236374770841456,0.6069425688360756,0.034371446762925965,2.5657430566172086,1.3605904627288656,1.3388675616507901,2.571677516042674,2.691833236152235,2.815973749493003,2.8035464613292747,2.690637831756849
82,9.095357894897461,2.0937197685241697,-0.6880561441183091,9.38095208130121,2.4101849628617336,0.29059715851080925,0.38347145129663607,2.642524110744816,0.7003922745543371,-0.3380654774582242,-0.2084085300982891,2.51909144907861,0.7590434594857868,-0.40065047045089075,2.4506344698050606,1.4266824668322662,1.5183866194396918,2.507861622440587,2.775374880511168,2.7230311038731827,2.730127624974222,2.778211106275316
83,9.129335975646972,1.8250058472156525,-0.32805597558617594,9.359716417121337,0.7232779949243241,0.5233657539523937,0.35724844291717267,0.7394195736891525,-0.01540728956199639,-0.09413773227542052,-0.008658789330353899,0.7238129099917657,0.06656553592949693,-0.12146424995257335,1.7168577850404745,1.6468493499922108,1.515071915636296,1.7474715236629113,2.6506996972105963,2.74360421220449,2.7754035851487853,2.673913225199984
84,9.329376125335694,1.561915010213852,-0.5363511927425861,9.51968789914402,0.25784627950001093,0.49021802015418703,0.36309362686068686,0.20594981279098923,-0.1225705035972025,0.1796930990080448,0.16847286438907136,0.2267901227490771,-0.057398630503708296,0.18329622729361297,1.3108423736158352,1.6202345095693433,1.3746926422653816,1.2365733691781067,2.5778682589636808,2.7666016380503797,2.576431230522724,2.585840248548828
85,9.175757122039794,1.7532211422920227,-0.8725427880883216,9.409683894067934,0.4667469045357249,0.2930459129568612,0.1725046769730676,0.392805986262714,-0.11832467296453013,0.10196665227353298,0.05659488736237933,0.42347722899037055,-0.06188324840369255,0.102384984560441,1.679668605168678,1.4156293120181889,1.2877344997588325,1.6301440694274318,2.861656664220308,2.7272104198004583,2.8188958560287682,2.88968247495364
86,9.482516765594482,1.8693926811218262,-0.9467202693223953,9.768297009231578,1.6603739869902276,0.414834727108729,0.471667872952594,1.3778302857837434,-0.4414178989970459,0.6637385267941742,-0.15747019720366884,1.5034943862705354,-0.3475331269487282,0.5847538500071972,2.10315733080851,1.5300089613991137,1.5290394087573664,2.0103788806360976,2.6465171634445555,2.690836855822434,2.622956499953918,2.6450767306675003
87,9.547122764587403,2.278804636001587,-0.7775477036833763,9.925595694075387,2.6897599330518074,0.6918461620298936,0.5262341611749936,2.252718361962824,-0.6172041592131228,0.5581845435381567,-0.0706244980306954,2.448907878060146,-0.46688157856035306,0.49496316528909823,2.39667788845686,1.6961755338093485,1.620607004886986,2.3070339568390974,2.6420917557701387,2.588052874472286,2.696575360743885,2.6428406489279537
88,9.204470705986022,2.48674094080925,-0.7708478108048439,9.612089955745095,2.733004122351597,0.6872642743855216,0.224740818175429,2.7061613350584666,0.4342177113441344,0.02459961546239069,-0.0262875271404067,2.703709305151343,0.5663099087644783,0.007530448267052766,2.3365926204828003,1.7944385538639553,1.3013210622073845,2.366270387680518,2.623904234824592,2.7683485408864077,2.668818826112929,2.655948474439184
89,8.861818480491639,2.1363120496273043,-0.9436096012592315,9.196805751304504,1.638273238538019,0.5473979401738562,0.17866719864583916,1.7378320688597368,0.47723592876594306,-0.07193148935967138,-0.08374486651798546,1.6780872041904369,0.572894444227928,-0.10043172009212117,2.218734345585479,1.6329946068610344,1.2748815763666714,2.247424841012031,2.7588797830251806,2.655569877141171,2.7317267906022855,2.745371536364744
90,9.252805685997009,2.3063220381736755,-0.7756334647536278,9.620651386882422,4.694044219701564,0.3320167924754191,0.3631731787208706,4.3136642649054515,-0.5689123192837676,-0.43123526172943977,0.08651939051409896,4.488056726357519,-0.4710026020007122,-0.4228033860828881,2.9349253579494805,1.4900678721256353,1.4885011081062853,2.8838130405961917,2.793302286951176,2.753690859028113,2.6979990951829103,2.803022378914395
91,9.646425104141235,2.5472792863845823,-0.7390232898294926,10.064615256843322,4.6454418137459,0.2794794319938647,0.5108870590118499,4.164044312411851,-0.6252509720528426,-0.3457631572446937,0.09057065817799985,4.389448276630724,-0.5416159910531821,-0.3475184135642445,2.9214286888929433,1.4694393295380965,1.5854347499135881,2.8363416174897775,2.7870459478077,2.828486250044951,2.66558427436567,2.7842482484523536
92,9.43920669555664,2.25415860414505,-1.1225927352905274,9.88593567148556,1.3163242660177499,1.6735112904594391,0.7212141897261388,1.298780696370544,0.273027727719392,0.08704915538378977,0.5996611108346093,1.2988477539066856,0.3793415667960986,0.09377489905193082,2.047183797349335,2.2717988737893573,1.7914032405384421,2.023254003181638,2.7459859773244273,2.807864839734056,2.7183402630591877,2.717814061219632
93,10.032626795768739,2.32749862074852,-1.2844671554863454,10.490150040936749,3.9150263475127196,1.8994878220193154,0.5873221176721968,3.957055492384267,1.054829485514388,0.09560940495803859,0.5671635321522186,3.9260345172682873,1.1752806861118656,0.10217887961684322,2.762792732861702,2.3261693478251093,1.5703497492599579,2.77042033418201,2.786331285019649,2.7923382969280754,2.607984964052401,2.7908125035169253
94,9.827083349227905,2.6338995039463042,-0.7858029276132583,10.24133405469115,3.6145836215302047,0.4367354130831826,0.45078512562675227,3.703742866376823,0.6444129261668003,-0.5172684131782069,-0.051223626016453964,3.6460015526853953,0.7281154876537702,-0.5564606081586779,2.7025496072976902,1.615206102322986,1.6352267575229367,2.712579740399394,2.7628174525939144,2.7937443677781397,2.8349118437774026,2.74907474570018
95,9.581101274490356,2.1798614084720613,-0.2227717841975391,9.872290738634472,1.2728762234500899,0.43196515276251024,0.3554891731351666,1.1516992144984202,-0.16261196258412985,-0.039751237635885964,-0.14046824751382272,1.1965738625345725,-0.05160769312147927,-0.08675567204356556,1.8817915568603107,1.5618151668669826,1.4490212879481428,1.8438554429743559,2.493898729859361,2.692967006051348,2.659304474124135,2.4817213082030425
96,9.762237977981567,1.9941783607006074,-0.5812166298739612,10.028850810504943,1.6107456344289401,0.20288114190559972,0.6679858250687338,1.4689829850965037,-0.055043704594487576,0.25130831080625515,-0.07602594365618656,1.5314290616696185,-0.009338572485554083,0.1831292214795048,2.2598010104547503,1.3327334839598541,1.5515492965308078,2.2146024973888165,2.820933848826045,2.7865752286500016,2.475747755338161,2.834953168127238
97,9.697870969772339,2.2271196246147156,-1.1505887880921364,10.045100579760584,1.6923207541741656,0.17816611446025002,0.2841195106573998,1.553103295580154,-0.03409914494966128,0.12958289277519638,0.08227109645806306,1.6174763531505052,-0.006785647580527243,0.10913754574955895,2.321282976172832,1.2965917705069154,1.4156038984982304,2.2711752392373574,2.8527055439152296,2.8087290211261866,2.7459038229422483,2.8520304481538843
98,9.584451341629029,2.4882962465286256,-1.1821740373969079,10.050794553690784,1.764047073065576,0.9797513658603026,0.222627885858826,1.3163105613508768,-0.5784167109797943,0.25201851707256,-0.09252058987330292,1.4737457436472634,-0.24368695125718615,0.17095130248815144,2.210554884875329,1.929339626678676,1.335626452499564,2.096914784261742,2.710797183744722,2.7371341999318064,2.7460576788644215,2.7541300560396285
99,9.168578624725342,2.5606791138648988,-0.9772287636995316,9.642139390349891,3.8422377500973637,0.8938175430119177,0.19409325674334377,3.4607122926096237,-0.37416826475061776,0.04972929800564744,-0.21421633686988809,3.585461540068011,-0.05102174773384881,-0.05812527731861243,2.674938723095957,1.882250606834986,1.1656252410622325,2.627253164731721,2.7120797910267993,2.717729105247576,2.525521398351255,2.723632901699489
100,8.804869318008423,1.8149559050798416,-1.3324432522058487,9.1995350074621,4.096658908593184,1.1406994477956254,0.6819202565361572,3.775856835470735,0.27350027898677276,0.5095743691674827,0.5542469013797497,3.926624963449523,0.30129258535117637,0.4487343010266044,2.820806207423539,1.9298942344180487,1.5707001011767872,2.768665194252021,2.8132427581814867,2.6743223717604048,2.47120385324804,2.8174970489630553
101,8.712267065048218,1.5950555711984635,-1.6527225583791734,9.12114261805041,1.5186783885450468,1.4542172018331503,0.553231565217396,1.4040733493798587,0.29173337394171106,0.35894742977368005,0.5146881190628733,1.4529724060245535,0.34824747795683697,0.3182403750695584,2.1847970358572164,2.100952887423057,1.689171223738684,2.1341762314467503,2.7424603843069675,2.715278888799008,2.774791567210327,2.7233090922842407
102,8.84602599143982,1.8567107379436494,-1.5086746662855148,9.239773066208768,0.7239459333637351,1.0647306056769386,0.4843312024373888,0.8016851512452222,0.25392593465861796,-0.024429925595441705,0.4491541801635772,0.7595753035558042,0.2852161452501021,-0.04128303389565495,1.8014018466535457,2.0507140783086224,1.6180243113550092,1.8544074204155825,2.727955584258909,2.831593254401908,2.7485954290631542,2.746160859972156
103,8.48040280342102,1.5753148019313812,-1.6069000720977784,8.995473658604176,0.9192599298248535,2.692910191814951,1.1001448989621323,0.5675044232561253,0.13166404071276558,0.3642649402083299,1.444198560690213,0.6866905122545686,-0.2084484487837644,0.10136939320180043,1.8813120976244175,2.4189890732816157,1.9755149352265158,1.7144096687623538,2.6737075792322575,2.67312237694636,2.730510098820533,2.750134926062813
104,9.183653354644775,1.5506687343120575,-2.1385852873325346,9.846470265175798,6.102891522288462,3.3591194039320826,1.8199712281818567,5.350016691302653,0.48335339230975416,-0.6009028022642516,1.6764973396559841,5.6582944965795745,-0.008912655974806926,-0.9524086252603571,3.053081889794632,2.5625977328815197,2.0690196991382415,2.9586061640105576,2.749101554773859,2.6591432858595874,2.549225874565306,2.749669442398683
105,9.885946655273438,1.7745172679424286,-1.8009579822421073,10.352186524916494,5.199256755419515,1.152720227862179,1.6432613297698373,4.791592641763976,0.14349669041357466,-0.5676030008303253,0.544349949491133,4.945913941675139,-0.03856734673524963,-0.8928521073959076,2.9719911688967344,2.168729303350747,1.9064059012433328,2.901194200132468,2.7892887269472944,2.92311389402116,2.403745396801633,2.7817142110708692
106,9.797890567779541,2.176990032196045,-0.5120640441775322,10.085260646789035,1.4714457643458363,0.13166325133683265,0.5206468897909725,1.3739374319284763,-0.0719707406187329,-0.27367998267897997,0.06430512826869358,1.4181610347645723,-0.04366284141980857,-0.2777075501374986,2.0232194714118226,1.0554446166727702,1.5924881716671202,1.981583463532102,2.652051810843304,2.5278304019129694,2.6498601764302965,2.640905473501501
107,9.551669359207153,2.5325634598731996,-0.3790231093764305,9.923506137674233,0.8818042423684386,0.14013999194051943,0.526792226530578,0.8286834912448086,0.00202428942453475,-0.1935077032692978,0.09457676437485908,0.849961731598126,0.034615359633415034,-0.18680955781335132,1.898490549109867,1.1593117584573567,1.5149376370943934,1.8686037593043405,2.7722549863866925,2.6971667695196215,2.533939594042947,2.7727122910140833
108,9.300183868408203,2.3863619923591615,-0.5787041574716568,9.651470486345179,0.48158501418779237,0.2986497497478225,0.24236724661706174,0.36171727145743754,-0.1922276966968519,0.08071106350692313,0.05489014320506335,0.40943196720335145,-0.10967069762977655,0.08321907457643604,1.6392083612270596,1.3847346041650503,1.3300731354718096,1.509798906065396,2.802569565080479,2.6978433807209896,2.6895719094789654,2.7975974134627974
109,9.425089073181152,2.252124625444412,-0.675134900212288,9.792257314587173,1.894632259707133,1.1701490401561336,0.3106073302182497,1.766834087271582,0.019496997051319676,0.33940604885317316,0.39158933097238086,1.7963460882499256,0.28020689995627057,0.3990043420121704,2.266535880971892,2.043981837660516,1.4641432978293891,2.20902052865006,2.709176678503884,2.778632240675289,2.762541967389241,2.668115521423398
110,10.05846939086914,2.4653251111507415,-0.6391229085624218,10.457346254792943,7.70342553271642,1.9049679617851696,0.4143802799054478,8.236480922132396,2.423885219716374,0.7598749797202674,0.4980842771126566,7.93464552621618,2.756091009330139,0.8285803922559771,3.324353999852464,2.254542588288961,1.5856390461240242,3.3831716892132486,2.8247258401589264,2.6660725638896134,2.7575841273893897,2.827077576528342
111,9.752905917167663,2.244228333234787,-1.1432905919849872,10.164855424047662,9.012001794896591,1.1644259734174878,1.1342657174974722,9.351285303441006,3.065332259990585,1.5902201183765983,0.516339164761822,9.162736633164592,3.132495463705338,1.4553203728501811,3.360071805600411,2.0601440778836095,1.9020387308862239,3.4061816708765695,2.762951484999726,2.8025615820655845,2.6316823660670807,2.773830544372455
112,9.499027419090272,2.127937150001526,-1.2515658348798753,9.908761966113047,3.9196789907928737,1.0150132560682932,1.026149447216041,4.005569863482948,1.5173977157636231,1.3764356260460384,0.7118840705322236,3.9399451583078995,1.6078287490277947,1.313917180056812,2.719186718034639,2.0043484866393877,1.9068858710538283,2.743609513032104,2.719815070969265,2.788943477235285,2.6724491141494173,2.732255508914091
113,9.562437200546265,2.399402862787247,-0.9757930546998977,9.975118534782515,2.2980397394118284,1.0687987851440381,0.5235069963418088,2.4656314314046512,0.8546366644681981,0.8661606139747742,0.4518327131903474,2.3538070103787057,1.0580335383185675,0.8806884708007662,2.4204949620980023,2.0100335221284276,1.6395150603905415,2.464765911789254,2.781682493647554,2.7743623905607575,2.7167674577079035,2.783101762816585
114,9.883793354034424,2.0502900660037993,-1.320000597089529,10.29539867070436,7.512872928189154,1.5974016446638009,0.8424281469029433,7.4687324119501595,1.1799613226075631,-0.2937012313667788,0.6302598660745505,7.470420117265716,1.3204081085333572,-0.3176854062173946,3.2323616555520758,2.280815807632866,1.797968712866775,3.2430697754480344,2.7294561925348497,2.857635410280743,2.671971068012389,2.743807104387034
115,10.106086492538452,1.683111464884132,-1.6649259828031062,10.541750026140644,14.236756147893043,3.273884655598462,1.1369531558078247,15.078471130319576,4.549437587848882,0.21462304091688553,1.3470921016542226,14.63642189848684,4.747554331931295,0.2046168398985433,3.798179517853135,2.486702925224124,1.9508750752582642,3.8565224441004373,2.7310966761270903,2.624794957207696,2.688343360801864,2.7316787287186313
116,9.503573656082153,1.9829321383498608,-1.1423335015773772,9.910108051013975,7.93752367952992,2.2818331398309186,1.3256754478406854,8.749891580815731,3.1940186594414537,0.595130309759304,1.1308197268017317,8.323079723435955,3.3156145906218963,0.5119619112003747,3.2828605352827314,2.395551366694129,1.8736700951900087,3.362570909901802,2.748133529580096,2.755783954499378,2.4950477984121293,2.7465823972492487
117,9.582776260375976,2.0651255667209627,-0.3259024307131767,9.847921141935146,0.40874623475348587,0.16543271988687955,0.6642916884739951,0.41637173713701175,0.014111794384650945,-0.23991727687527273,0.011877696259107465,0.40892449922563756,0.044437797519755476,-0.2552304103270067,1.4883548835753024,1.2195822487464951,1.6745101161574685,1.5012926898502466,2.61997866542908,2.694460075726358,2.6881488962691384,2.6319018443193665
118,9.821579837799073,1.8844674408435822,-0.343489670753479,10.053146641218003,0.7141622396050532,0.14208070658495667,0.8158265307985503,0.6898334874541567,-0.03189734849139424,-0.4471606459607913,-0.07232182159596924,0.6981816677481837,-0.003008995755442036,-0.4744870497162276,1.761654348443745,1.1623557596972758,1.8769985620237815,1.7515059544422413,2.677882355592317,2.6986087407450867,2.77973702475449,2.6836581026385256
119,9.287022972106934,1.3544572424143553,-0.6830312266945839,9.500838038223407,1.0630705612526272,1.349328375178731,0.43546471706496953,1.04150400513604,0.2078828661985152,0.024642154670871975,0.10835260760496433,1.0440921455524184,0.32952550477310777,0.019003483093747928,1.9429996240685552,2.0743468660068336,1.5233141526151133,1.9213239847118178,2.723272749595918,2.7212941416690066,2.637444527484421,2.7152074963899953
120,8.822097539901733,0.8662018122151496,-0.6437889546155929,8.97084907748035,0.39597410309626274,1.235921490275559,0.24548511950930638,0.3174245341232056,-0.3010091819704524,0.21199949741616228,0.12651376366688635,0.3483266861828557,-0.18927794190109615,0.2006516212357088,1.5551562984391039,2.007289491822647,1.3259734846132227,1.4834111589689412,2.7666125579611647,2.708892728098366,2.6514877545136457,2.7929028280122754
121,8.873543524742127,1.3545769115909934,-0.6729813635349273,9.104733275430306,0.8626263761920497,1.1789203761682714,0.610624948194467,0.6852129572345337,-0.2675737804104934,0.6202036910303788,-0.18796677043588253,0.7336568418157469,-0.005369226008012354,0.48795893203992197,1.8362069103015497,1.9640602648864245,1.5904513335212798,1.8016616590339738,2.697797020586855,2.657033137024257,2.5850965235452312,2.792520855248543
122,8.867322206497192,1.8920048743486404,-1.1385050117969513,9.216743406298502,1.740632572305277,0.7750306392670905,0.6230324779223837,1.6196643239549164,0.20454688126161516,0.620633584077766,-0.03495472328874819,1.6495587429662946,0.37944924597182245,0.522733806581998,2.1699287935463016,1.8159246934846158,1.724033735541903,2.173617912316466,2.6525684271757313,2.689559866293928,2.750774722980542,2.688403654514619
123,9.2138028383255,1.7539389908313752,-1.5345171809196472,9.553431548216698,2.9652721201882364,0.15232689731361518,0.575215553908936,2.700344423167666,0.3561069666306427,0.8194127047467173,0.20924415958889236,2.823442007769962,0.34288506935715546,0.7341686561812114,2.5084897059457956,1.1991615359373846,1.6730873752927462,2.4565200719410796,2.7445108461165515,2.7077364526579255,2.7005783421393996,2.7529748427178813
124,9.547840785980224,1.717568075656891,-1.5852450042963029,9.870153899540615,2.2197504674368345,0.10446302305398623,0.4764745059190009,1.9631800932232655,0.21510132735216936,0.6415967739552922,0.05214935363194458,2.0789513618811006,0.21704948094202753,0.5395681890655668,2.2713043384539557,1.0791807698514377,1.5275053553491467,2.192866657459227,2.6476960856257383,2.686301697554457,2.609577295890166,2.640440896076098
125,9.499266529083252,1.936152446269989,-1.2631710827350617,9.79298214814226,1.1329033485596953,0.17458698601397832,0.19945394463541333,1.167841875191955,0.264974896042189,0.06997048417548735,-0.015579145768951743,1.144569372994589,0.2954320241233934,0.033691862627183544,1.9291833294245455,1.2219355632381028,1.2896102976987744,1.9346933402376076,2.6091479255207215,2.722996353838899,2.7107333335883994,2.607386687250341
126,9.19442093372345,2.0085353314876557,-1.1880364447832108,9.511804212835871,2.07276380921664,0.21272555752164865,0.16487951834538725,1.9331075115438647,0.07616918445617561,0.2886730746470194,-0.0023384423250840934,1.9955716842030677,0.11612767593189376,0.2560564490059652,2.3011054925147776,1.296680523877823,1.151358923039601,2.24344075722742,2.7100343967901392,2.7222910454571574,2.621479319350227,2.6825486782578944
127,9.415039086341858,2.1560528218746184,-0.919083160161972,9.74815948338869,2.02903049013875,0.11301034628189426,0.5823718294579803,1.7871761498480099,-0.2625581436142193,0.3429505376744929,-0.07631436665075546,1.9002850696888913,-0.2293955332648976,0.2765478893574997,2.402084582589849,1.0641521027721015,1.730094355285238,2.3264584636559316,2.8247647287410262,2.5752154863093555,2.791517342551453,2.8246959366921645
128,9.83641529083252,2.0638094902038575,-0.6352944314479828,10.129454588851825,1.7889484056430727,0.1631762810174963,0.9901940991451547,1.6919231359076456,-0.1303449813865308,-0.34107755110726046,0.03732342237090912,1.7369471204546978,-0.10766036832852356,-0.380100751089704,2.3248383370529155,1.246225672997824,1.7595931429529783,2.2953274674449795,2.823208069399058,2.769132669404159,2.531933642943037,2.8254908830691114
129,9.585408258438111,2.008894169330597,-1.038006454706192,9.918417482202084,3.6003474072749153,0.29321965133330646,0.9424160738247525,3.381413988500067,0.21138861499736553,0.1901781773347205,0.19014382200459545,3.4850233250289677,0.2358945582945487,0.14933472586131122,2.7317714031566345,1.455919708162934,1.9567526872652503,2.6800902971797047,2.7819458187635804,2.7943063413316196,2.789108408200537,2.7731626906448352
130,9.17073187828064,2.2331016302108764,-1.1924631580710412,9.573559704075143,4.822164671530622,0.39501142048781474,0.39385333958767516,4.408912642162601,0.015800423230509716,0.34648668478655315,0.1411657916303848,4.597355602719209,0.09003839980677762,0.301078310596824,2.87928688985467,1.5435672034201908,1.6079783126547968,2.811481607181883,2.746577017360094,2.7804833388457197,2.848471853601903,2.7538137465263652
131,9.05922622680664,2.3661426067352296,-1.2413964197039604,9.517008097794012,3.8898996392459493,0.39518402119809837,0.5248486953613009,3.373966672906457,-0.3094131549638045,0.4634836202882598,-0.09599579665935769,3.592820219671169,-0.16422730882282552,0.3297777193981713,2.6065102973396037,1.5449902534765627,1.6253837425141766,2.563170685623966,2.643876561416976,2.776207964677778,2.712154387354224,2.692068778348752
132,9.483473825454713,2.4655644059181214,-1.4656038835644722,9.981735998263463,4.024311946839324,0.48929246836178236,0.7366458359599649,3.7010132430617038,0.6655118305723658,1.1935981439365082,-0.00731425340071553,3.83091491884484,0.7661445526811783,1.0284844468155372,2.7146848776100923,1.5842063309752787,1.7349802795208678,2.638366752692843,2.7048924258193763,2.724902265153069,2.6280367629084984,2.668458425651399
133,9.664849758148193,2.4425933003425597,-1.2355339869856834,10.094082418322147,3.654537465148414,0.42245319488496375,0.6669241434673342,3.703522428313339,1.0816419463665352,0.6995592596588945,0.0936421069726462,3.6653165147071523,1.1223736096853272,0.5885852869647069,2.494847365712753,1.5289221325453843,1.7619417585325587,2.5240517722901252,2.6217619300685886,2.7052484780753625,2.7540601564068767,2.637221148270921
134,9.368139696121215,2.261097776889801,-1.1629117965698241,9.773083765107623,4.871078435703276,0.40351168990755126,0.8958207083255894,4.816518296556603,1.0488205831507356,1.3369487190929306,0.42527560348395477,4.8371064970182065,1.0488106072791965,1.2681576421254137,2.9619297098421518,1.5396211293301707,1.8765419284544549,2.9454843773223214,2.800981987764971,2.740545131099705,2.7177188944995283,2.797897759263707
135,9.054919409751893,2.15832604765892,-1.213519987463951,9.511724451353171,5.221349025152742,0.9843186798855214,0.9439792063733642,4.675610665737142,-0.24256772783022199,1.0938013031093554,0.39484554841961095,4.918984013159907,-0.07325765538602048,1.0215526427585992,3.001420966568966,1.8707223573084013,1.8612222432544354,2.9044406010057577,2.7810806042523404,2.7066306729503737,2.6773520926851893,2.7644544792335553
136,8.650532412528992,2.3629123270511627,-1.019222792983055,9.126866560339423,2.2030093211422557,0.9847950287575753,0.44410011211755807,1.6889440167955154,-1.0025248884605837,0.017902008247035466,0.10069447264250928,1.905570742824579,-0.7500148250014365,-0.019456113280514255,2.201024853259513,1.8896170153615834,1.5926798507307673,2.1157065169405027,2.542739564752079,2.7166897476818423,2.761963755871547,2.6091133726898965
137,9.003234624862671,2.19960218667984,-0.9065208300948143,9.366232430608122,1.4040596138187842,0.48290785824162263,0.392932385083165,1.2187983426101796,-0.2638631201134228,-0.20948642327412675,0.1262432095136469,1.289241657699247,-0.13244856318449666,-0.21171313065711372,2.1643634155371476,1.6010928085213747,1.5658117374237472,2.0907071078434107,2.77696562915574,2.7421374129214056,2.785728456268169,2.7807319035974496
138,9.437531757354737,1.9401005804538727,-0.5169693219941109,9.68360067357918,0.6085083369453873,0.12991181172788677,0.5751006382714344,0.6041852163094508,-0.06696043248662793,-0.4167370847126124,0.13323944025159315,0.6049993118334265,-0.052122418955286076,-0.4140089833706945,1.6556912056494248,1.2082562528707126,1.6489863972170231,1.6637182737456815,2.698250858948963,2.8339339049950065,2.699871238944338,2.709412556799299
139,9.785926485061646,2.4350559234619142,-0.36765719088725746,10.137557944606367,2.5072498087687065,0.3176281012695939,0.45428191852042027,2.288575882429634,-0.07811399679697814,0.09278658529776784,-0.15683490000184863,2.379184185037536,0.023073778490288355,0.023322203687523697,2.46844853976116,1.3335722198049027,1.599118181537253,2.426248925300698,2.786999660580546,2.525936105612199,2.7185771887770747,2.7885805436409865
140,9.997452306747437,2.5903501212596893,-0.5217549656517804,10.390331417472575,4.40428091987829,0.3444204137793148,0.27870018319440704,3.9455148386039496,-0.24286234104687807,0.6013852044289338,-0.17877806548467423,4.154052981828076,-0.13499313940380872,0.5205649971781783,2.7093515491153117,1.4963877528024654,1.3674100906104227,2.6649755248355995,2.686140650775521,2.7653266537639385,2.6872736494553933,2.707330734272159
141,9.115936422348023,2.059263175725937,-0.8106883329339325,9.43104882882027,3.319639874341338,0.3723263552467119,0.49841028316244246,3.1939504545980464,0.36914797309095443,0.7282770642902495,0.005943065467661909,3.2456826650874206,0.4353749509058113,0.6609869311201692,2.7337197094922443,1.5569476803354656,1.6124366517339412,2.706398079949543,2.8271992415550318,2.7897960983741656,2.7224170331843016,2.826212931982187
142,9.21452043056488,1.9909481048583983,-0.857467994838953,9.523286105752652,11.375611172080701,0.2772037044612034,0.6655511917054495,11.174717891077227,0.9519645845994488,1.9001409682073747,0.19138162973914097,11.269219141387783,0.9786093924793108,1.8506843652079912,3.6704359107659643,1.439199575702694,1.6737586516046874,3.6508064744578514,2.7980846307025558,2.796956043988352,2.6527150877845553,2.7977653022159745
143,9.648817682266236,2.1384655952453615,-0.7999205887317657,9.98473091167342,10.984216827110883,0.26424011291920896,0.83753299163237,10.630978707885546,0.5970272221863185,1.8433225482128661,0.3920484564767689,10.804551004837924,0.5844978790064221,1.7945745753955096,3.645752437992177,1.3651294143819501,1.8811557917383293,3.6172504422061964,2.809540457265358,2.7266857027929277,2.7322610186177516,2.8098652914866507
144,9.147760796546937,2.1866809129714966,-0.7044469935121015,9.522665756411417,2.157337058434158,0.6078906167200018,0.8881143660602498,1.8409035826170423,-0.30066904576661463,0.5528024961167941,0.35079352751095727,1.9789177135265243,-0.19078620341816696,0.5174665661402759,2.240583406066605,1.7056338313145132,1.9209223020936013,2.126272131230245,2.685244288216823,2.7732905906861216,2.7676066920233544,2.655389380052272
145,8.78046269416809,2.3119451880455015,-0.616989326220937,9.183356612753595,3.467801180452287,0.5275606750025894,0.5473970874293621,2.9514461301155523,-0.5106290074938756,0.5102898812292072,0.18504936927400206,3.183540173077315,-0.35915386560896395,0.5119459191131095,2.5527747038391984,1.6011503519416048,1.6212228678238585,2.481970910748747,2.7062550741679363,2.666221896843052,2.670357062930182,2.7245682425772504
146,9.185567593574524,2.3994029223918916,-1.1785847887396812,9.680362315295685,10.730036727026112,0.19771636606633988,1.0702909412062205,9.69429029636286,0.03202044294144901,2.173044647194084,0.18951771998471198,10.187037465726316,0.06852899637299223,2.028215864411051,3.4514241455502437,1.3629106497606862,1.9179028608488586,3.364170274871523,2.6740955438261875,2.8739860050693964,2.6615229951571493,2.672181967125241
147,9.839047408103943,2.411725950241089,-0.8342576077207923,10.279028237763644,9.671304749372027,0.26108672927483584,1.4493062627397253,8.919424269050632,0.6264317668711773,2.437831375119457,0.18861803850893383,9.270708284146085,0.6500865174553733,2.225689246745852,3.4733467026861296,1.388664811601169,2.0747110495037466,3.395570691839529,2.7667279487971017,2.710156399456409,2.6918329168787425,2.761732990009721
148,9.804351425170898,2.307518458366394,-0.07178466971963644,10.096766585677607,1.7840826172780482,0.19567348142065882,0.3921674328877509,1.8565612759056156,0.4575455057840371,0.02992335229489304,0.15531175712273984,1.8186605572123087,0.4790806162792052,0.051275595434713266,2.306722791495116,1.362701795186469,1.56414642266189,2.3345349172321215,2.82342036563931,2.8573258374172137,2.777202014715797,2.8274875813740437
149,9.534919595718383,2.1461225926876066,-0.37926238775253296,9.811971377535004,1.137958249008202,0.05605778405428872,0.5586242277012533,1.1101050237703607,0.13359806694182888,0.023799455727536323,0.14664919973458565,1.1231681274680647,0.13295120029926166,0.023029337114147872,2.007238111733734,0.8401730996080384,1.569711904728135,1.9928396844932381,2.7353750456189276,2.48705421339599,2.578241458071128,2.7268170771789473
150,10.280283784866333,2.1376281678676605,-0.8688338950276375,10.580102313484685,10.016015710425112,0.17871970363872336,0.36092971797651563,9.576713821294819,0.23738306148198574,0.7259485668419559,0.07798170291941023,9.787218578072771,0.2704490194120513,0.6878662559575631,3.5540323264055576,1.0976495911915196,1.524978914123179,3.51298920252897,2.809993280524309,2.4218568468097836,2.7776637286342534,2.808775505757788
151,10.321918869018555,1.689093577861786,-1.2278769493103028,10.719853530890887,14.177938869525178,2.9008308486228738,0.44579782323003486,13.30084999639802,1.2262908696846009,1.7618958571359902,0.6163427709148153,13.719842867533606,1.0394697100035295,1.6696665808588562,3.6717639426353275,2.609324024852385,1.5708185618261563,3.602342734517622,2.669725567262438,2.7960923236954565,2.7123379584136176,2.662360691267888
152,9.857232761383056,2.1533010840415954,-0.9221938625909388,10.37769413864941,13.545561704425824,3.973556157375008,0.7014694732239725,12.910744340772382,1.545943013526959,0.9443660681334877,1.0624307167165388,13.196792305563102,1.534958518577602,0.9350198030341621,3.6866929257231775,2.799120654743026,1.7401861438044046,3.6312030903361614,2.6807268499333228,2.785483954561717,2.6733749760861496,2.6765502405662263
153,10.115179061889648,2.5095923364162447,-1.0790433422662318,10.655118493349178,10.462038768858914,1.1832811191889143,2.4970657437085118,10.192580975195638,1.1099834353648483,0.506276618510766,0.31707090743406824,10.258631299824374,1.326000451579322,0.1503266619544257,3.522786414285465,1.9830748315344122,2.3297112347348974,3.5080475219128138,2.7764836736461933,2.6841793097950024,2.640665445522523,2.779208565229372
154,9.98453106880188,2.039043802022934,-1.251924782991409,10.393741318875005,3.41038044557768,0.5714373459756652,2.363007820518842,3.593264926826616,0.8883069227204694,0.6618310507205291,-0.10102253338743342,3.445969935950758,0.9916367697365411,0.2023253760607106,2.6213953691319776,1.6087906954411901,2.3268969919462714,2.630475459828223,2.7010940734515216,2.6068592605645513,2.675599224362711,2.6779359823429094
155,9.704092168807984,2.0818753600120545,-1.113141119480133,10.062356377766918,2.2175935843039114,0.3623361757824921,1.2649042275199094,2.2571256865922096,0.3675069981226282,0.37185968177822076,0.1362088057820036,2.2128966022905474,0.3949800757013536,0.15826791664004275,2.4213882079960447,1.434479998542096,2.056028435553512,2.435819940972959,2.7959051446244505,2.589255358396195,2.7394462173736303,2.803214780753549
156,9.542337083816529,1.8632909953594208,-1.2407981991767882,9.902178737402126,3.8079584934683877,0.6456627767346792,1.0675770650712921,3.4311844175787853,-0.9984676727806212,0.4926337724487769,-0.1189240855243662,3.5888677033434204,-0.8941028446576292,0.26235733597111627,2.720512220459106,1.5645363935531509,1.9929172933614434,2.6661602218972993,2.7790674546430076,2.4961718343328925,2.750131819437618,2.790540059723226
157,9.481798696517945,2.239562359452248,-0.9676574472337961,9.935765725417447,5.487996309943807,1.9462354996286202,0.7638820304939177,5.184499595825915,-0.13994592934082145,1.1409779104230442,0.6193374095083085,5.292601772064614,0.2272564802603004,1.212172468070382,2.934185263478483,2.288845977368044,1.831175609070415,2.9031210140495167,2.7235921451073772,2.7330552110221014,2.7454134238326926,2.736287524975046
158,9.532526588439941,2.4447469264268875,-0.6697510275989772,9.966892161008518,2.6602850427763762,1.2934143699591192,0.8816766118537416,2.6832473755207973,0.8187515242998505,0.8224209610899987,0.7348646533633089,2.6337917454151736,1.0644651464368209,0.8790422175499676,2.540449102627597,2.0689039302185734,1.89800300470154,2.5321475907401507,2.790474779304591,2.7072103848485174,2.7666895923260673,2.78523754820893
159,9.884032249450684,2.188714861869812,-0.1380658656358719,10.153910318377463,0.4368070051605172,0.09764867948447431,0.43551090861914576,0.34021257679302996,-0.18930869831562722,-0.31325958511214785,0.10500683095055732,0.38526563314653883,-0.1651573727129925,-0.2828413269686416,1.567161649554032,1.1084234810241367,1.5043429461875375,1.4701027478866235,2.7198408058796524,2.786025541558528,2.6493425230162133,2.7182915918465653
