,sw_mean_ax,sw_mean_ay,sw_mean_az,sw_mean_acc_magnitude,sw_var_ax,sw_var_ay,sw_var_az,sw_var_acc_magnitude,sw_cov_a_xy,sw_cov_a_yz,sw_cov_a_xz,sw_cov_a_xmag,sw_cov_a_ymag,sw_cov_a_zmag,sw_energy_ax,sw_energy_ay,sw_energy_az,sw_energy_acc_magnitude,sw_entropy_ax,sw_entropy_ay,sw_entropy_az,sw_entropy_acc_magnitude
0,8.239325618743896,3.530669555068016,-3.698227047920227,10.074272854316401,4.658048761353527,3.807588031028099,0.5945194897270591,1.4068474754687945,-2.9911105855203424,0.9795031604500107,-1.3447746383240504,1.2795360771921567,0.46709330832214363,-0.26126537751351175,3.2972550501606217,3.1113963897628403,1.9030684416957508,2.3467722000544655,3.401681243436286,3.387889375387341,3.3014937769336004,3.32087011129374
1,8.769096779823304,2.252304121851921,-3.1635508269071577,9.64991092332966,1.1650531608849868,0.6913153267649619,0.3316199095900386,1.0158911638517576,-0.1820514898147755,0.06549338809304057,-0.3068142899211117,1.0225537400291984,0.09427553009417003,-0.11640582130647456,2.3075825352338746,1.931256861425392,1.7472895403813609,2.242223715110503,3.378280692766243,3.278890268544634,3.4629899667269433,3.39529312946189
2,8.90417172908783,1.9094724893569945,-2.7952954143285753,9.568127184862325,1.3197091817732236,0.28084540064165847,0.2887766823510092,1.0636676712921167,-0.020106045652713907,0.21034583888351074,-0.08414649225010742,1.1567241563766286,0.06735002930330314,0.08757342452074944,2.3928012891257042,1.6774842680321402,1.610776774718943,2.258828698560346,3.3948218520290205,3.46897418812701,3.367629004969854,3.373500946057391
3,9.362038111686706,2.0355144053697587,-2.7337400525808335,9.990624085196846,2.3606099014190227,0.42592311102434705,0.3878712418711459,2.6121904722750333,0.7957668670984414,-0.32247919278709103,-0.12962277808474995,2.465455576816611,0.8669600419029647,-0.4404465767610991,2.688498472163994,1.8760726665573777,1.7238972584536882,2.7626729394288647,3.367282696224795,3.467112927086818,3.3369359258408458,3.356279381125107
4,9.403433775901794,2.0202601552009583,-2.923789969086647,10.090004229526166,2.9531388723299776,0.3586484273420649,0.42794305319614906,2.9667870748569958,0.7405090922041873,-0.18892862476984737,-0.10416851526908279,2.9283651325888544,0.7875175299000605,-0.338596683564031,3.0282832483331377,1.7625599205995692,1.7141346773078816,3.025246317373782,3.484414256124876,3.430750774446285,3.2822530654430957,3.4842235540467494
5,8.896155548095702,1.9729420736432075,-2.9422745525836946,9.623794139086185,4.0171370855062305,0.4506170451717448,0.26658618622261415,3.784237622682642,0.6804835123096397,-0.08470946369584822,0.015515673325046131,3.8762468498603218,0.7054087312232512,-0.17341128744131873,3.4058637704009747,1.9320501066911269,1.591106212744101,3.3837914129276823,3.568842968001732,3.5201973508532842,3.3743717949898215,3.5875212426869427
6,8.906085896492005,2.0394027188420294,-2.791466921567917,9.588123580359012,4.957853090721989,0.5527239389057786,0.2363145332318487,5.067612821613837,1.0612019186125115,-0.539133865142175,-0.06755822292209301,4.999687391148079,1.1144990778494888,-0.5932138130506895,3.5738141174568283,1.87308342214982,1.5687154156525924,3.58697139490362,3.545333478989729,3.276460905826466,3.4059003933053584,3.542029575968887
7,8.929057073593139,1.9070796191692352,-2.6073989808559417,9.525397677041077,2.778308765434313,0.42100898971260453,0.15682957834515368,2.7718821405930147,0.2998322618183021,-0.3234286285835187,-0.03303803311878611,2.763748823629211,0.36990087927073345,-0.35376696957609755,3.152447221509691,1.8602512711515087,1.4786692760526838,3.149696488600694,3.599622384120016,3.496368894604622,3.5299215476710635,3.5951935387345326
8,8.876295340061187,1.8904495015740395,-2.5186252653598786,9.463161749238614,1.77859872143065,0.6184566415119365,0.18751541147475173,1.7173515098531111,0.2520457807535615,0.031751436542688194,-0.03437619179980453,1.7237943174946209,0.37879651972634704,-0.02895285624196687,2.644390962134245,2.0271461070467653,1.5083630305861648,2.641165496088813,3.4328559638993013,3.4355837621900163,3.423128089730349,3.4488639100561547
9,8.829156494140625,2.1887746855616568,-2.5532614052295686,9.513724385000682,2.3567055729778,0.6551327945188448,0.4649612828380392,2.197754677882741,0.30352969508599503,0.08629875264862505,-0.2432152039643815,2.216804446354489,0.5160683316701604,-0.10555811004035232,2.8182353016172423,2.024475115649513,1.8447943999359908,2.7978585661303543,3.420873828365508,3.4104573213116156,3.3652042707487513,3.4433806751578206
10,8.768019843101502,2.4897319301962852,-2.6367709159851076,9.600020069361939,3.0873273900602234,1.129333631565769,0.5157952335357242,2.5469307007960786,-0.2349523848315058,0.10577876639477476,-0.43689072851387206,2.641266334246256,0.3312853557506314,-0.19986698718709098,2.9767505819585036,2.292994644189188,1.8915791658038694,2.8971454850982488,3.421847721354001,3.3971062041234674,3.4059665923706057,3.473505991658466
11,8.849495494365692,2.7430720016360284,-2.711905521154404,9.800957717443293,2.5905431634254197,2.2185405776221487,0.37453045556383957,2.2437925427804095,-0.33596669846189503,0.09004322790930909,-0.5706162767855063,2.1848133170825967,0.615477590873625,-0.197242105322283,2.904181324258338,2.654663925369488,1.7929436585097216,2.8695324846181967,3.449262976324348,3.340437683120422,3.45223043587298,3.517116198165034
12,9.257950508594513,2.2633709494955836,-2.714238518476486,10.053765419513024,2.3358810223990654,2.3772473802079577,0.2982565811648084,2.058961700891288,-0.9124939466056688,-0.04180462059987214,-0.39222265351242785,2.0487836840674674,-0.108460899954338,-0.21959749076671634,2.7994396627883584,2.4682774888388486,1.6400339116690341,2.71060152750266,3.400617093372691,3.1929670499650116,3.360179689220486,3.410803302243942
13,9.672506964206695,1.7255242769606411,-2.9936604142189025,10.33794527399538,4.174785584035866,0.8363858319398486,0.36712509192907544,3.966722344361683,-0.005917554382990789,-0.23199156819876288,-0.1683150880424982,4.028232865052364,0.1961002982010167,-0.35790755907292254,3.162751248639106,2.1751044838630205,1.6731375090705647,3.1577197184379853,3.3640920785959514,3.405938282536385,3.3030619149777114,3.39435031343236
14,9.321958327293396,1.361456286534667,-2.654298338294029,9.880343962004932,3.1558119840733134,0.5576472416045077,1.3139417999876184,3.1572196278014273,0.6037320089692277,-0.09593929189573942,-0.3885605619852409,3.1060906332262794,0.7280948516939346,-0.43615087698029104,3.0388859110661377,1.79662265773905,2.299121246968947,3.0607633047813225,3.4296617047598383,3.281786732496286,3.330943391574759,3.4366608951939095
15,9.036255443096161,1.0419546093791723,-2.147857391834259,9.436986977263008,0.8727184627065193,0.9099643084720801,0.9185714185255566,0.9537157358753685,0.51941852276085,0.012705997238028338,-0.35158337182845006,0.8831080232573648,0.633899085526644,-0.20823901053560803,2.3078731002112676,2.2042334321666117,2.1874591985409912,2.3003560027104997,3.5631682074207345,3.3971304641884617,3.405710662929801,3.508604498099084
16,9.319086992740631,1.9170696407556533,-2.6074588030576704,9.939568763283877,1.6701624326851676,1.5042888796082272,0.3402953999278237,2.0012621946510443,0.9936117034322819,-0.3504815086384345,-0.6271569769641586,1.79680347845565,1.2937249720097488,-0.496129709846599,2.593797495871503,2.33356973445483,1.659337269001668,2.7037226862218176,3.4345475368567078,3.2674817169794905,3.3182741858049964,3.41982900938322
17,9.51984474658966,2.336591273546219,-3.0591639161109923,10.316014306839811,2.3555507555667226,0.5480899216942955,0.1934460151701356,2.0975333237080807,0.3210576547929156,0.18949854664744015,-0.12441967378014823,2.190171947112863,0.4471842485628851,0.08637045209932534,2.715820199078435,1.9891934459961675,1.5330280957231799,2.630727831916691,3.3731202712594093,3.4693198945182555,3.4737284083959232,3.37669302611692
18,9.306764078140258,1.8683159053325653,-3.0792037904262544,10.033326113581477,4.446855192155942,0.40044646808498474,0.20084307579630303,3.940785771709019,0.3635977842933749,0.21936302808931216,-0.13983746624394233,4.157633307721492,0.4549083663677352,0.11230945486082246,3.369092350581748,1.8252691932616942,1.5112209026034489,3.267002690785694,3.4723927316696614,3.4325118984407337,3.3944121663176188,3.4678420492956854
19,8.997372114658356,1.6737794399261474,-2.961297458410263,9.65853211343904,3.8758449211898083,0.3468266504879917,0.18253091429384896,3.6219026234128697,0.5134493181739769,0.03155213104116298,-0.10619995620545726,3.7233628418958054,0.5816727518140443,-0.05029842600413625,3.288938995542757,1.7197349592323983,1.3784188425780342,3.204074222659352,3.497633433086787,3.363241626518354,3.29580267596485,3.477412428507399
20,9.000362956523896,1.818605011701584,-2.905544716119766,9.663933619888123,1.795368834397168,0.41385678703635026,0.17087187608461343,1.7282355749757738,0.301508647778959,-0.09862461718500751,-0.07820076588639648,1.738914273609854,0.38947224975401357,-0.16377930330781248,2.61502250757947,1.7940171394933038,1.3627665094721126,2.599711035087793,3.4246858498280117,3.3984002869335406,3.2973734621184922,3.427499410268453
21,8.94377269744873,1.9703698098659514,-2.7721448838710785,9.608789717444456,1.6859362119218473,0.47876525538846637,0.14042639062331339,1.5147429085662705,0.0061107781858234286,-0.10083675497402617,-0.011106077242559778,1.578309321507925,0.11546026492022086,-0.1356893693828799,2.6140973005605526,1.695200318589246,1.3436928065782008,2.5632575127134087,3.463311686697923,3.222897682539522,3.3591296487879134,3.4773599038584164
22,8.85966489315033,2.0786450475454332,-2.6878576934337617,9.542292803105125,3.3281362680666997,0.6044619643041518,0.19643101866236995,3.0866233972534824,0.2173799733025465,-0.09608965284570879,-0.12767230195853213,3.1671280487237268,0.38662046619612506,-0.1807940590858287,3.119345722924593,1.8916495459840574,1.5281225296689809,3.062521154094113,3.4448077941857957,3.3258270830527867,3.4387227876285986,3.4486296482270813
23,9.158887445926666,1.8044873386621476,-2.6076382994651794,9.7888404705721,3.46108531590843,0.620657177596797,1.171457909795345,3.3247630136312396,0.17591790196010754,0.1744161321066383,-0.16198227217273833,3.337284703595435,0.31756771994274235,-0.11304446254581976,3.1812227111631897,1.897371258204252,2.4433319230829214,3.1264326692532247,3.479357182918177,3.3263502452388103,3.5028664556188374,3.4618437935403326
24,9.517332422733308,1.4430514752864838,-2.5326233386993406,10.023180991074195,2.6829649120874275,0.2514978139131648,1.0666026462520877,2.5775143989508424,0.19667870314845964,0.3419861070139671,0.023206756750505538,2.600780486828208,0.20885415601344834,0.11923816545408684,2.9494905023233478,1.6027137909337352,2.3580535974191683,2.8993897981972627,3.4596193259704457,3.432686412137367,3.482722751372134,3.4550982762362303
25,9.37125061750412,1.475115329399705,-2.675773933529854,9.889119128605962,2.6110997837192125,0.3412927593590072,0.20437948946323892,2.501789852745466,0.4547146490487688,0.0984647462865869,-0.05472062139935852,2.5428558319410115,0.49284121597925395,0.029763651302769017,2.9560728041337025,1.7570408781288074,1.4464161077187907,2.9363630778550642,3.4494669205139354,3.4521043610322186,3.313765371304812,3.4616991249986384
26,9.106245601177216,1.7411373887211083,-2.825205686688423,9.733110531042232,2.7575325518674743,0.41874971007522316,0.3300697534741008,2.6895468030817233,0.40967660455658106,-0.14311146376257372,-0.17604587391870974,2.698581929547786,0.4978204186170848,-0.25450277642271496,2.9652859033097365,1.7860307596817442,1.608280822763638,2.9630098666817632,3.4427452209071276,3.3749280278339877,3.268139923752186,3.4525047874923542
27,9.472467088699341,1.9646868228912353,-2.8633114099502563,10.116793743569058,2.928048176817858,0.22430267508727506,0.35480946927460605,2.9293794380698226,0.2471083358062172,-0.36349495779381297,-0.20984486287224152,2.901737863856721,0.3355823160390789,-0.4830286652570708,3.0937669462520563,1.4591063582986215,1.6517993239155486,3.097482394865666,3.510290450345219,3.285997894608581,3.34500317055539,3.5139950347117077
28,9.161758875846862,2.0612372130155565,-2.9605796337127686,9.879506214005184,1.6694500060560422,0.3264836592835541,0.3745441013916033,1.700645235927799,0.24812863165696614,-0.15518643620380793,-0.18267368501635245,1.647742785460843,0.35643965034899866,-0.30562520933440146,2.5910962206825467,1.708316432735787,1.6920158608693732,2.6330487538811616,3.425285584535781,3.4104975718923805,3.3413568349487184,3.4558382249376143
29,8.571090543270111,1.7632111623883246,-2.8476383864879606,9.266967375465034,1.1529369174539985,0.899586087205606,0.2904466367591873,1.1171919453895636,-0.03254539696890508,0.0349053883586463,-0.2221448072608793,1.096799089467368,0.15226669088893,-0.0997013841362852,2.3848484795590834,2.1228865118768234,1.5324528217139066,2.4003362593806825,3.439980290765512,3.3584701569992315,3.275154814892645,3.4824004358508778
30,8.663453578948975,1.5486946158111095,-2.729911509156227,9.287071733486894,0.9637260009129792,0.849110451140931,0.36836347718043383,0.8033521267097294,-0.29954977130492133,0.12424120188166385,0.06904984229433779,0.855955568631507,-0.21746116751046637,0.00718724720538311,2.2193860543198882,2.1322275604083556,1.8723390847350136,2.130909210345161,3.42809102682867,3.363052698606252,3.579338952304385,3.45243380585073
31,9.279725074768066,1.707278946787119,-2.759642353653908,9.905890999368255,1.4752705592075195,0.4759885129649598,0.7740563452018102,1.2043393087971073,-0.15586148659050997,0.3069269615238613,0.14641093830543717,1.2928603611070923,-0.11646287758724586,0.07093778749882948,2.4552333024043866,1.8408061387376433,2.1471744647952407,2.2582619864283435,3.3967136475027595,3.4123100511379816,3.460697793100878,3.3123250243045974
32,9.483234584331512,1.5466607496142388,-2.646581453084946,10.024473574992905,2.6605868088215985,0.5545202073769305,0.5334283734065944,2.556966761852042,0.2517518423079899,0.004012956820599076,-0.006453389104035632,2.572737147628606,0.3418881881484667,-0.15855795050192595,2.982613048445425,1.817537376710978,1.9690506029384838,2.9244258950973943,3.488623187340208,3.2680081625455837,3.4385122669843806,3.465762455741999
33,9.154580342769624,1.5102898314595223,-2.680559480190277,9.695629673163825,4.233957316462916,0.45722234796229416,0.1750232985808579,4.114901419351912,0.5801255440003112,-0.278173023749403,0.027365228438015636,4.161593890587028,0.6060364981878655,-0.3209463996824275,3.2381992926231304,1.7341377445683546,1.4720533362014412,3.2253606952593232,3.385430226643638,3.2670218071825987,3.419039352068128,3.3958570670486097
34,8.89830904006958,1.6357335463166236,-2.7428925216197966,9.48774554611806,4.018878787313821,0.27042239595273004,0.19868132947220224,3.833286968538017,0.4578110314349327,-0.2641675760127923,0.045079265771179475,3.913217583087397,0.4543863102175917,-0.3124644118457042,3.2816421565952028,1.611015238212819,1.547152388540062,3.249521411398081,3.47125260306535,3.3827364098055543,3.469619175073514,3.4738392298764498
35,9.47115079164505,1.8436099871993066,-2.777528649568558,10.073578513897857,6.070360864374356,0.3875987366449566,0.2225275445167451,6.002821941935226,0.9250498019563403,-0.4860064681108279,0.015517510582611957,6.027383396243206,0.9338967531273437,-0.5264125201155916,3.702343110812599,1.805138654170958,1.522746390104149,3.6841082945463453,3.5200111365940274,3.461999370727877,3.349689548899617,3.512225181828805
36,10.105009412765503,2.0992232635617256,-2.579223483800888,10.717889350959389,6.28756686667509,1.0149228477162358,0.6905384324200249,6.246561667159541,0.908931463421467,-0.5025905365398852,0.5462934452923992,6.254355295712481,0.9983558093648012,-0.47326805343666795,3.632998091523468,2.3230443596239776,2.0446612221377527,3.6340441681600257,3.4516985004564384,3.4795364157410047,3.423900862563895,3.4519453636680275
37,10.006783962249756,2.047478498518467,-2.4829123616218567,10.602876384685437,4.146216939538588,1.1183983044206387,0.6985130581772648,3.985445877119985,0.4501327795591769,-0.054351191355923215,0.5420295646227805,4.04053860774734,0.6017816368224336,-0.053573373407163394,3.2469049579690594,2.284040257005897,2.069449709698591,3.236800620642629,3.4692089031323126,3.3638705922487873,3.4010200813936935,3.4829704844974168
38,9.531808841228486,1.824766543507576,-2.6006990730762483,10.097699843293018,3.88271809454028,0.4536680175114714,0.2578282275264001,3.553441280589336,0.4096062230709825,0.22906040061509744,0.000572841859030089,3.6925576085463274,0.4869718419240809,0.14754627903613768,3.20337729094498,1.8474322488806787,1.6100573139648935,3.1398217544470515,3.446573118566792,3.418334797451736,3.441590367289688,3.450093705189076
39,9.046664249897002,1.4961123924702406,-2.4953550696372986,9.618701358425788,2.7485438332178966,1.169514328921667,0.5913357511891525,2.2405400079439755,0.021926451816773895,0.4907358576469603,-0.3425636468057379,2.4263778182291778,0.28522281930798643,0.25010254758592143,2.965253406407045,2.1999124576324496,1.983206346839525,2.806279171265658,3.4507273380058905,3.287578059117774,3.410621866325574,3.4356843718276666
40,8.982297277450561,1.2342777642421425,-2.682832744717598,9.566371250332518,2.823082261292563,1.1960873106703251,0.6611134592139266,2.5133482791140906,0.15064499072419552,0.15024226388896886,-0.4396611506211662,2.6044369169211197,0.43504295013542926,-0.08557046232276051,2.9449079421489106,2.070541698702695,1.9937974711843796,2.8427603182063828,3.416640372179635,3.0976993383423297,3.3505127346917307,3.399303058444895
41,9.024769759178161,1.3938789947889745,-3.0120851546525955,9.671015960581666,3.704125534033629,0.5578340535362,0.2751636601871694,3.4432515834941753,0.5379684399634058,-0.009392376130973101,-0.19822541749661382,3.539324591550795,0.6463975123369361,-0.12845448593672962,2.9649323666002507,1.817502121105574,1.7241108252972857,2.937508427869371,3.299984282127534,3.2734269632624104,3.5387901310924743,3.32522683666002
42,9.662098073959351,1.778884144872427,-3.093680387735367,10.37127815812762,9.003882550975426,0.779259434457065,0.37385495552751113,8.647269453668695,1.7800245499044014,-0.06250420708140336,-0.19261573513915128,8.782913286163216,1.8730064826072759,-0.21874407749826993,4.0711142617027445,2.196090847576002,1.7943724356266744,4.04283338215741,3.537055367314452,3.496720061702215,3.4589644188628017,3.5438924199611033
43,9.745966398715973,1.934357789158821,-3.1047471940517424,10.468682645608126,12.250572865321011,0.7325851542275142,0.36229043508856235,12.08569451196585,2.5194910191002995,-0.4262363331785743,-0.11548018449055078,12.14242392501744,2.53964191049603,-0.5454199540211562,4.275337844357965,2.0991605315632484,1.752832277401479,4.266749540188836,3.423726540847932,3.4037772899561523,3.437997416404797,3.425486836078769
44,9.605148875713349,1.989273077249527,-2.9934210896492006,10.291475398947913,8.317227691712278,0.5981098369351441,0.3517244968432189,8.510340213484081,1.8884490409650105,-0.6463538334650915,-0.1714677777040355,8.392518487021807,1.9382505621158477,-0.7585276556726418,3.8819300939719583,2.008290581833889,1.7125764081247652,3.89318206734565,3.4293679359812774,3.4353292886335987,3.3600228333805147,3.4249669190616494
45,9.21452077627182,1.9429719626903534,-2.8791637897491453,9.87585712806242,4.604581406277729,0.3908823353515925,0.3911192228956825,4.811776091137507,1.0577914250852,-0.5179373394513259,-0.260015519693419,4.678602465730355,1.148124753488138,-0.6607519008111377,3.4258593139915785,1.7829456804724158,1.78526483609531,3.4424254474237945,3.510065434837059,3.424321823393423,3.3908256196329587,3.500574259668946
46,8.850572478771209,1.785344770550728,-2.489851614832878,9.425376861465256,2.980210064527728,0.2790153356791853,0.6523649226093079,2.764637743284366,0.3710455806158057,0.1760647594986659,-0.06514077665953737,2.8349870757991305,0.4261912898666088,-0.020231107458175655,2.976451273836634,1.6799228615159856,1.9437142941576242,2.894998142029899,3.399612197060533,3.4476476850974476,3.2786754867068613,3.3823641508568647
47,9.26153963804245,1.6938791394233703,-2.3949163764715196,9.823023554971856,3.91003599105005,0.6591073037936854,1.0992782502637994,3.503473539738044,0.5779632431771096,0.610880180307924,0.28515141495155033,3.6356955235921533,0.6027035412384151,0.2747266408125773,3.227231259397228,1.9804713959702693,2.249398021882532,3.1375521291994213,3.445521131691177,3.364110068609918,3.346395955434481,3.454064717569931
48,9.589595448970794,1.7451453924179077,-2.70783771276474,10.228883466298658,7.929767802971176,0.7888877522141188,1.1294366652641297,7.497529581630807,0.4891408757158516,-0.2145916101106321,0.19741718818887843,7.636123528756145,0.5870649555562459,-0.5285022220497033,3.90369768137423,2.0535676795587676,2.3072222411147734,3.8481019392473366,3.4711945467232366,3.3225051056307566,3.3967041758171015,3.473966237371726
49,9.369934391975402,1.7704495042562485,-2.87736918926239,10.038816348766774,9.196570120529154,0.561547176527924,0.7144711533789323,8.863954321301664,0.3986269167751363,-0.8462180979065906,-0.2206578321252038,8.961435776223023,0.5828632234633851,-1.073387505802291,3.9996621702209194,1.9098353610627166,2.14594340282051,3.964385892041305,3.4339013863962817,3.3989580384345928,3.495358735792293,3.438898120370739
50,8.529575097560883,1.3128221394494175,-4.206821471452713,9.760514166205436,4.09999739300543,1.135732251274516,1.7233615646775364,3.78664343330394,0.3621331402943927,0.15461139610815755,0.2856261373033936,3.7594799856519594,0.3201826224889746,-0.6055926947494642,3.314530219070486,2.142726720485445,2.233776891429208,3.245401022550566,3.452723288497856,3.2684341863110093,3.129226168495177,3.4575929808725694
51,7.434858727455139,0.22043876852840186,-6.1368723034858705,9.787687076942557,1.8154733979866735,1.4526892922431982,1.1627482242417961,1.5469118386047516,0.5800090899502105,0.03558399742415331,0.734141128172288,1.418908221330757,0.10282374367248008,-0.67241908864705,2.6143708525137566,2.277609284943571,2.1682303217391055,2.5088567764114007,3.38446522290248,3.2314672520409915,3.2312595608018237,3.3746302041935348
52,7.620182967185974,0.00520437695086001,-5.1709496393799785,9.63799311146295,4.063865773506444,1.1295736068529867,6.012173295583237,2.913330107047688,1.6793064142190188,2.130297906639738,1.5796464993209438,2.6587960081158593,0.7929406022937895,-0.9539138587544449,3.191475720391866,2.2265077677001273,2.988065111903076,2.9895422570242194,3.406625576965596,3.3180086832583715,3.0981433158329614,3.448570071735604
53,8.84028319120407,1.1736196786165238,-3.0997222855687143,9.696578644004578,3.587672331609456,1.580957355906651,2.7751435410775795,2.931086971164857,1.473548847753213,0.9134865782877808,0.7412671135206431,2.9078247134638993,1.0997406559067215,-0.41518423177018093,3.099852076716649,2.312505205766545,2.78574040721521,2.97754499083782,3.4375517592652525,3.167750426336199,3.310918759611559,3.4490450315645256
54,9.070951342582703,1.723310899734497,-2.777050119638443,9.715554843853898,1.4892103261920422,0.6946754019116319,0.5998105547386473,1.3190400363783188,0.034993778691217926,0.12732488638739975,-0.24436793748912117,1.3443588748338369,0.23939687416498778,-0.10323422177670337,2.5231298117221157,1.9089969882271196,1.7673758661788768,2.4547292973896386,3.4495352151525367,3.3120187190172152,3.220803747178162,3.4582242091159987
55,9.069754922389984,1.8616160467267036,-2.907997357845306,9.768004252534732,2.85332296879864,0.4429301030589927,0.5015382729361553,2.534827461046592,0.02726145928170356,0.009925813048217644,-0.22483062399711345,2.6455604989601404,0.16685478552242272,-0.1786884148764106,3.005272003523136,1.824553380005891,1.7784056147592506,2.8831586674562084,3.481689545671973,3.4048889165669776,3.2759105572546328,3.4550966376108123
56,9.419106841087341,2.0898912757635117,-2.954836830496788,10.131385544367271,4.419035714857455,0.45556798942304655,0.37872179536191497,4.405435114593154,0.6978845437896766,-0.4290857125349395,-0.11109405671346774,4.38213759365188,0.78537095884411,-0.5425258821488036,3.276046090103664,1.769239674364113,1.8012099112455864,3.255807085265883,3.436892886893405,3.3086905741621666,3.442082026835066,3.4238480851116453
57,9.40367329120636,1.9858633071184157,-2.964467924833298,10.106478728569437,3.7571525878143768,0.5266900672604473,0.46793681215707267,3.746530470971402,0.7301513890973975,-0.19807451666078307,-0.20255506658649564,3.7097808772490293,0.8482114679616881,-0.37304528471161386,3.185652823057993,1.9262650247310467,1.7771546840087316,3.180742939801574,3.4309733549847468,3.4228779578988906,3.3147624773571485,3.426457760809262
58,9.106843733787537,1.9223339088261127,-2.6643481880426405,9.744368646370106,2.509474882069472,0.5707474551958364,0.5490407239018052,2.37387988107815,0.4675827335321053,0.07812747886527602,0.0425308304649008,2.4107781387307248,0.529888656740791,-0.07124338858091776,2.737814095633232,1.9994531973023604,1.7878890875857962,2.715125893425528,3.333768104037194,3.4414161958532223,3.252939898524751,3.363512514863322
59,8.880602300167084,2.0910877265036105,-2.5455445289611816,9.520324184049189,1.8179283791705059,0.5865116894565954,0.3512229413488509,1.813067597872699,0.6247903608137877,0.12452782790216745,0.04910393545265062,1.7960486944485574,0.6869694494346957,0.03374432843781814,2.605002106471727,2.0124509214264865,1.720270666289182,2.6179886221822626,3.416688988257628,3.4680967408579737,3.3950766604301923,3.4349454233999017
60,8.594540309906005,1.8731015805155038,-3.0651459991931915,9.41308363609966,1.0494582319399017,0.6260571708281204,1.4446860648535156,1.2367236478181798,0.30816096552755284,-0.0017818850756536032,0.06368367630703678,1.01234217778803,0.35222802484889204,-0.5915246800426623,2.3543422716234286,2.005333686936723,2.374308167213514,2.4138966977885734,3.475363897945163,3.4026704424098733,3.309419569614929,3.443466005727727
61,8.222934949398041,1.5853646328672766,-4.102793443202972,9.465202447794272,0.4005803864861613,0.6738831885375595,2.2609070993038975,0.6409059164165983,-0.06367792285764831,0.021107192690899862,0.07131546039503033,0.3232858315564299,0.003887287464742938,-0.8912885402839328,1.8302969704084553,2.122889344199999,2.5595425071815407,2.027909338206303,3.4396564568739416,3.5013776020998453,3.246742074222366,3.391916844740325
62,8.851649117469787,2.646162736415863,-2.8584060609340667,9.723597081255786,2.2630825988327254,0.834917710456659,0.22142242124708134,2.269181024873027,0.3780140741427045,0.02431747511845837,-0.05691860303072325,2.208548156933801,0.6370018463368986,-0.0608437255849422,2.8061656849931023,2.193325575299475,1.5479143667630444,2.765086565066856,3.4486584932242526,3.449621415534292,3.4314381134979395,3.400748649428229
63,8.600522172451019,2.7873392403125763,-3.0985856264829637,9.615962309342489,2.5346980515893427,0.5287133496060329,0.1650616996794358,2.0723125156023365,-0.13160559443341743,0.12411073159641525,-0.09638572767457144,2.2394170803497144,0.07915375184607805,0.024164539595052867,2.908614743804379,1.8276730823803091,1.4610614956301153,2.7699560793567692,3.4706515171579584,3.295793789847157,3.4634998483430306,3.4803958194562283
64,8.347002732753754,2.9188248366117477,-3.2765518128871918,9.520446148126956,1.2288620084001802,1.0205777755099497,0.4311445630692059,0.925599701409154,-0.5015820557477355,0.16124713675088628,-0.4147615786686255,0.9389233280766474,-0.010034737145857694,-0.12778389097336618,2.347393293467783,2.004632773191029,1.7744662324805043,2.2650791800322647,3.358877641205052,3.153960666102821,3.3518464265244594,3.426250240472675
65,8.872825562953949,2.9787650913000108,-3.062214747071266,9.977723658610774,3.1280661857576075,1.6423950251137767,0.7384399276227284,2.8650700506337756,-0.18961279401627337,0.04725542853667724,-0.6940759971668864,2.7767741370007037,0.5707467502426427,-0.42271116265814784,3.011251914772482,2.3601272880772073,2.0435498531231517,2.9467773857111017,3.4030790964990807,3.265817757424356,3.345816728139786,3.4090860913483567
66,9.093922305107117,3.137229782342911,-2.906202706694603,10.246235672430874,6.939657194877796,1.8853721527316203,0.751944744578691,5.476771339314349,-0.9313530693018922,0.7177290443707871,-0.8801747624775991,5.885541657590958,0.06978072817531406,0.11199603630191131,3.7740463941745768,2.221350296579552,1.9450281355816528,3.5585485187484713,3.4756793305954576,3.010738128322518,3.2816851981777013,3.4807027764960123
67,8.757491505146026,2.7444479554891585,-3.2386255085468294,9.941576563584613,5.473669006758273,1.371693814447591,1.4444010492307569,4.063510186425106,-1.2597820761408378,0.8706951596342478,-0.5145901033557141,4.452208572836791,-0.5006100116781896,0.09096884321160956,3.4546881655458215,2.2831175880931567,2.3216190534158274,3.277061037316784,3.413739875732431,3.2402344287774594,3.2518629356963213,3.454980199846163
68,8.915058958530427,1.9064814642071723,-2.8022943258285524,9.70352684537227,1.9670601397435041,0.8861719808949409,1.820840760935381,1.3995785812145711,-0.9083589020841163,0.8170179434699534,-0.7142704289550188,1.4804077705458176,-0.464621203440025,0.028415536870936144,2.4810300348246286,2.089008706949013,2.3337394090675057,2.288543444132736,3.211986807054533,3.319620245201011,3.1680888051823084,3.2380183861969343
69,9.58098155260086,1.9276579305529595,-2.3531616151332857,10.162001172381764,4.313669489537573,1.1030726650241878,0.7548310993822417,3.8968802979954296,0.4248934522549507,0.8121373890192027,-0.5563694597381252,4.034232107889834,0.7242114739904415,0.5207534153485864,3.3428447341596703,2.176218584914272,1.9685573926323472,3.2668746232038117,3.464335038893667,3.2786877501608305,3.2550297823030263,3.469758242122181
70,9.18484981060028,2.45497622191906,-2.7911079466342925,9.993129819562574,4.330326101906063,0.8713830593487234,0.44041901833735564,3.914963330983212,0.5357865404231738,0.5380966178216515,-0.33937253669139483,4.048858455666052,0.8122755939689983,0.31614253599759556,3.384145402706595,2.16457001525918,1.7454674673284223,3.2958444192993634,3.5010467420063183,3.419043255083197,3.289911475422395,3.504677932944593
71,8.761918270587921,2.2770099967718123,-2.774298346042633,9.551131619153239,2.0718919396376334,1.2274824818267738,0.44161250455705214,2.1292970925110852,0.689619792979487,0.4540607433550521,0.12577789143257734,2.038535071238234,0.9826484653521,0.3429753084782294,2.695973877213663,2.4458832584588386,1.8243063361798004,2.755943820000011,3.4058311354578312,3.470661564627093,3.401095777463516,3.441685936446475
72,8.719206202030183,2.1157935589551924,-2.7759135574102403,9.536121962768297,4.3764205551989495,1.429556348032058,0.97158139469298,3.976751289780318,1.143139305654952,0.910175697179916,0.3893079759820012,4.041906070773255,1.4085442980185077,0.5861839351317745,3.3000541216308497,2.4642851594303354,2.0946231023892334,3.2467645085459225,3.4320470810160133,3.4077042537086535,3.2455829783701127,3.443919441958898
73,8.882755720615387,1.9295721665024756,-2.693420997262001,9.62012377484254,4.188484745834807,0.8864619524200718,1.1499567357401745,3.490886165346409,0.4444894003843797,0.5794129396567714,-0.21202678763987612,3.6757404410398604,0.728944613229969,0.0704428791537748,3.273149429103679,2.1978570686926147,2.123841167189864,3.164736806831679,3.4493257969012685,3.448796351930344,3.233315884207861,3.475687834888126
74,8.86337389945984,2.105145528167486,-2.6095525503158568,9.584698678643292,2.2706829855515283,1.238513300503939,0.888357119771476,2.2789383585068963,0.1658962510754617,-0.004511524476282477,-0.7083516878694505,2.149961022905398,0.6331289566515647,-0.4313294670674809,2.7082974306592202,2.3339092685720564,1.9513355258689769,2.7971332846901755,3.3619644784311196,3.3642136582672455,3.1991871140729184,3.4562347443650276
75,8.274261093139648,2.6636303309351206,-2.8518856525421143,9.382785471526741,1.6082439302501668,4.461790721117031,1.001514817176978,2.615048697061443,0.3305517895185492,-0.05714765194586429,-1.622380342920405,1.6047893789303602,2.3603834340594116,-0.8764257330569254,2.537220956071794,3.2243384347855772,2.188857257327416,2.9201476465499336,3.414517380220677,3.397361228446517,3.3737973654748328,3.4810556224215476
76,8.736434757709503,2.628934394940734,-2.7866812258958817,9.765695364887332,3.668059009819043,3.9368034947840895,0.8735861069887111,3.9998584819464416,0.09231820096498797,0.026460157463092254,-1.4323371527503737,3.337377289682264,1.9805684972205715,-0.7158478427279756,3.211275711583689,3.14624894112952,2.1112562189190465,3.295197186768545,3.4665633047946174,3.3756979958577444,3.3362608149110615,3.496975812607455
77,9.125268411636352,2.484108826518059,-2.7376882076263427,9.939330076247519,4.990461908658927,0.43778455950840395,0.5571390841488999,4.083821043568555,-0.20832121981737706,0.1477819945163904,-0.3283435243339171,4.41946711433744,0.03565248212941613,-0.1425977225044353,3.456485256939329,1.897206670031298,1.8383893692347353,3.238748866129351,3.4793815248113984,3.4772539458281915,3.294868232948529,3.442358446614297
78,8.984690117836,2.8076782912015914,-2.8317859321832657,9.92316134367021,5.273477172142795,0.4061393183402194,0.5951217854655695,4.385091520691945,0.22341433901672472,0.2106641791143693,-0.28794323182006604,4.703557771955467,0.4316631578638062,-0.10814048146994375,3.4922965215020922,1.8867728532703971,1.90576307109413,3.3496781134496323,3.468906556801659,3.530032345512841,3.3602364368164426,3.4763219978161626
79,8.993782806396485,2.4605993688106538,-2.6618357211351396,9.78091023594705,6.817027810987377,0.6957430404538334,0.6323381587154344,6.464947764086595,0.7860088117666043,-0.052951744066185566,-0.41484940897948835,6.550639864318484,1.0395448125267053,-0.34659156206898445,3.7631274280378286,2.0225575694671147,1.9067360160056115,3.6971392476104885,3.461110448267992,3.3898714267033143,3.332187075801659,3.4421604493584232
80,8.630432653427125,2.0449660629034043,-2.8265815883874894,9.392489701203077,4.348720904820225,0.7211125952959626,0.7939334274341768,4.260643514599625,0.40962173280868946,-0.17959347316329213,-0.1797930442329305,4.2386157331076095,0.5992883629963783,-0.4473279934637154,3.3813791263749473,2.022599965121465,2.1273973374059367,3.3573488133401717,3.4744890520641523,3.3672673910619744,3.4172473223291333,3.468708152329885
81,8.252246952056884,2.2548764310777187,-3.1344780027866364,9.225958380993879,2.5036995319577615,1.642448098567176,0.5800702655773082,2.562824849214135,0.43673286135387585,-0.05665936406837931,-0.1873250386170246,2.415557228426427,0.9206498364667396,-0.30465677157929416,3.010606030461734,2.530993966189352,2.021314231803394,3.0193882394211355,3.558533183124406,3.3942233049477197,3.4697092884303844,3.547969693775191
82,8.444031631946563,2.120639082044363,-2.7179473608732225,9.2446162315409,4.01018939582105,1.6772553933112215,0.4911576543971337,3.843309013392316,0.6719561660243826,0.18882166313563628,-0.3052101474828851,3.797930880109562,1.1854653832040882,-0.07802111969933764,3.2722911695495625,2.5192974456058335,1.8723509625770463,3.2162712699469234,3.4785335103498825,3.365262526242461,3.3952222660205225,3.4559626935131527
83,8.391748607158661,2.8706094950437544,-2.810908541083336,9.519589081383197,3.3200990750335095,2.491129477773075,0.8118058673043677,2.4594181193208793,-0.5886939528530986,0.6893264367078327,-1.0465384759531342,2.5381136765230528,0.5910010097537093,0.020821011546719868,3.2125668070277853,2.40833693275018,1.9044900293007614,2.9312054055533654,3.5439206368657725,3.0605721782939783,3.1716862656702967,3.5063599326048935
84,8.739904367923737,2.8950162827968597,-3.073102080821991,9.9976349104539,3.3830300892422813,3.502077493404855,0.8534952520475441,1.8496799983226173,-1.6578183825933877,0.8578954776251388,-1.3358204156504077,2.219869299780722,-0.1659864369776014,0.15581891182823635,3.026201355961801,2.9241425892340898,2.0657425927724407,2.6915085438515134,3.3974612066163674,3.323854668378702,3.2974378639681934,3.469383849761835
85,8.71489919424057,1.816331833600998,-2.8540989637374876,9.512553261388746,3.147784601134472,2.214070608980493,0.6449871971566902,2.833243063248087,-0.13886185013663058,0.015917327018348786,-0.4634904627539275,2.845455526127351,0.4415291717978476,-0.30796799233413924,3.0880827994882765,2.6600758446679578,2.0170345188128276,3.012998234967662,3.4820781368690854,3.3459701191114655,3.4128717704589997,3.4931932334975615
86,8.540701770782471,2.0856439888477327,-2.9730820804834366,9.413399842228674,4.691800246395794,1.239350310941655,1.1567975450201702,4.544992259572426,1.0982500066205287,0.1284626743230391,0.4294176864421539,4.560829923610209,1.1273636665452416,-0.15228859124653754,3.367565034939542,2.3725869492459024,2.424204929953923,3.344138287628668,3.4474116138968993,3.3946491745704375,3.4909494851407903,3.4518891244214673
87,9.034460842609406,2.446601304411888,-2.858585539460182,9.95373248697047,8.982370819396582,1.2132957710364052,1.0100291050504382,7.823194694080507,-0.5531756216888348,-0.01507743532251781,0.4193279858979494,8.31156056390587,-0.3315873670567534,-0.20486767818582263,4.035323575264483,2.4128751260593,2.294851154756482,3.919344544090878,3.4975310591785136,3.444808835584109,3.4656899743955583,3.5119581843772885
88,8.937790751457214,2.465504652261734,-2.650589457154274,9.793857275077752,9.57593630727091,1.5356212599017864,0.5253496372160777,8.630549104842443,-1.4121136906126956,-0.5705855527120629,-0.36052094912941396,8.987933016798141,-0.8569473885072565,-0.7482348932329622,3.8659969224089314,2.4196563605467447,1.9658088612329625,3.777665170218126,3.3253940105099216,3.356268135734417,3.4733682457140334,3.339810988117229
89,9.03697336912155,2.715734067559242,-2.7607191115617753,9.977939190658603,9.045088627810118,2.068294436607627,0.5894287401820069,8.732964338318299,1.1187524715902983,0.20289566303846288,-0.5590646816379461,8.779163886754054,1.6468801583139794,-0.08458225654124948,3.937610824713492,2.624206832878435,1.9771127930236043,3.886593464245767,3.4255897219681364,3.3421316939969157,3.420555367593105,3.417209662383724
90,8.776993155479431,2.5467409759759905,-2.7293133467435835,9.640658825321083,6.389801142685653,1.5945110711855357,0.35123581945951066,6.3133400420685035,1.6338084005391331,0.34648657888851836,-0.2142690902457555,6.277945384939197,1.9642438474901631,0.18414218266393154,3.7798514417923856,2.5838900815503782,1.7100665190281896,3.7480845461723606,3.5432643177093386,3.4252995719912716,3.353871834810172,3.5265772364345778
91,8.802955043315887,2.0699710577726362,-2.6630919724702835,9.47175536121119,6.5307014353270985,0.4302302983206855,0.28975472787388085,6.383719185480343,0.9331971803311617,-0.31359514947587974,-0.12449734700981417,6.4297588313727125,1.019312106309015,-0.40364243953035817,3.6015989876614336,1.795643148123366,1.6281477189154645,3.6084634008753853,3.3994637029305528,3.3473083766311325,3.386082188893678,3.4226891487951048
92,8.87988430261612,2.1376879051327706,-2.8655845403671263,9.659393967732766,5.47416878051834,1.2389959695251984,0.3461967916855133,5.34627204605522,0.6436671511622166,-0.1802458783688201,-0.36734567167038934,5.317258631202778,1.0643340147543248,-0.3594768650494941,3.559429463756068,2.4021241114888343,1.7072319041107606,3.4896344690818846,3.478576317010123,3.444122840355828,3.3851800265774394,3.432538963147907
93,8.688817501068115,2.249791641533375,-2.930609482526779,9.532813506643263,1.057003836524601,1.3263618094699912,0.39120285913947056,1.001287052638266,0.09241275486454366,0.16451386347119554,-0.29432266879482644,0.9317568984813863,0.5321942126415212,-0.03810832307583826,2.309592132730727,2.383697358213912,1.7582626286747443,2.241312873100364,3.4298065418187536,3.3706886538743435,3.3696835706893324,3.409363161664539
94,8.825088918209076,2.5147967666387556,-2.9246274650096895,9.718918382950054,4.4299432051340135,1.223273008312068,0.3684578370814985,4.280616067386993,0.73813715830061,-0.07307732229516699,-0.347594795899952,4.238437332426985,1.1568940993636678,-0.3041108251737117,3.291361400581235,2.3945096675316573,1.766855378318651,3.307296164847756,3.3960085607102104,3.4439904529059384,3.401380078742216,3.4471677990447005
95,8.809774804115296,2.5420151352882385,-2.997488921880722,9.739208487258287,5.6843958995692425,1.3373860111371358,0.25400763990645914,5.43653921807229,0.6721180135565546,-0.26822662174328754,-0.29050231980462005,5.450676708862003,1.1131495915455623,-0.42926825660060003,3.45234538359404,2.3797024330199066,1.6254991485728785,3.4522481631886315,3.386721493090971,3.3745883330107036,3.4347473777601243,3.41572501504166
96,8.676255118846893,2.3187049478292465,-2.9705098450183867,9.529779940700701,4.052598219010195,0.7830667331165598,0.19427694252226033,3.6566275803663144,0.24481582867129723,-0.12429286421148869,-0.0555917168961571,3.8057975705620377,0.4542689292491541,-0.18182412154204797,3.2735019735359683,2.057839514769012,1.5253238386063948,3.2078618239254832,3.4492461925758486,3.354058510273655,3.4574132279424563,3.458730353948217
97,8.961718869209289,2.5080968171358107,-2.903510808944702,9.80961263410823,4.337608782520998,0.599489115474808,0.3205774918224809,4.031859719327557,0.5764334805579047,-0.18096922068673685,-0.1289560530574946,4.131404383468686,0.7421348176126958,-0.293619050461142,3.179118293969417,1.8971666361979762,1.7261278865023713,3.122192281388573,3.3212444872727285,3.3314538246606578,3.4681125793851693,3.3331596479868875
98,9.267760848999023,2.535554438829422,-2.647538608312607,10.057317645899884,4.346785193017696,0.8277002394145944,0.9116893528313057,4.21976444524653,0.7001074157515031,-0.2880804054929283,-0.037349563662199985,4.217197849388476,0.8219439474181996,-0.5645386777385246,3.2876011071989235,2.0800777284423146,2.204197208303158,3.2758601551385484,3.444604326495637,3.3361172697932338,3.377034866124685,3.4627434727365873
99,9.331768941879272,1.9761723764240742,-2.306501552462578,9.967250105578543,3.92657115235707,1.6506752705697834,1.2200072108993558,3.6803752649245585,0.4870961764206997,0.36773075804853295,-0.3858173465217476,3.70765433634714,0.8155238275789879,-0.058409522828291836,3.21383399315519,2.396056181465549,2.3547758988146534,3.1355802440168556,3.4341433654387576,3.2907777925668866,3.403501151627071,3.4070877711612395
100,9.1429753780365,1.829013804346323,-2.5048665195703506,9.78255004525963,3.067470458054427,1.1087060329773446,0.8664021546114953,2.4942311099781374,-0.07640999536646514,0.8437387784710975,-0.5819202945373331,2.6941754302676926,0.25387379813500116,0.4848308039168599,3.077473512599185,2.145071542946321,1.8631046183727498,2.904906423529691,3.4768814342848304,3.267908623790464,3.109011402879462,3.472150938894029
101,9.034819769859315,2.2432113766670225,-2.9217560589313507,9.81549746077487,4.075279096851116,0.2450210403007643,0.5220167080525844,3.665530814099983,0.1872236528981763,0.07577898586996121,-0.14214566609953783,3.821750274365553,0.27163363456339756,-0.12065942368572118,3.2526350405642614,1.5817223195566033,1.7330838590181197,3.1872084442325708,3.470043118972055,3.38326036635091,3.2347017320528395,3.479802029972663
