,timestamp,light
0,5000.0,34.0
1,5100.0,34.0
2,5200.0,34.0
3,5300.0,34.0
4,5400.0,34.0
5,5500.0,33.0
6,5600.0,31.0
7,5700.0,31.0
8,5800.0,31.0
9,5900.0,31.0
10,6000.0,30.0
11,6100.0,30.0
12,6200.0,31.0
13,6300.0,31.0
14,6400.0,33.0
15,6500.0,33.0
16,6600.0,33.0
17,6700.0,33.0
18,6800.0,35.0
19,6900.0,35.0
20,7000.0,30.0
21,7100.0,30.0
22,7200.0,30.0
23,7300.0,30.0
24,7400.0,29.0
25,7500.0,29.0
26,7600.0,31.0
27,7700.0,31.0
28,7800.0,31.0
29,7900.0,33.0
30,8000.0,35.0
31,8100.0,35.0
32,8200.0,36.0
33,8300.0,36.0
34,8400.0,35.0
35,8500.0,35.0
36,8600.0,36.0
37,8700.0,36.0
38,8800.0,38.0
39,8900.0,38.0
40,9000.0,38.0
41,9100.0,36.0
42,9200.0,35.0
43,9300.0,35.0
44,9400.0,34.0
45,9500.0,34.0
46,9600.0,34.0
47,9700.0,34.0
48,9800.0,36.0
49,9900.0,36.0
50,10000.0,35.0
51,10100.0,35.0
52,10200.0,35.0
53,10300.0,35.0
54,10400.0,35.0
55,10500.0,35.0
56,10600.0,36.0
57,10700.0,36.0
58,10800.0,35.0
59,10900.0,35.0
60,11000.0,36.0
61,11100.0,36.0
62,11200.0,36.0
63,11300.0,36.0
64,11400.0,36.0
65,11500.0,36.0
66,11600.0,36.0
67,11700.0,36.0
68,11800.0,37.0
69,11900.0,37.0
70,12000.0,36.0
71,12100.0,36.0
72,12200.0,36.0
73,12300.0,36.0
74,12400.0,36.0
75,12500.0,36.0
76,12600.0,35.0
77,12700.0,35.0
78,12800.0,36.0
79,12900.0,36.0
80,13000.0,34.0
81,13100.0,34.0
82,13200.0,35.0
83,13300.0,35.0
84,13400.0,35.0
85,13500.0,35.0
86,13600.0,41.0
87,13700.0,41.0
88,13800.0,39.0
89,13900.0,39.0
90,14000.0,39.0
91,14100.0,39.0
92,14200.0,40.0
93,14300.0,40.0
94,14400.0,41.0
95,14500.0,41.0
96,14600.0,41.0
97,14700.0,41.0
98,14800.0,41.0
99,14900.0,41.0
100,15000.0,40.0
101,15100.0,40.0
102,15200.0,41.0
103,15300.0,41.0
104,15400.0,40.0
105,15500.0,40.0
106,15600.0,38.0
107,15700.0,38.0
108,15800.0,38.0
109,15900.0,38.0
110,16000.0,38.0
111,16100.0,38.0
112,16200.0,37.0
113,16300.0,37.0
114,16400.0,37.0
115,16500.0,37.0
116,16600.0,32.0
117,16700.0,32.0
118,16800.0,29.0
119,16900.0,29.0
120,17000.0,15.0
121,17100.0,15.0
122,17200.0,13.0
123,17300.0,13.0
124,17400.0,13.0
125,17500.0,13.0
126,17600.0,14.0
127,17700.0,14.0
128,17800.0,14.0
129,17900.0,14.0
130,18000.0,15.0
131,18100.0,15.0
132,18200.0,23.0
133,18300.0,23.0
134,18400.0,37.0
135,18500.0,37.0
136,18600.0,35.0
137,18700.0,35.0
138,18800.0,32.0
139,18900.0,32.0
140,19000.0,30.0
141,19100.0,30.0
142,19200.0,30.0
143,19300.0,30.0
144,19400.0,30.0
145,19500.0,30.0
146,19600.0,30.0
147,19700.0,30.0
148,19800.0,28.0
149,19900.0,28.0
150,20000.0,28.0
151,20100.0,28.0
152,20200.0,29.0
153,20300.0,29.0
154,20400.0,30.0
155,20500.0,30.0
156,20600.0,31.0
157,20700.0,31.0
158,20800.0,30.0
159,20900.0,30.0
160,21000.0,28.0
161,21100.0,28.0
162,21200.0,25.0
163,21300.0,25.0
164,21400.0,27.0
165,21500.0,27.0
166,21600.0,32.0
167,21700.0,32.0
168,21800.0,39.0
169,21900.0,39.0
170,22000.0,43.0
171,22100.0,43.0
172,22200.0,40.0
173,22300.0,40.0
174,22400.0,37.0
175,22500.0,37.0
176,22600.0,37.0
177,22700.0,37.0
178,22800.0,33.0
179,22900.0,33.0
180,23000.0,33.0
181,23100.0,33.0
182,23200.0,32.0
183,23300.0,32.0
184,23400.0,31.0
185,23500.0,31.0
186,23600.0,34.0
187,23700.0,34.0
188,23800.0,33.0
189,23900.0,33.0
190,24000.0,32.0
191,24100.0,32.0
192,24200.0,33.0
193,24300.0,33.0
194,24400.0,33.0
195,24500.0,33.0
196,24600.0,31.0
197,24700.0,31.0
198,24800.0,30.0
199,24900.0,30.0
200,25000.0,30.0
201,25100.0,30.0
202,25200.0,30.0
203,25300.0,30.0
204,25400.0,30.0
205,25500.0,30.0
206,25600.0,30.0
207,25700.0,30.0
208,25800.0,31.0
209,25900.0,31.0
210,26000.0,31.0
211,26100.0,31.0
212,26200.0,32.0
213,26300.0,32.0
214,26400.0,32.0
215,26500.0,32.0
216,26600.0,33.0
217,26700.0,33.0
218,26800.0,32.0
219,26900.0,32.0
220,27000.0,33.0
221,27100.0,33.0
222,27200.0,33.0
236,28600.0,32.0
237,28700.0,32.0
238,28800.0,32.0
239,28900.0,32.0
240,29000.0,32.0
241,29100.0,32.0
242,29200.0,33.0
243,29300.0,33.0
244,29400.0,32.0
245,29500.0,32.0
246,29600.0,31.0
247,29700.0,31.0
248,29800.0,32.0
249,29900.0,32.0
250,30000.0,33.0
251,30100.0,33.0
252,30200.0,33.0
253,30300.0,33.0
254,30400.0,33.0
255,30500.0,33.0
256,30600.0,32.0
257,30700.0,32.0
258,30800.0,33.0
259,30900.0,33.0
260,31000.0,33.0
270,32000.0,32.0
271,32100.0,32.0
272,32200.0,33.0
273,32300.0,33.0
274,32400.0,32.0
275,32500.0,32.0
276,32600.0,30.0
277,32700.0,30.0
278,32800.0,33.0
279,32900.0,33.0
280,33000.0,30.0
281,33100.0,30.0
282,33200.0,30.0
283,33300.0,30.0
284,33400.0,30.0
285,33500.0,30.0
286,33600.0,30.0
287,33700.0,30.0
288,33800.0,29.0
289,33900.0,29.0
290,34000.0,29.0
291,34100.0,29.0
292,34200.0,29.0
293,34300.0,29.0
294,34400.0,30.0
295,34500.0,30.0
296,34600.0,32.0
297,34700.0,32.0
298,34800.0,32.0
299,34900.0,32.0
300,35000.0,33.0
301,35100.0,33.0
302,35200.0,31.0
303,35300.0,31.0
304,35400.0,33.0
305,35500.0,33.0
306,35600.0,31.0
307,35700.0,31.0
308,35800.0,30.0
309,35900.0,30.0
310,36000.0,31.0
311,36100.0,31.0
312,36200.0,33.0
313,36300.0,33.0
314,36400.0,33.0
315,36500.0,33.0
316,36600.0,33.0
317,36700.0,33.0
318,36800.0,36.0
319,36900.0,36.0
320,37000.0,37.0
321,37100.0,37.0
322,37200.0,38.0
323,37300.0,38.0
324,37400.0,41.0
325,37500.0,41.0
326,37600.0,48.0
327,37700.0,48.0
328,37800.0,41.0
329,37900.0,41.0
330,38000.0,41.0
331,38100.0,41.0
332,38200.0,34.0
333,38300.0,34.0
334,38400.0,31.0
335,38500.0,31.0
336,38600.0,30.0
337,38700.0,30.0
338,38800.0,30.0
339,38900.0,30.0
340,39000.0,29.0
341,39100.0,29.0
342,39200.0,27.0
343,39300.0,27.0
344,39400.0,27.0
345,39500.0,27.0
346,39600.0,27.0
347,39700.0,27.0
348,39800.0,28.0
349,39900.0,28.0
350,40000.0,30.0
351,40100.0,30.0
352,40200.0,27.0
353,40300.0,27.0
354,40400.0,23.0
355,40500.0,23.0
356,40600.0,26.0
357,40700.0,26.0
358,40800.0,30.0
359,40900.0,30.0
360,41000.0,30.0
361,41100.0,35.0
362,41200.0,35.0
363,41300.0,35.0
364,41400.0,41.0
365,41500.0,39.0
366,41600.0,39.0
367,41700.0,38.0
368,41800.0,38.0
369,41900.0,35.0
370,42000.0,35.0
371,42100.0,35.0
372,42200.0,34.0
373,42300.0,34.0
374,42400.0,36.0
375,42500.0,36.0
376,42600.0,33.0
377,42700.0,31.0
378,42800.0,31.0
379,42900.0,32.0
380,43000.0,32.0
381,43100.0,33.0
382,43200.0,33.0
383,43300.0,34.0
384,43400.0,34.0
385,43500.0,34.0
386,43600.0,36.0
387,43700.0,36.0
388,43800.0,37.0
389,43900.0,35.0
390,44000.0,35.0
391,44100.0,35.0
392,44200.0,35.0
393,44300.0,35.0
394,44400.0,35.0
395,44500.0,35.0
396,44600.0,35.0
397,44700.0,35.0
398,44800.0,36.0
399,44900.0,36.0
400,45000.0,36.0
411,46100.0,37.0
412,46200.0,37.0
413,46300.0,37.0
414,46400.0,37.0
415,46500.0,37.0
416,46600.0,37.0
417,46700.0,36.0
418,46800.0,36.0
419,46900.0,36.0
420,47000.0,36.0
421,47100.0,36.0
422,47200.0,36.0
423,47300.0,38.0
424,47400.0,38.0
425,47500.0,37.0
426,47600.0,37.0
427,47700.0,37.0
428,47800.0,38.0
429,47900.0,38.0
430,48000.0,38.0
431,48100.0,36.0
432,48200.0,36.0
433,48300.0,36.0
434,48400.0,36.0
435,48500.0,37.0
436,48600.0,37.0
437,48700.0,36.0
438,48800.0,36.0
439,48900.0,36.0
440,49000.0,36.0
441,49100.0,36.0
442,49200.0,36.0
443,49300.0,36.0
444,49400.0,36.0
445,49500.0,37.0
446,49600.0,37.0
447,49700.0,37.0
448,49800.0,37.0
449,49900.0,38.0
450,50000.0,38.0
451,50100.0,38.0
452,50200.0,38.0
453,50300.0,37.0
454,50400.0,37.0
455,50500.0,38.0
456,50600.0,38.0
457,50700.0,36.0
458,50800.0,36.0
459,50900.0,37.0
460,51000.0,37.0
461,51100.0,37.0
462,51200.0,36.0
463,51300.0,36.0
464,51400.0,36.0
465,51500.0,36.0
466,51600.0,36.0
467,51700.0,38.0
468,51800.0,38.0
469,51900.0,38.0
470,52000.0,38.0
471,52100.0,37.0
472,52200.0,37.0
473,52300.0,36.0
474,52400.0,36.0
475,52500.0,37.0
476,52600.0,37.0
477,52700.0,37.0
478,52800.0,37.0
479,52900.0,36.0
480,53000.0,36.0
481,53100.0,36.0
482,53200.0,36.0
483,53300.0,36.0
484,53400.0,36.0
485,53500.0,35.0
486,53600.0,35.0
487,53700.0,35.0
488,53800.0,35.0
489,53900.0,35.0
490,54000.0,36.0
491,54100.0,36.0
492,54200.0,36.0
493,54300.0,35.0
494,54400.0,35.0
495,54500.0,36.0
496,54600.0,36.0
497,54700.0,35.0
498,54800.0,35.0
499,54900.0,36.0
500,55000.0,36.0
501,55100.0,35.0
502,55200.0,35.0
503,55300.0,35.0
504,55400.0,36.0
505,55500.0,36.0
506,55600.0,36.0
507,55700.0,36.0
508,55800.0,36.0
509,55900.0,34.0
510,56000.0,34.0
511,56100.0,35.0
512,56200.0,35.0
513,56300.0,35.0
514,56400.0,35.0
515,56500.0,34.0
516,56600.0,34.0
517,56700.0,36.0
518,56800.0,36.0
519,56900.0,38.0
520,57000.0,38.0
521,57100.0,41.0
522,57200.0,41.0
523,57300.0,41.0
524,57400.0,41.0
525,57500.0,36.0
526,57600.0,36.0
527,57700.0,38.0
528,57800.0,38.0
529,57900.0,46.0
530,58000.0,46.0
531,58100.0,41.0
532,58200.0,41.0
533,58300.0,41.0
534,58400.0,41.0
535,58500.0,46.0
536,58600.0,46.0
537,58700.0,50.0
538,58800.0,50.0
539,58900.0,51.0
540,59000.0,51.0
541,59100.0,41.0
542,59200.0,41.0
543,59300.0,38.0
544,59400.0,38.0
545,59500.0,38.0
546,59600.0,38.0
547,59700.0,48.0
548,59800.0,48.0
549,59900.0,44.0
550,60000.0,44.0
551,60100.0,38.0
552,60200.0,38.0
553,60300.0,34.0
554,60400.0,34.0
555,60500.0,37.0
556,60600.0,37.0
557,60700.0,37.0
558,60800.0,41.0
559,60900.0,41.0
560,61000.0,36.0
561,61100.0,30.0
562,61200.0,30.0
563,61300.0,30.0
564,61400.0,30.0
565,61500.0,32.0
566,61600.0,32.0
567,61700.0,34.0
568,61800.0,34.0
569,61900.0,34.0
570,62000.0,34.0
571,62100.0,35.0
572,62200.0,35.0
573,62300.0,36.0
574,62400.0,36.0
575,62500.0,36.0
576,62600.0,36.0
577,62700.0,36.0
578,62800.0,36.0
579,62900.0,36.0
580,63000.0,36.0
581,63100.0,37.0
582,63200.0,37.0
583,63300.0,37.0
584,63400.0,37.0
585,63500.0,36.0
586,63600.0,36.0
587,63700.0,37.0
588,63800.0,37.0
589,63900.0,36.0
590,64000.0,36.0
591,64100.0,36.0
592,64200.0,36.0
593,64300.0,38.0
594,64400.0,38.0
595,64500.0,36.0
596,64600.0,36.0
597,64700.0,38.0
598,64800.0,38.0
599,64900.0,38.0
621,67100.0,37.0
622,67200.0,37.0
623,67300.0,38.0
624,67400.0,38.0
625,67500.0,38.0
626,67600.0,38.0
627,67700.0,37.0
628,67800.0,37.0
629,67900.0,38.0
630,68000.0,38.0
631,68100.0,36.0
632,68200.0,36.0
633,68300.0,36.0
649,69900.0,37.0
650,70000.0,37.0
651,70100.0,36.0
652,70200.0,36.0
653,70300.0,36.0
654,70400.0,36.0
655,70500.0,38.0
656,70600.0,38.0
657,70700.0,37.0
658,70800.0,37.0
659,70900.0,36.0
660,71000.0,36.0
661,71100.0,34.0
662,71200.0,34.0
663,71300.0,32.0
664,71400.0,32.0
665,71500.0,31.0
666,71600.0,31.0
667,71700.0,31.0
668,71800.0,31.0
669,71900.0,31.0
670,72000.0,31.0
671,72100.0,30.0
672,72200.0,30.0
673,72300.0,32.0
674,72400.0,32.0
675,72500.0,31.0
676,72600.0,31.0
677,72700.0,30.0
678,72800.0,30.0
679,72900.0,33.0
680,73000.0,33.0
681,73100.0,34.0
682,73200.0,34.0
683,73300.0,38.0
684,73400.0,38.0
685,73500.0,41.0
686,73600.0,41.0
687,73700.0,40.0
688,73800.0,40.0
689,73900.0,39.0
690,74000.0,39.0
691,74100.0,35.0
692,74200.0,35.0
693,74300.0,29.0
694,74400.0,29.0
695,74500.0,36.0
696,74600.0,36.0
697,74700.0,40.0
698,74800.0,40.0
699,74900.0,40.0
700,75000.0,40.0
701,75100.0,39.0
702,75200.0,39.0
703,75300.0,38.0
704,75400.0,38.0
705,75500.0,40.0
706,75600.0,40.0
707,75700.0,43.0
708,75800.0,43.0
709,75900.0,41.0
710,76000.0,41.0
711,76100.0,38.0
712,76200.0,38.0
713,76300.0,37.0
714,76400.0,37.0
715,76500.0,33.0
716,76600.0,33.0
717,76700.0,31.0
718,76800.0,31.0
719,76900.0,28.0
720,77000.0,28.0
721,77100.0,27.0
722,77200.0,27.0
723,77300.0,28.0
724,77400.0,28.0
725,77500.0,28.0
726,77600.0,28.0
727,77700.0,28.0
728,77800.0,28.0
729,77900.0,26.0
730,78000.0,26.0
731,78100.0,26.0
732,78200.0,26.0
733,78300.0,26.0
734,78400.0,26.0
735,78500.0,28.0
736,78600.0,28.0
737,78700.0,32.0
738,78800.0,32.0
739,78900.0,35.0
740,79000.0,35.0
741,79100.0,38.0
742,79200.0,38.0
743,79300.0,38.0
744,79400.0,38.0
745,79500.0,38.0
746,79600.0,38.0
747,79700.0,39.0
748,79800.0,39.0
749,79900.0,40.0
750,80000.0,40.0
751,80100.0,39.0
752,80200.0,39.0
753,80300.0,40.0
754,80400.0,40.0
755,80500.0,40.0
756,80600.0,40.0
757,80700.0,39.0
758,80800.0,39.0
759,80900.0,40.0
760,81000.0,40.0
761,81100.0,40.0
762,81200.0,40.0
763,81300.0,40.0
764,81400.0,40.0
765,81500.0,38.0
766,81600.0,38.0
767,81700.0,40.0
768,81800.0,40.0
769,81900.0,38.0
770,82000.0,38.0
771,82100.0,38.0
772,82200.0,38.0
773,82300.0,38.0
774,82400.0,38.0
775,82500.0,38.0
776,82600.0,38.0
777,82700.0,38.0
778,82800.0,38.0
779,82900.0,37.0
780,83000.0,37.0
781,83100.0,38.0
782,83200.0,38.0
783,83300.0,37.0
784,83400.0,37.0
785,83500.0,38.0
786,83600.0,38.0
787,83700.0,38.0
788,83800.0,38.0
789,83900.0,38.0
790,84000.0,38.0
791,84100.0,39.0
792,84200.0,39.0
793,84300.0,39.0
794,84400.0,39.0
795,84500.0,38.0
796,84600.0,38.0
797,84700.0,39.0
798,84800.0,39.0
799,84900.0,40.0
800,85000.0,40.0
801,85100.0,39.0
802,85200.0,39.0
803,85300.0,40.0
804,85400.0,40.0
805,85500.0,39.0
806,85600.0,39.0
807,85700.0,38.0
808,85800.0,38.0
809,85900.0,40.0
810,86000.0,40.0
811,86100.0,40.0
812,86200.0,40.0
813,86300.0,39.0
814,86400.0,39.0
815,86500.0,40.0
816,86600.0,40.0
817,86700.0,39.0
818,86800.0,39.0
819,86900.0,38.0
820,87000.0,38.0
821,87100.0,37.0
822,87200.0,37.0
823,87300.0,37.0
824,87400.0,37.0
825,87500.0,30.0
826,87600.0,30.0
827,87700.0,25.0
828,87800.0,25.0
829,87900.0,30.0
830,88000.0,30.0
831,88100.0,39.0
832,88200.0,39.0
833,88300.0,40.0
834,88400.0,40.0
835,88500.0,41.0
836,88600.0,41.0
837,88700.0,38.0
838,88800.0,38.0
839,88900.0,33.0
840,89000.0,33.0
841,89100.0,36.0
842,89200.0,36.0
843,89300.0,38.0
844,89400.0,38.0
845,89500.0,39.0
846,89600.0,39.0
847,89700.0,41.0
848,89800.0,41.0
849,89900.0,41.0
850,90000.0,41.0
851,90100.0,44.0
852,90200.0,44.0
853,90300.0,44.0
854,90400.0,44.0
855,90500.0,44.0
856,90600.0,44.0
857,90700.0,41.0
858,90800.0,41.0
859,90900.0,38.0
860,91000.0,38.0
861,91100.0,37.0
862,91200.0,37.0
863,91300.0,36.0
864,91400.0,36.0
865,91500.0,38.0
866,91600.0,38.0
867,91700.0,39.0
868,91800.0,39.0
869,91900.0,41.0
870,92000.0,38.0
871,92100.0,38.0
872,92200.0,38.0
873,92300.0,33.0
874,92400.0,34.0
875,92500.0,34.0
876,92600.0,34.0
877,92700.0,34.0
878,92800.0,36.0
879,92900.0,36.0
880,93000.0,36.0
881,93100.0,36.0
882,93200.0,36.0
883,93300.0,38.0
884,93400.0,38.0
885,93500.0,38.0
886,93600.0,39.0
887,93700.0,39.0
888,93800.0,38.0
889,93900.0,38.0
890,94000.0,38.0
891,94100.0,38.0
892,94200.0,41.0
893,94300.0,41.0
894,94400.0,40.0
895,94500.0,40.0
896,94600.0,40.0
897,94700.0,39.0
898,94800.0,39.0
899,94900.0,39.0
900,95000.0,38.0
901,95100.0,38.0
902,95200.0,38.0
903,95300.0,38.0
904,95400.0,38.0
905,95500.0,38.0
906,95600.0,38.0
907,95700.0,38.0
908,95800.0,38.0
909,95900.0,38.0
910,96000.0,40.0
911,96100.0,40.0
912,96200.0,38.0
913,96300.0,38.0
914,96400.0,38.0
924,97400.0,38.0
925,97500.0,38.0
938,98800.0,37.0
939,98900.0,37.0
940,99000.0,38.0
941,99100.0,38.0
942,99200.0,37.0
943,99300.0,37.0
944,99400.0,38.0
945,99500.0,38.0
946,99600.0,38.0
947,99700.0,38.0
948,99800.0,38.0
949,99900.0,38.0
950,100000.0,38.0
951,100100.0,37.0
952,100200.0,36.0
953,100300.0,36.0
954,100400.0,36.0
955,100500.0,36.0
956,100600.0,35.0
957,100700.0,35.0
958,100800.0,33.0
959,100900.0,33.0
960,101000.0,34.0
961,101100.0,34.0
962,101200.0,34.0
963,101300.0,32.0
964,101400.0,31.0
965,101500.0,31.0
966,101600.0,36.0
967,101700.0,36.0
968,101800.0,40.0
969,101900.0,40.0
970,102000.0,41.0
971,102100.0,41.0
972,102200.0,40.0
973,102300.0,40.0
974,102400.0,37.0
975,102500.0,37.0
976,102600.0,36.0
977,102700.0,36.0
978,102800.0,36.0
979,102900.0,36.0
980,103000.0,35.0
981,103100.0,35.0
982,103200.0,35.0
983,103300.0,35.0
984,103400.0,33.0
985,103500.0,33.0
986,103600.0,35.0
987,103700.0,35.0
988,103800.0,34.0
989,103900.0,34.0
990,104000.0,35.0
991,104100.0,35.0
992,104200.0,35.0
993,104300.0,36.0
994,104400.0,36.0
995,104500.0,36.0
996,104600.0,34.0
997,104700.0,34.0
998,104800.0,36.0
999,104900.0,36.0
1000,105000.0,35.0
1001,105100.0,35.0
1002,105200.0,36.0
1003,105300.0,36.0
1004,105400.0,36.0
1020,107000.0,33.0
1021,107100.0,33.0
1022,107200.0,30.0
1023,107300.0,30.0
1024,107400.0,30.0
1025,107500.0,30.0
1026,107600.0,29.0
1027,107700.0,29.0
1028,107800.0,28.0
1029,107900.0,28.0
1030,108000.0,28.0
1031,108100.0,28.0
1032,108200.0,28.0
1033,108300.0,28.0
1034,108400.0,28.0
1035,108500.0,28.0
1036,108600.0,27.0
1037,108700.0,27.0
1038,108800.0,25.0
1039,108900.0,25.0
1040,109000.0,25.0
1041,109100.0,25.0
1042,109200.0,25.0
1043,109300.0,25.0
1044,109400.0,25.0
1045,109500.0,25.0
1046,109600.0,24.0
1047,109700.0,24.0
1048,109800.0,24.0
1049,109900.0,24.0
1050,110000.0,25.0
1051,110100.0,25.0
1052,110200.0,25.0
1053,110300.0,25.0
1054,110400.0,27.0
1055,110500.0,27.0
1056,110600.0,27.0
1057,110700.0,27.0
1058,110800.0,28.0
1059,110900.0,28.0
1060,111000.0,28.0
1061,111100.0,28.0
1062,111200.0,27.0
1063,111300.0,27.0
1064,111400.0,26.0
1065,111500.0,26.0
1066,111600.0,28.0
1067,111700.0,28.0
1068,111800.0,27.0
1069,111900.0,27.0
1070,112000.0,26.0
1071,112100.0,26.0
1072,112200.0,26.0
1073,112300.0,26.0
1074,112400.0,27.0
1075,112500.0,27.0
1076,112600.0,27.0
1077,112700.0,27.0
1078,112800.0,26.0
1079,112900.0,26.0
1080,113000.0,28.0
1081,113100.0,28.0
1082,113200.0,28.0
1083,113300.0,28.0
1084,113400.0,27.0
1085,113500.0,27.0
1086,113600.0,28.0
1087,113700.0,28.0
1088,113800.0,28.0
1089,113900.0,28.0
1090,114000.0,28.0
1091,114100.0,28.0
1092,114200.0,30.0
1093,114300.0,30.0
1094,114400.0,28.0
1095,114500.0,28.0
1096,114600.0,29.0
1097,114700.0,29.0
1098,114800.0,28.0
1099,114900.0,28.0
1100,115000.0,29.0
1101,115100.0,29.0
1102,115200.0,29.0
1103,115300.0,29.0
1104,115400.0,29.0
1105,115500.0,29.0
1106,115600.0,28.0
1107,115700.0,28.0
1108,115800.0,25.0
1109,115900.0,25.0
1110,116000.0,23.0
1111,116100.0,23.0
1112,116200.0,25.0
1113,116300.0,25.0
1114,116400.0,31.0
1115,116500.0,31.0
1116,116600.0,36.0
1117,116700.0,36.0
1118,116800.0,41.0
1119,116900.0,41.0
1120,117000.0,40.0
1121,117100.0,40.0
1122,117200.0,39.0
1123,117300.0,39.0
1124,117400.0,39.0
1125,117500.0,39.0
1126,117600.0,35.0
1127,117700.0,35.0
1128,117800.0,32.0
1129,117900.0,32.0
1130,118000.0,33.0
1131,118100.0,33.0
1132,118200.0,37.0
1133,118300.0,37.0
1134,118400.0,37.0
1135,118500.0,37.0
1136,118600.0,38.0
1137,118700.0,38.0
1138,118800.0,40.0
1139,118900.0,40.0
1140,119000.0,38.0
1141,119100.0,38.0
1142,119200.0,40.0
1143,119300.0,40.0
1144,119400.0,39.0
1145,119500.0,39.0
1146,119600.0,39.0
1147,119700.0,39.0
1148,119800.0,36.0
1149,119900.0,36.0
1150,120000.0,34.0
1151,120100.0,34.0
1152,120200.0,36.0
1153,120300.0,36.0
1154,120400.0,41.0
1155,120500.0,41.0
1156,120600.0,38.0
1157,120700.0,38.0
1158,120800.0,34.0
1159,120900.0,34.0
1160,121000.0,31.0
1161,121100.0,31.0
1162,121200.0,31.0
1163,121300.0,31.0
1164,121400.0,31.0
1165,121500.0,31.0
1166,121600.0,30.0
1167,121700.0,30.0
1168,121800.0,29.0
1169,121900.0,29.0
1170,122000.0,30.0
1171,122100.0,30.0
1172,122200.0,30.0
1173,122300.0,30.0
1174,122400.0,32.0
1175,122500.0,32.0
1176,122600.0,33.0
1177,122700.0,33.0
1178,122800.0,33.0
1179,122900.0,33.0
1180,123000.0,32.0
1181,123100.0,32.0
1182,123200.0,31.0
1183,123300.0,31.0
1184,123400.0,29.0
1185,123500.0,29.0
1186,123600.0,31.0
1187,123700.0,31.0
1188,123800.0,31.0
1189,123900.0,31.0
1190,124000.0,32.0
1191,124100.0,32.0
1192,124200.0,33.0
1193,124300.0,33.0
1194,124400.0,32.0
1195,124500.0,32.0
1196,124600.0,32.0
1197,124700.0,32.0
1198,124800.0,32.0
1199,124900.0,32.0
1200,125000.0,33.0
1201,125100.0,33.0
1202,125200.0,33.0
1203,125300.0,33.0
1204,125400.0,32.0
1205,125500.0,32.0
1206,125600.0,33.0
1207,125700.0,33.0
1208,125800.0,33.0
1209,125900.0,33.0
1210,126000.0,33.0
1211,126100.0,33.0
1212,126200.0,35.0
1213,126300.0,35.0
1214,126400.0,33.0
1215,126500.0,33.0
1216,126600.0,33.0
1217,126700.0,33.0
1218,126800.0,34.0
1219,126900.0,34.0
1220,127000.0,33.0
1221,127100.0,33.0
1222,127200.0,34.0
1223,127300.0,34.0
1224,127400.0,32.0
1225,127500.0,32.0
1226,127600.0,32.0
1227,127700.0,32.0
1228,127800.0,33.0
1240,129000.0,33.0
1241,129100.0,33.0
1242,129200.0,33.0
1243,129300.0,33.0
1244,129400.0,32.0
1245,129500.0,32.0
1246,129600.0,32.0
1247,129700.0,32.0
1248,129800.0,32.0
1249,129900.0,32.0
1250,130000.0,31.0
1251,130100.0,31.0
1252,130200.0,33.0
1253,130300.0,33.0
1254,130400.0,33.0
1255,130500.0,33.0
1256,130600.0,32.0
1257,130700.0,32.0
1258,130800.0,32.0
1259,130900.0,32.0
1260,131000.0,33.0
1261,131100.0,33.0
1262,131200.0,30.0
1263,131300.0,30.0
1264,131400.0,24.0
1265,131500.0,24.0
1266,131600.0,30.0
1267,131700.0,30.0
1268,131800.0,33.0
1269,131900.0,33.0
1270,132000.0,34.0
1271,132100.0,34.0
1272,132200.0,36.0
1273,132300.0,36.0
1274,132400.0,33.0
1275,132500.0,33.0
1276,132600.0,36.0
1277,132700.0,36.0
1278,132800.0,41.0
1279,132900.0,41.0
1280,133000.0,41.0
1281,133100.0,41.0
1282,133200.0,39.0
1283,133300.0,39.0
1284,133400.0,39.0
1285,133500.0,39.0
1286,133600.0,36.0
1287,133700.0,36.0
1288,133800.0,36.0
1289,133900.0,36.0
1290,134000.0,37.0
1291,134100.0,37.0
1292,134200.0,38.0
1293,134300.0,38.0
1294,134400.0,37.0
1295,134500.0,37.0
1296,134600.0,38.0
1297,134700.0,38.0
1298,134800.0,36.0
1299,134900.0,36.0
1300,135000.0,37.0
1301,135100.0,37.0
1302,135200.0,36.0
1303,135300.0,36.0
1304,135400.0,36.0
1305,135500.0,36.0
1306,135600.0,34.0
1307,135700.0,34.0
1308,135800.0,36.0
1309,135900.0,36.0
1310,136000.0,36.0
1311,136100.0,36.0
1312,136200.0,37.0
1313,136300.0,37.0
1314,136400.0,36.0
1315,136500.0,36.0
1316,136600.0,36.0
1317,136700.0,36.0
1318,136800.0,35.0
1319,136900.0,35.0
1320,137000.0,35.0
1321,137100.0,35.0
1322,137200.0,36.0
1323,137300.0,36.0
1324,137400.0,36.0
1325,137500.0,36.0
1326,137600.0,33.0
1327,137700.0,33.0
1328,137800.0,32.0
1329,137900.0,32.0
1330,138000.0,33.0
1331,138100.0,33.0
1332,138200.0,32.0
1333,138300.0,32.0
1334,138400.0,30.0
1335,138500.0,30.0
1336,138600.0,30.0
1337,138700.0,30.0
1338,138800.0,30.0
1339,138900.0,30.0
1340,139000.0,30.0
1341,139100.0,30.0
1342,139200.0,33.0
1343,139300.0,33.0
1344,139400.0,33.0
1345,139500.0,33.0
1346,139600.0,33.0
1347,139700.0,33.0
1348,139800.0,37.0
1349,139900.0,37.0
1350,140000.0,37.0
1351,140100.0,37.0
1352,140200.0,37.0
1353,140300.0,37.0
1354,140400.0,36.0
1355,140500.0,36.0
1356,140600.0,37.0
1357,140700.0,37.0
1358,140800.0,38.0
1359,140900.0,38.0
1360,141000.0,38.0
1361,141100.0,38.0
1362,141200.0,38.0
1363,141300.0,38.0
1364,141400.0,38.0
1365,141500.0,38.0
1366,141600.0,37.0
1367,141700.0,37.0
1368,141800.0,38.0
1369,141900.0,38.0
1370,142000.0,38.0
1371,142100.0,38.0
1372,142200.0,37.0
1373,142300.0,37.0
1374,142400.0,38.0
1375,142500.0,39.0
1376,142600.0,39.0
1377,142700.0,39.0
1378,142800.0,39.0
1379,142900.0,40.0
1380,143000.0,40.0
1381,143100.0,40.0
1382,143200.0,40.0
1383,143300.0,40.0
1384,143400.0,40.0
1385,143500.0,38.0
1386,143600.0,38.0
1387,143700.0,37.0
1388,143800.0,37.0
1389,143900.0,34.0
1390,144000.0,34.0
1391,144100.0,33.0
1392,144200.0,33.0
1393,144300.0,33.0
1394,144400.0,33.0
1395,144500.0,31.0
1396,144600.0,31.0
1397,144700.0,31.0
1398,144800.0,31.0
1399,144900.0,31.0
1400,145000.0,29.0
1401,145100.0,29.0
1402,145200.0,32.0
1403,145300.0,38.0
1404,145400.0,38.0
1405,145500.0,41.0
1406,145600.0,41.0
1407,145700.0,36.0
1408,145800.0,36.0
1409,145900.0,33.0
1410,146000.0,33.0
1411,146100.0,38.0
1412,146200.0,38.0
1413,146300.0,38.0
1414,146400.0,38.0
1415,146500.0,38.0
1416,146600.0,41.0
1417,146700.0,41.0
1418,146800.0,41.0
1419,146900.0,41.0
1420,147000.0,41.0
1421,147100.0,41.0
1422,147200.0,41.0
1423,147300.0,40.0
1424,147400.0,40.0
1425,147500.0,40.0
1438,148800.0,38.0
1439,148900.0,38.0
1440,149000.0,37.0
1441,149100.0,37.0
1442,149200.0,37.0
1443,149300.0,37.0
1444,149400.0,37.0
1445,149500.0,38.0
1446,149600.0,38.0
1447,149700.0,37.0
1448,149800.0,37.0
1449,149900.0,38.0
1450,150000.0,38.0
1451,150100.0,37.0
1452,150200.0,37.0
1453,150300.0,37.0
1454,150400.0,38.0
1455,150500.0,38.0
1456,150600.0,38.0
1457,150700.0,37.0
1458,150800.0,37.0
1459,150900.0,35.0
1460,151000.0,35.0
1461,151100.0,35.0
1462,151200.0,35.0
1463,151300.0,33.0
1473,152300.0,29.0
1474,152400.0,29.0
1475,152500.0,29.0
1476,152600.0,29.0
1477,152700.0,28.0
1478,152800.0,28.0
1479,152900.0,28.0
1480,153000.0,25.0
1481,153100.0,25.0
1482,153200.0,28.0
1483,153300.0,31.0
1484,153400.0,31.0
1485,153500.0,33.0
1486,153600.0,33.0
1487,153700.0,36.0
1488,153800.0,36.0
1489,153900.0,36.0
1490,154000.0,36.0
1491,154100.0,38.0
1492,154200.0,38.0
1493,154300.0,38.0
1513,156300.0,39.0
1514,156400.0,39.0
1515,156500.0,40.0
1516,156600.0,40.0
1517,156700.0,39.0
1518,156800.0,39.0
1519,156900.0,39.0
1520,157000.0,39.0
1521,157100.0,39.0
1522,157200.0,39.0
1523,157300.0,39.0
1524,157400.0,39.0
1525,157500.0,40.0
1526,157600.0,40.0
1527,157700.0,38.0
1528,157800.0,38.0
1529,157900.0,39.0
1530,158000.0,39.0
1531,158100.0,40.0
1532,158200.0,40.0
1533,158300.0,39.0
1534,158400.0,39.0
1535,158500.0,40.0
1536,158600.0,40.0
1537,158700.0,40.0
1538,158800.0,40.0
1539,158900.0,40.0
1540,159000.0,40.0
1541,159100.0,39.0
1542,159200.0,39.0
1543,159300.0,40.0
1555,160500.0,40.0
1556,160600.0,40.0
1557,160700.0,39.0
1558,160800.0,39.0
1559,160900.0,38.0
1560,161000.0,38.0
1561,161100.0,39.0
1562,161200.0,39.0
1563,161300.0,39.0
1564,161400.0,39.0
1565,161500.0,39.0
1566,161600.0,39.0
1567,161700.0,38.0
1568,161800.0,38.0
1569,161900.0,38.0
1570,162000.0,38.0
1571,162100.0,39.0
1572,162200.0,39.0
1573,162300.0,38.0
1574,162400.0,38.0
1575,162500.0,38.0
1576,162600.0,38.0
1577,162700.0,39.0
1578,162800.0,39.0
1579,162900.0,38.0
1580,163000.0,38.0
1581,163100.0,38.0
1582,163200.0,38.0
1583,163300.0,39.0
1584,163400.0,39.0
1585,163500.0,37.0
1586,163600.0,37.0
1587,163700.0,38.0
1588,163800.0,38.0
1589,163900.0,35.0
1590,164000.0,35.0
1591,164100.0,33.0
1592,164200.0,33.0
1593,164300.0,23.0
1594,164400.0,23.0
1595,164500.0,15.0
1596,164600.0,15.0
1597,164700.0,28.0
1598,164800.0,28.0
1599,164900.0,28.0
1600,165000.0,28.0
1601,165100.0,25.0
1602,165200.0,25.0
1603,165300.0,13.0
1604,165400.0,13.0
1605,165500.0,12.0
1606,165600.0,12.0
1607,165700.0,12.0
1608,165800.0,12.0
1609,165900.0,13.0
1610,166000.0,13.0
1611,166100.0,18.0
1612,166200.0,18.0
1613,166300.0,33.0
1614,166400.0,33.0
1615,166500.0,36.0
1616,166600.0,36.0
1617,166700.0,36.0
1618,166800.0,36.0
1619,166900.0,37.0
1620,167000.0,37.0
1621,167100.0,36.0
1622,167200.0,36.0
1623,167300.0,37.0
1624,167400.0,37.0
1625,167500.0,38.0
1626,167600.0,38.0
1627,167700.0,37.0
1628,167800.0,37.0
1629,167900.0,38.0
1630,168000.0,38.0
1631,168100.0,38.0
1632,168200.0,38.0
1633,168300.0,38.0
1634,168400.0,38.0
1635,168500.0,38.0
1636,168600.0,38.0
1637,168700.0,36.0
1638,168800.0,36.0
1639,168900.0,36.0
1640,169000.0,36.0
1641,169100.0,34.0
1642,169200.0,34.0
1643,169300.0,34.0
1644,169400.0,34.0
1645,169500.0,33.0
1646,169600.0,33.0
1647,169700.0,30.0
1648,169800.0,30.0
1649,169900.0,23.0
1650,170000.0,23.0
1651,170100.0,21.0
1652,170200.0,21.0
1653,170300.0,21.0
1654,170400.0,21.0
1655,170500.0,23.0
1656,170600.0,23.0
1657,170700.0,25.0
1658,170800.0,25.0
1659,170900.0,28.0
1660,171000.0,28.0
1661,171100.0,30.0
1662,171200.0,30.0
1663,171300.0,30.0
1664,171400.0,30.0
1665,171500.0,28.0
1666,171600.0,28.0
1667,171700.0,28.0
1668,171800.0,28.0
1669,171900.0,25.0
1670,172000.0,25.0
1671,172100.0,29.0
1672,172200.0,29.0
1673,172300.0,33.0
1674,172400.0,33.0
1675,172500.0,36.0
1676,172600.0,36.0
1677,172700.0,36.0
1678,172800.0,36.0
1679,172900.0,33.0
1680,173000.0,33.0
1681,173100.0,33.0
1682,173200.0,33.0
1683,173300.0,30.0
1684,173400.0,30.0
1685,173500.0,36.0
1686,173600.0,36.0
1687,173700.0,36.0
1688,173800.0,36.0
1689,173900.0,39.0
1690,174000.0,39.0
1691,174100.0,49.0
1692,174200.0,49.0
1693,174300.0,49.0
1694,174400.0,49.0
1695,174500.0,49.0
1696,174600.0,49.0
1697,174700.0,45.0
1698,174800.0,45.0
1699,174900.0,41.0
1700,175000.0,41.0
1701,175100.0,41.0
1702,175200.0,41.0
1703,175300.0,43.0
1704,175400.0,43.0
1705,175500.0,40.0
1706,175600.0,40.0
1707,175700.0,34.0
1708,175800.0,34.0
1709,175900.0,30.0
1710,176000.0,30.0
1711,176100.0,28.0
1712,176200.0,28.0
1713,176300.0,31.0
1714,176400.0,31.0
1715,176500.0,32.0
1716,176600.0,32.0
1717,176700.0,30.0
1718,176800.0,30.0
1719,176900.0,32.0
1720,177000.0,32.0
1721,177100.0,35.0
1722,177200.0,35.0
1723,177300.0,39.0
1724,177400.0,39.0
1725,177500.0,39.0
1726,177600.0,39.0
1727,177700.0,44.0
1728,177800.0,44.0
1729,177900.0,45.0
1730,178000.0,45.0
1731,178100.0,41.0
1732,178200.0,41.0
1733,178300.0,47.0
1734,178400.0,47.0
1735,178500.0,52.0
1736,178600.0,52.0
1737,178700.0,54.0
1738,178800.0,54.0
1739,178900.0,44.0
1740,179000.0,44.0
1741,179100.0,34.0
1742,179200.0,34.0
1743,179300.0,29.0
1744,179400.0,29.0
1745,179500.0,26.0
1746,179600.0,26.0
1747,179700.0,25.0
1748,179800.0,25.0
1749,179900.0,25.0
1750,180000.0,25.0
1751,180100.0,25.0
1752,180200.0,25.0
1753,180300.0,26.0
1754,180400.0,26.0
1755,180500.0,25.0
1756,180600.0,25.0
1757,180700.0,25.0
1758,180800.0,25.0
1759,180900.0,24.0
1760,181000.0,24.0
1761,181100.0,25.0
1762,181200.0,25.0
1763,181300.0,26.0
1764,181400.0,26.0
1765,181500.0,25.0
1766,181600.0,25.0
1767,181700.0,25.0
1768,181800.0,25.0
1769,181900.0,25.0
1770,182000.0,25.0
1771,182100.0,25.0
1772,182200.0,25.0
1773,182300.0,27.0
1774,182400.0,27.0
1775,182500.0,28.0
1776,182600.0,28.0
1777,182700.0,30.0
1778,182800.0,30.0
1779,182900.0,28.0
1780,183000.0,28.0
1781,183100.0,31.0
1782,183200.0,31.0
1783,183300.0,31.0
1784,183400.0,31.0
1785,183500.0,33.0
1786,183600.0,33.0
1787,183700.0,33.0
1788,183800.0,33.0
1789,183900.0,33.0
1790,184000.0,33.0
1791,184100.0,33.0
1792,184200.0,33.0
1793,184300.0,34.0
1794,184400.0,34.0
1795,184500.0,33.0
1796,184600.0,33.0
1797,184700.0,32.0
1798,184800.0,32.0
1799,184900.0,33.0
1800,185000.0,33.0
1801,185100.0,33.0
1802,185200.0,33.0
1803,185300.0,33.0
1804,185400.0,33.0
1805,185500.0,34.0
1806,185600.0,34.0
1807,185700.0,35.0
1808,185800.0,35.0
1809,185900.0,34.0
1831,188100.0,32.0
1832,188200.0,32.0
1833,188300.0,31.0
1834,188400.0,31.0
1835,188500.0,30.0
1836,188600.0,30.0
1837,188700.0,31.0
1838,188800.0,31.0
1839,188900.0,30.0
1840,189000.0,30.0
1841,189100.0,30.0
1842,189200.0,30.0
1843,189300.0,29.0
1844,189400.0,29.0
1845,189500.0,30.0
1846,189600.0,30.0
1847,189700.0,30.0
1857,190700.0,29.0
1858,190800.0,29.0
1859,190900.0,30.0
1860,191000.0,30.0
1861,191100.0,30.0
1862,191200.0,30.0
1863,191300.0,30.0
1864,191400.0,30.0
1865,191500.0,30.0
1866,191600.0,30.0
1867,191700.0,30.0
1868,191800.0,30.0
1869,191900.0,29.0
1870,192000.0,29.0
1871,192100.0,30.0
1872,192200.0,30.0
1873,192300.0,30.0
1874,192400.0,30.0
1875,192500.0,30.0
1876,192600.0,30.0
1877,192700.0,30.0
1878,192800.0,31.0
1894,194400.0,30.0
1895,194500.0,30.0
1896,194600.0,30.0
1908,195800.0,28.0
1909,195900.0,28.0
1910,196000.0,28.0
1911,196100.0,28.0
1912,196200.0,28.0
1913,196300.0,28.0
1914,196400.0,28.0
1915,196500.0,29.0
1916,196600.0,29.0
1917,196700.0,29.0
1918,196800.0,30.0
1919,196900.0,30.0
1920,197000.0,30.0
1921,197100.0,30.0
1922,197200.0,35.0
1923,197300.0,35.0
1924,197400.0,40.0
1925,197500.0,40.0
1926,197600.0,43.0
1927,197700.0,43.0
1928,197800.0,43.0
1929,197900.0,41.0
1930,198000.0,41.0
1931,198100.0,38.0
1932,198200.0,34.0
1933,198300.0,34.0
1934,198400.0,33.0
1935,198500.0,33.0
1936,198600.0,33.0
1937,198700.0,33.0
1938,198800.0,32.0
1939,198900.0,32.0
1940,199000.0,31.0
1941,199100.0,31.0
1942,199200.0,31.0
1943,199300.0,32.0
1944,199400.0,32.0
1945,199500.0,32.0
1946,199600.0,32.0
1947,199700.0,32.0
1948,199800.0,34.0
1949,199900.0,34.0
1950,200000.0,36.0
1951,200100.0,36.0
1952,200200.0,25.0
1953,200300.0,25.0
1954,200400.0,25.0
1955,200500.0,25.0
1956,200600.0,28.0
1957,200700.0,28.0
1958,200800.0,28.0
1959,200900.0,28.0
1960,201000.0,28.0
1961,201100.0,30.0
1962,201200.0,34.0
1963,201300.0,34.0
1964,201400.0,36.0
1965,201500.0,36.0
1966,201600.0,36.0
1967,201700.0,36.0
1968,201800.0,37.0
1969,201900.0,37.0
1970,202000.0,36.0
1971,202100.0,36.0
1972,202200.0,29.0
1973,202300.0,29.0
1974,202400.0,29.0
1975,202500.0,29.0
1976,202600.0,33.0
1977,202700.0,33.0
1978,202800.0,41.0
1979,202900.0,41.0
1980,203000.0,41.0
1981,203100.0,51.0
1982,203200.0,49.0
1983,203300.0,49.0
1984,203400.0,41.0
1985,203500.0,41.0
1986,203600.0,36.0
1987,203700.0,36.0
1988,203800.0,33.0
1989,203900.0,33.0
1990,204000.0,33.0
1991,204100.0,31.0
1992,204200.0,35.0
1993,204300.0,35.0
1994,204400.0,35.0
1995,204500.0,34.0
1996,204600.0,34.0
1997,204700.0,34.0
1998,204800.0,33.0
1999,204900.0,33.0
2000,205000.0,32.0
2001,205100.0,32.0
2002,205200.0,31.0
2003,205300.0,31.0
2004,205400.0,30.0
2005,205500.0,30.0
2006,205600.0,30.0
2007,205700.0,30.0
2008,205800.0,31.0
2009,205900.0,31.0
2010,206000.0,31.0
2011,206100.0,31.0
2012,206200.0,29.0
2013,206300.0,29.0
2014,206400.0,30.0
2015,206500.0,30.0
2016,206600.0,30.0
2017,206700.0,30.0
2018,206800.0,30.0
2019,206900.0,30.0
2020,207000.0,30.0
2021,207100.0,33.0
2022,207200.0,34.0
2023,207300.0,34.0
2024,207400.0,34.0
2025,207500.0,34.0
2026,207600.0,34.0
2027,207700.0,37.0
2028,207800.0,36.0
2029,207900.0,36.0
2030,208000.0,35.0
2031,208100.0,35.0
2032,208200.0,36.0
2033,208300.0,36.0
2034,208400.0,36.0
2035,208500.0,36.0
2036,208600.0,36.0
2037,208700.0,36.0
2038,208800.0,35.0
2039,208900.0,35.0
2040,209000.0,35.0
2041,209100.0,36.0
2042,209200.0,34.0
2043,209300.0,34.0
2044,209400.0,33.0
2045,209500.0,33.0
2046,209600.0,34.0
2047,209700.0,34.0
2048,209800.0,34.0
2049,209900.0,34.0
2050,210000.0,33.0
2051,210100.0,33.0
2052,210200.0,34.0
2053,210300.0,34.0
2054,210400.0,33.0
2055,210500.0,33.0
2056,210600.0,34.0
2057,210700.0,34.0
2058,210800.0,36.0
2059,210900.0,36.0
2060,211000.0,36.0
2076,212600.0,35.0
2077,212700.0,35.0
2078,212800.0,35.0
2079,212900.0,35.0
2080,213000.0,36.0
2081,213100.0,36.0
2082,213200.0,35.0
2083,213300.0,35.0
2084,213400.0,36.0
2085,213500.0,36.0
2086,213600.0,34.0
2087,213700.0,34.0
2088,213800.0,34.0
2089,213900.0,34.0
2090,214000.0,34.0
2091,214100.0,34.0
2092,214200.0,35.0
2093,214300.0,35.0
2094,214400.0,33.0
2095,214500.0,33.0
2096,214600.0,33.0
2097,214700.0,33.0
2098,214800.0,36.0
2099,214900.0,36.0
2100,215000.0,36.0
2101,215100.0,36.0
2102,215200.0,35.0
2103,215300.0,35.0
2104,215400.0,33.0
2105,215500.0,33.0
2106,215600.0,33.0
2107,215700.0,33.0
2108,215800.0,33.0
2109,215900.0,33.0
2110,216000.0,33.0
2111,216100.0,33.0
2112,216200.0,35.0
2113,216300.0,35.0
2114,216400.0,35.0
2115,216500.0,35.0
2116,216600.0,35.0
2117,216700.0,35.0
2118,216800.0,36.0
2119,216900.0,36.0
2120,217000.0,35.0
2121,217100.0,35.0
2122,217200.0,35.0
2123,217300.0,35.0
2124,217400.0,34.0
2125,217500.0,34.0
2126,217600.0,34.0
2127,217700.0,34.0
2128,217800.0,33.0
2129,217900.0,33.0
2130,218000.0,34.0
2131,218100.0,34.0
2132,218200.0,34.0
2133,218300.0,34.0
2134,218400.0,36.0
2135,218500.0,36.0
2136,218600.0,36.0
2137,218700.0,36.0
2138,218800.0,36.0
2139,218900.0,36.0
2140,219000.0,37.0
2141,219100.0,37.0
2142,219200.0,34.0
2143,219300.0,34.0
2144,219400.0,34.0
2145,219500.0,34.0
2146,219600.0,33.0
2147,219700.0,33.0
2148,219800.0,30.0
2149,219900.0,30.0
2150,220000.0,30.0
2151,220100.0,30.0
2152,220200.0,30.0
2153,220300.0,30.0
2154,220400.0,31.0
2155,220500.0,31.0
2156,220600.0,30.0
2157,220700.0,30.0
2158,220800.0,29.0
2159,220900.0,29.0
2160,221000.0,23.0
2161,221100.0,23.0
2162,221200.0,23.0
2163,221300.0,23.0
2164,221400.0,25.0
2165,221500.0,25.0
2166,221600.0,28.0
2167,221700.0,28.0
2168,221800.0,28.0
2169,221900.0,28.0
2170,222000.0,29.0
2171,222100.0,29.0
2172,222200.0,32.0
2173,222300.0,32.0
2174,222400.0,35.0
2175,222500.0,35.0
2176,222600.0,40.0
2177,222700.0,40.0
2178,222800.0,41.0
2179,222900.0,41.0
2180,223000.0,40.0
2181,223100.0,40.0
2182,223200.0,39.0
2183,223300.0,39.0
2184,223400.0,41.0
2185,223500.0,41.0
2186,223600.0,40.0
2187,223700.0,40.0
2188,223800.0,37.0
2189,223900.0,37.0
2190,224000.0,35.0
2191,224100.0,35.0
2192,224200.0,36.0
2193,224300.0,36.0
2194,224400.0,36.0
2195,224500.0,36.0
2196,224600.0,39.0
2197,224700.0,39.0
2198,224800.0,45.0
2199,224900.0,45.0
2200,225000.0,53.0
2201,225100.0,53.0
2202,225200.0,54.0
2203,225300.0,54.0
2204,225400.0,48.0
2205,225500.0,48.0
2206,225600.0,45.0
2207,225700.0,45.0
2208,225800.0,51.0
2209,225900.0,51.0
2210,226000.0,53.0
2211,226100.0,53.0
2212,226200.0,56.0
2213,226300.0,56.0
2214,226400.0,54.0
2215,226500.0,54.0
2216,226600.0,49.0
2217,226700.0,49.0
2218,226800.0,48.0
2219,226900.0,48.0
2220,227000.0,47.0
2221,227100.0,47.0
2222,227200.0,48.0
2223,227300.0,48.0
2224,227400.0,47.0
2225,227500.0,47.0
2226,227600.0,47.0
2227,227700.0,47.0
2228,227800.0,46.0
2229,227900.0,46.0
2230,228000.0,46.0
2231,228100.0,46.0
2232,228200.0,48.0
2233,228300.0,48.0
2234,228400.0,51.0
2235,228500.0,51.0
2236,228600.0,51.0
2237,228700.0,51.0
2238,228800.0,50.0
2239,228900.0,50.0
2240,229000.0,44.0
2241,229100.0,44.0
2242,229200.0,32.0
2243,229300.0,32.0
2244,229400.0,33.0
2245,229500.0,33.0
2246,229600.0,37.0
2247,229700.0,37.0
2248,229800.0,42.0
2249,229900.0,42.0
2250,230000.0,41.0
2251,230100.0,41.0
2252,230200.0,51.0
2253,230300.0,51.0
2254,230400.0,57.0
2255,230500.0,57.0
2256,230600.0,57.0
2257,230700.0,57.0
2258,230800.0,57.0
2259,230900.0,57.0
2260,231000.0,55.0
2261,231100.0,55.0
2262,231200.0,48.0
2263,231300.0,48.0
2264,231400.0,43.0
2265,231500.0,43.0
2266,231600.0,41.0
2267,231700.0,41.0
2268,231800.0,39.0
2269,231900.0,39.0
2270,232000.0,41.0
2271,232100.0,41.0
2272,232200.0,38.0
2273,232300.0,38.0
2274,232400.0,36.0
2275,232500.0,36.0
2276,232600.0,33.0
2277,232700.0,33.0
2278,232800.0,30.0
2279,232900.0,30.0
2280,233000.0,30.0
2281,233100.0,30.0
2282,233200.0,32.0
2283,233300.0,32.0
2284,233400.0,38.0
2285,233500.0,38.0
2286,233600.0,38.0
2287,233700.0,38.0
2288,233800.0,38.0
2289,233900.0,38.0
2290,234000.0,38.0
2291,234100.0,38.0
2292,234200.0,38.0
2293,234300.0,38.0
2294,234400.0,37.0
2295,234500.0,37.0
2296,234600.0,35.0
2297,234700.0,35.0
2298,234800.0,32.0
2299,234900.0,32.0
2300,235000.0,30.0
2301,235100.0,30.0
2302,235200.0,30.0
2303,235300.0,30.0
2304,235400.0,35.0
2305,235500.0,35.0
2306,235600.0,39.0
2307,235700.0,39.0
2308,235800.0,44.0
2309,235900.0,44.0
2310,236000.0,46.0
2311,236100.0,46.0
2312,236200.0,39.0
2313,236300.0,39.0
2314,236400.0,38.0
2315,236500.0,38.0
2316,236600.0,38.0
2317,236700.0,38.0
2318,236800.0,38.0
2319,236900.0,38.0
2320,237000.0,38.0
2321,237100.0,38.0
2322,237200.0,37.0
2323,237300.0,37.0
2324,237400.0,33.0
2325,237500.0,33.0
2326,237600.0,36.0
2327,237700.0,36.0
2328,237800.0,35.0
2329,237900.0,35.0
2330,238000.0,39.0
2331,238100.0,39.0
2332,238200.0,41.0
2333,238300.0,41.0
2334,238400.0,41.0
2335,238500.0,41.0
2336,238600.0,40.0
2337,238700.0,40.0
2338,238800.0,40.0
2339,238900.0,40.0
2340,239000.0,39.0
2341,239100.0,39.0
2342,239200.0,40.0
2343,239300.0,40.0
2344,239400.0,41.0
2345,239500.0,41.0
2346,239600.0,40.0
2347,239700.0,40.0
2348,239800.0,40.0
2349,239900.0,40.0
2350,240000.0,41.0
2351,240100.0,41.0
2352,240200.0,41.0
2353,240300.0,41.0
2354,240400.0,39.0
2355,240500.0,39.0
2356,240600.0,36.0
2357,240700.0,36.0
2358,240800.0,32.0
2359,240900.0,32.0
2360,241000.0,32.0
2361,241100.0,32.0
2362,241200.0,30.0
2363,241300.0,30.0
2364,241400.0,31.0
2365,241500.0,31.0
2366,241600.0,33.0
2367,241700.0,33.0
2368,241800.0,32.0
2369,241900.0,32.0
2370,242000.0,36.0
2371,242100.0,36.0
2372,242200.0,35.0
2373,242300.0,35.0
2374,242400.0,35.0
2384,243400.0,36.0
2385,243500.0,36.0
2386,243600.0,36.0
2387,243700.0,35.0
2388,243800.0,35.0
2389,243900.0,35.0
2390,244000.0,35.0
2391,244100.0,36.0
2392,244200.0,36.0
2393,244300.0,36.0
2394,244400.0,35.0
2395,244500.0,35.0
2396,244600.0,37.0
2397,244700.0,37.0
2398,244800.0,36.0
2399,244900.0,36.0
2400,245000.0,36.0
2401,245100.0,35.0
2402,245200.0,35.0
2403,245300.0,36.0
2404,245400.0,36.0
2405,245500.0,36.0
2406,245600.0,36.0
2407,245700.0,36.0
2408,245800.0,36.0
2409,245900.0,36.0
2410,246000.0,36.0
2411,246100.0,36.0
2412,246200.0,37.0
2413,246300.0,37.0
2414,246400.0,37.0
2415,246500.0,36.0
2416,246600.0,36.0
2417,246700.0,36.0
2418,246800.0,36.0
2419,246900.0,33.0
2420,247000.0,33.0
2421,247100.0,33.0
2422,247200.0,30.0
2423,247300.0,28.0
2424,247400.0,28.0
2425,247500.0,28.0
2426,247600.0,27.0
2427,247700.0,27.0
2428,247800.0,24.0
2429,247900.0,21.0
2430,248000.0,21.0
2431,248100.0,21.0
2432,248200.0,21.0
2433,248300.0,25.0
2434,248400.0,25.0
2435,248500.0,24.0
2436,248600.0,24.0
2437,248700.0,29.0
2438,248800.0,29.0
2439,248900.0,29.0
2440,249000.0,36.0
2441,249100.0,36.0
2442,249200.0,36.0
2443,249300.0,37.0
2444,249400.0,37.0
2445,249500.0,37.0
2446,249600.0,37.0
2447,249700.0,32.0
2448,249800.0,32.0
2449,249900.0,28.0
2450,250000.0,28.0
2451,250100.0,28.0
2452,250200.0,28.0
2453,250300.0,28.0
2454,250400.0,28.0
2455,250500.0,30.0
2456,250600.0,30.0
2457,250700.0,35.0
2458,250800.0,35.0
2459,250900.0,38.0
2460,251000.0,38.0
2461,251100.0,39.0
2462,251200.0,39.0
2463,251300.0,38.0
2464,251400.0,38.0
2465,251500.0,38.0
2466,251600.0,35.0
2467,251700.0,31.0
2468,251800.0,31.0
2469,251900.0,30.0
2470,252000.0,30.0
2471,252100.0,30.0
2472,252200.0,30.0
2473,252300.0,30.0
2474,252400.0,30.0
2475,252500.0,30.0
2476,252600.0,30.0
2477,252700.0,30.0
2478,252800.0,29.0
2479,252900.0,29.0
2480,253000.0,29.0
2481,253100.0,30.0
2482,253200.0,30.0
2483,253300.0,28.0
2484,253400.0,28.0
2485,253500.0,23.0
2486,253600.0,23.0
2487,253700.0,23.0
2488,253800.0,23.0
2489,253900.0,24.0
2490,254000.0,24.0
2491,254100.0,28.0
2492,254200.0,28.0
2493,254300.0,28.0
2494,254400.0,28.0
2495,254500.0,28.0
2496,254600.0,26.0
2497,254700.0,26.0
2498,254800.0,26.0
2499,254900.0,28.0
2500,255000.0,28.0
2501,255100.0,29.0
2502,255200.0,29.0
2503,255300.0,28.0
2504,255400.0,28.0
2505,255500.0,29.0
2506,255600.0,29.0
2507,255700.0,29.0
2508,255800.0,29.0
2509,255900.0,26.0
2510,256000.0,26.0
2511,256100.0,29.0
2512,256200.0,29.0
2513,256300.0,25.0
2514,256400.0,25.0
2515,256500.0,27.0
2516,256600.0,27.0
2517,256700.0,25.0
2518,256800.0,25.0
2519,256900.0,23.0
2520,257000.0,23.0
2521,257100.0,29.0
2522,257200.0,29.0
2523,257300.0,29.0
2524,257400.0,37.0
2525,257500.0,38.0
2526,257600.0,38.0
2527,257700.0,37.0
2528,257800.0,37.0
2529,257900.0,42.0
2530,258000.0,42.0
2531,258100.0,49.0
2532,258200.0,49.0
2533,258300.0,48.0
2534,258400.0,48.0
2535,258500.0,45.0
2536,258600.0,45.0
2537,258700.0,44.0
2538,258800.0,44.0
2539,258900.0,44.0
2540,259000.0,44.0
2541,259100.0,40.0
2542,259200.0,40.0
2543,259300.0,38.0
2544,259400.0,38.0
2545,259500.0,40.0
2546,259600.0,40.0
2547,259700.0,42.0
2548,259800.0,42.0
2549,259900.0,39.0
2550,260000.0,39.0
2551,260100.0,37.0
2552,260200.0,37.0
2553,260300.0,37.0
2554,260400.0,38.0
2555,260500.0,37.0
2556,260600.0,37.0
2557,260700.0,35.0
2558,260800.0,35.0
2559,260900.0,34.0
2560,261000.0,34.0
2561,261100.0,36.0
2562,261200.0,36.0
2563,261300.0,34.0
2564,261400.0,34.0
2565,261500.0,34.0
2566,261600.0,35.0
2567,261700.0,35.0
2568,261800.0,35.0
2569,261900.0,37.0
2570,262000.0,37.0
2571,262100.0,37.0
2572,262200.0,37.0
2573,262300.0,38.0
2574,262400.0,38.0
2575,262500.0,37.0
2576,262600.0,37.0
2577,262700.0,38.0
2578,262800.0,38.0
2579,262900.0,40.0
2580,263000.0,40.0
2581,263100.0,38.0
2582,263200.0,38.0
2583,263300.0,38.0
2584,263400.0,38.0
2585,263500.0,40.0
2586,263600.0,40.0
2587,263700.0,40.0
2588,263800.0,40.0
