,cov_a_xmag,cov_a_xy,cov_a_xz,cov_a_ymag,cov_a_yz,cov_a_zmag,mean_acc_magnitude,mean_ax,mean_ay,mean_az,var_acc_magnitude,var_ax,var_ay,var_az
0,0.0023990050423857304,-0.000982304021264171,-0.06594517496568984,-0.0572850094285799,0.010777636138212312,0.06731891320147927,9.72294393058226,0.6877045124769211,-9.69139928817749,0.18210895955562592,0.057809134898953736,0.016052104074933276,0.05689368141133624,0.09677634386286557
1,-0.09692827742191874,0.15138419146107,-0.05919733554862797,-0.04849503616408275,-0.11875751552018128,0.04323809385787478,9.755036289391569,1.029027882218361,-9.674310684204102,0.20608090832829476,0.03581202574060865,0.3951904041000333,0.06884450464722737,0.06343824297289054
2,-0.021103931489983952,0.08137352859054307,-0.02355962373080213,-0.01926375125545006,-0.012607787508802122,0.022464559874979115,9.665074792946506,1.7412131041288377,-9.48283429145813,0.11611877903342246,0.016829554953219698,0.4199474087812672,0.03054199207742983,0.03393795321187648
3,-0.014867985268028247,0.035124525214883046,-0.0056970130219485575,-0.00703092376448543,-0.01040729679267023,0.003580001701300437,9.767054993074877,1.845271098613739,-9.581655025482178,0.25444377958774567,0.004047599766414918,0.10857242284761884,0.0138278243425943,0.005313822103523433
4,-0.016886190836438685,0.04604542867442486,-0.06055065222003125,-0.05301170362596581,-0.010848913778000263,0.05717214399786526,9.65143885578199,1.4096161782741548,-9.533651351928711,0.08155249319970607,0.04901581931340941,0.1993136853410997,0.06140421252635676,0.06839824520057014
5,0.047466564809923624,0.05892331497037737,-0.05066264811115877,-0.04108479086893589,0.09295806806021369,0.07057567378805465,9.623821843637488,1.8908806681632995,-9.401012468338013,0.08188169933855534,0.05210790224851933,0.593156564812017,0.049338169953537264,0.10095751938508656
6,0.040695370093773664,0.038630405389660914,-0.02246962616754222,-0.01226680192755246,0.07068473417497274,0.036179893220177055,9.735155621971513,2.0198982119560243,-9.496032428741454,0.25968110039830206,0.020259376067061317,0.40410778815499426,0.019975295659040937,0.07112369828149732
7,0.03203905519856461,0.012960676637429084,-0.015457461767806201,-0.009532690859981967,0.06887996461413089,0.02893896668570462,9.691963965723968,1.8124406218528748,-9.503574323654174,0.2124853990972042,0.01589978779990166,0.24700736829799536,0.011490203760281223,0.05861225269003754
8,0.010553813439857741,0.0022385714566451743,-0.018118418419625228,-0.011052511247271277,0.01912429100557142,0.02290625412300836,9.703704883657226,2.028607112169266,-9.480979061126709,0.2546532776206732,0.013707781434804486,0.06007916093722428,0.011147453376993095,0.04019632948196422
9,-0.0034225991296461616,0.00917332616620301,-0.020186455619184966,-0.014047622343110739,-0.0026878335949243964,0.020091703332036154,9.672480912567247,1.9656395971775056,-9.464458990097047,0.24160487987101079,0.013664883427550064,0.028250742051178817,0.015616924920272793,0.03168256885533865
10,0.013889026614341464,0.018501503990378202,-0.008578440380734678,-0.004584545403436509,0.0068233453667611065,0.010412859421420966,9.65521834449557,2.1306000888347625,-9.406549215316772,0.2272396683692932,0.007965788833757209,0.13966620911730912,0.008775553822859255,0.016343535666116
11,0.0298665459058275,0.02757903033771197,-0.001211957475035003,-0.004931566620893124,0.014407786643566942,0.0048546444838137625,9.647312309582137,2.1259314000606535,-9.392273712158204,0.295294851064682,0.011578341595374839,0.25582666100279133,0.011349734362221696,0.006555575375405119
12,0.014259108294125864,0.032678880057173273,-0.014604408424038248,-0.02594832745091964,0.017704898640813378,0.019432345455637046,9.686799025666378,2.185995936393738,-9.418609857559204,0.3506607711315155,0.028678804990604167,0.20387592812680633,0.03426425725984044,0.02456230844522342
13,-0.031603121227741136,0.05321141359847057,-0.03707819877317631,-0.03753445105936547,-0.017827000938951204,0.032952858192260646,9.748016976014181,2.366279327869415,-9.444048357009887,0.2945167412981391,0.029337748634060128,0.08074645030421394,0.05158245488425657,0.05255371366930468
14,0.003258999583159717,0.009237662048702095,-0.07988511762141708,-0.05184580262193733,0.016715206019061093,0.08017105463957822,9.608572403243787,2.3041797161102293,-9.318562269210815,-0.012150571122765538,0.05029330020735336,0.049739170110381925,0.05670203027376645,0.13297742898766982
15,-0.00656883661642538,0.010040587650845964,-0.1319225405645162,-0.08587432414405903,-0.006835354405318106,0.1271110744760533,9.718972152976805,2.203683078289032,-9.453804683685302,0.1183334244415164,0.08241634025631292,0.01626426428628531,0.09020039774920739,0.2009777878954383
16,0.020570903212140074,-0.016713179784263007,-0.17134170660584558,-0.10584526802506936,0.03919060105199927,0.17337223434111354,9.6514205334443,2.0436306953430177,-9.416784286499023,-0.03411737307906151,0.10640881225768906,0.02129833727673498,0.10620073472292513,0.29101668851210566
17,0.03787025775065791,-0.02911109037063343,-0.10203609345043974,-0.06888844469393776,0.055946741949221855,0.10797608572993014,9.588955637144247,2.094297993183136,-9.345317316055297,-0.16672622226178646,0.07313752069278526,0.04611862903478627,0.06656010680523274,0.17017747529149038
18,-0.0015831429486565039,0.009834700766005986,-0.12034727144271777,-0.07679116397874401,-0.021925637708919563,0.10559564918330332,9.692954384983334,2.306514024734497,-9.40256872177124,-0.04279635660350323,0.07114865967019984,0.030290132306689838,0.08520164956748659,0.19063336969216574
19,-0.0017137006361991577,0.007808324080763512,-0.09493479483724214,-0.06081401025190616,-0.007075817067346598,0.08466570342328217,9.641674875871365,2.437027943134308,-9.317843866348266,-0.10839748326689005,0.0557952969311624,0.025042833354090747,0.06783369351791854,0.16168180623711748
20,0.016029200685238332,-0.0022144214976923043,-0.017216761221805963,-0.011992873103653504,0.04282448833132387,0.025669823102630406,9.628327110211192,2.339913147687912,-9.332448482513428,-0.14047978315502405,0.01494699630954417,0.06286595740575952,0.012128003674230364,0.0611742502428263
21,-0.005166545310546329,0.017674240354861207,-0.05239260911380999,-0.028461861799636324,-0.008906385267156442,0.0487651385683187,9.650481659846244,2.0664953112602236,-9.417023754119873,-0.13254899382591248,0.02665983754376965,0.05805088647120639,0.0330053616531778,0.10769598325730563
22,-0.05674128200447623,0.15169946469712736,-0.05748120559317944,-0.04775090439268209,-0.02651920142728334,0.04847524758280593,9.675805776112693,2.478088515996933,-9.32637333869934,0.07754220552742482,0.031496085765123076,0.34697755907182726,0.090131310511795,0.11337908723401217
23,-0.08576505735292135,0.18835586768738027,-0.07152537099450279,-0.06485465672973395,-0.059412149390826036,0.05533270728273155,9.659336751148132,2.507896339893341,-9.299618101119995,0.041030631959438325,0.04200297748609728,0.37953403963519206,0.11557837873263348,0.10337696016337328
24,-0.036870264299484874,0.07186635237400203,-0.05640396366415492,-0.04098658160307942,-0.017613149577822743,0.05093429003486425,9.784792109229835,2.1695357859134674,-9.524672985076904,0.2337638657540083,0.03156656102319049,0.14139689603516245,0.059182703434185295,0.1059659898708648
25,-0.053672865057105924,0.0948208600208598,-0.061407646192504606,-0.04640139196993203,-0.06347273980526702,0.0437396716337473,9.69701752377201,2.6265290439128877,-9.31769437789917,0.2650680549442768,0.03143562332605905,0.14836305132167785,0.07284415635514101,0.0668646726363404
26,0.018928621206731232,-0.00501307104835149,-0.022890328725410518,-0.012832770554955986,0.04444891960721145,0.03423934967957437,9.432988762896013,2.7817630887031557,-9.005460500717163,-0.17295114174485207,0.01751988376177272,0.049567659889861865,0.012112568480664518,0.0767240678577778
27,-0.0024255551405729598,0.012081321986004478,-0.0011972809795066936,-0.0032418126450420638,0.006593155763661811,0.0017263857223774903,9.297573617838973,2.6441264271736147,-8.897122716903686,-0.48650178760290147,0.002329784025422676,0.03371447248208342,0.007014679301274601,0.02264693463461071
28,0.07236525337884281,0.011295858978696496,-0.019426876161832758,-0.02227206910651315,0.09779031207534862,0.048775768782598775,9.41852458510433,2.8053759157657625,-8.962185287475586,-0.44738651663064954,0.044520268992451255,0.27479269907247766,0.025698492387393915,0.07829382400558518
29,0.03330635867501042,0.1563282035435075,-0.06293188771823673,-0.020109443551948925,-0.04782959958830055,0.04900245970391151,9.64020497514921,2.531868314743042,-9.259814548492432,-0.1310825388878584,0.029685550025103834,0.6529050492646898,0.06644368411550539,0.11228070634851942
30,0.03755793464772604,0.156350532960986,-0.01706374673553263,0.003662209537445544,-0.03487213124232088,0.004944320770305129,9.70671507354459,2.303311836719513,-9.391196250915527,0.047854108363389956,0.005879754821618322,0.6953745957968828,0.04155744655729086,0.024963568160581717
31,0.019287518511509012,0.17842161743989116,-0.024448028408821366,-0.0034244767890939643,-0.056041780093826786,0.008406102304948539,9.684727469945035,2.543300598859787,-9.305573511123658,-0.02355295978486538,0.008718890171029952,0.6956645509865074,0.054845426929394224,0.028014299735625824
32,-0.0007312176441204622,0.13147877827208226,-0.03054467521581379,-0.00950245019483113,-0.0676442362136321,0.010519617409820487,9.670847533387601,2.621800494194031,-9.28061408996582,-0.020350717660039663,0.008772476836259405,0.4740231131391479,0.04702861361765828,0.03639669122849155
33,0.029031838894007487,0.09615500183995881,-0.013203115582212271,-0.0006787236929076147,-0.02952836001650197,0.004216913169340577,9.686793804259741,2.692878371477127,-9.27935724258423,0.019632451701909307,0.008425365554431359,0.465475277493031,0.027201389217234924,0.016300292544573616
34,0.04870278249409819,0.14645684870184822,-0.02767430503461552,0.0030793527082137,-0.06015176989124479,0.005981770972743322,9.700115105925901,2.7390266060829163,-9.26678762435913,0.03818751610815526,0.009617289598355316,0.6785249403833503,0.04156151826635732,0.04232573412725209
35,0.05034371538735233,0.1590593939487181,-0.04465492105878563,0.006067533571783409,-0.12338947341050865,0.002042666888805836,9.688175428956466,2.683481103181839,-9.267416048049927,-0.009457099996507156,0.008201513088693787,0.6978362267735154,0.043755698470654275,0.08195976332674924
36,0.027979011803378532,0.07661605143616494,-0.022569341277248172,0.0035950959715483374,-0.08528856697326723,-0.00567358402820759,9.659935258678848,2.7425281167030335,-9.241648483276368,-0.06218939144164324,0.005549994637758494,0.3430474827773773,0.019794747533581562,0.0437125244402981
37,0.007442090908102684,0.019512933691572556,-0.0011862827982209241,-0.00027464073628268926,-0.0021891385781399333,0.0003139246290512139,9.639979406715792,2.80432847738266,-9.21788592338562,-0.011043254937976602,0.0024818354626335443,0.0907398496546222,0.0060979028254487585,0.006067138577128316
38,0.008109158317103012,0.015977584336812085,-0.002287556662960553,-0.0011171987041082455,0.00406042897849231,0.0031777191748073455,9.646148253752175,2.7028143048286437,-9.254756498336793,0.020560207340167835,0.0033634233754116227,0.08493741328918337,0.005720541252946347,0.009579575514099858
39,2.276640024681602e-05,0.0251641861632239,-0.009938673490529187,-0.00430934065979542,-0.015715589578943992,0.004944161681318941,9.641864316261898,2.725200092792511,-9.242965173721313,0.03734954710234887,0.004234622295004182,0.08653094005824588,0.011742940881525606,0.01652048467570974
40,0.002823047453038989,0.07431789766526523,-0.017513636548186596,-0.002276680913144024,-0.04345864212201176,0.0029207247647029993,9.647076037453287,2.7830200672149656,-9.221567106246948,0.009606733359396446,0.003129473628542799,0.25667140727197735,0.02503971966176831,0.01982170831861813
41,0.022069254415470713,0.20511994898872832,-0.034492111279809785,0.0038260545297340957,-0.09433617661455589,0.0016100781342272066,9.67677901953052,2.7262475371360777,-9.241319227218629,-0.02403180077672004,0.0022388428781207627,0.7569933731978239,0.060108082812274304,0.032577357685153956
42,-0.0763447816851607,0.4073562385531145,-0.09020355344423962,-0.03982393313330588,-0.19773542218250936,0.02461118995672251,9.693233066697143,2.721249634027481,-9.224440050125121,-0.13823522198945284,0.024674434932179218,1.2199465804350573,0.14920908086495427,0.17569193117466642
43,-0.12351299372030752,0.342573856285632,-0.09179900246331117,-0.05978966309451367,-0.19080879325846264,0.03244181561920611,9.623152371905306,3.16402730345726,-9.018389177322387,-0.3834314070641994,0.032111744868048506,0.865469877704985,0.14554965621721647,0.19543936706677145
44,0.0008366758205865921,0.011859508878708435,-0.016903178580377865,-0.014121629549141184,-0.00282034042911011,0.011434602022288333,9.638088766516006,3.6041115283966065,-8.92402777671814,-0.4138078404590487,0.013086360581280604,0.03221359113529635,0.020547382638312083,0.05887956960599943
45,-0.004831429699092697,0.015622206681527917,-0.020140738928722438,-0.020609101536223102,-0.011087814253009457,0.014063325550250357,9.683460734114218,3.6101569056510927,-8.97792706489563,-0.25474306028336285,0.017083297540209322,0.02558893434647432,0.028832638232346438,0.034356984291515597
46,0.04072020343488643,0.01613064113918503,-0.04174803832239099,-0.03156787853247537,0.03930855914149162,0.04842130505977643,9.598806782093842,3.3786375761032104,-8.96864948272705,-0.18641852736473083,0.04132205501270345,0.17046799764949824,0.04144602585681582,0.09306525040018575
47,0.03450850038970653,0.03665903115476904,-0.10676728927619865,-0.0801384854740832,0.07001518020942167,0.12042134118546609,9.58355965597446,2.9212852001190184,-9.103562831878662,-0.13937247395515442,0.08611425078264583,0.21740354947805707,0.0981012175162075,0.20895426139665785
48,0.0026292824213557703,0.07816039430513784,-0.11643430221339048,-0.08199142333087432,0.05969536717998363,0.12939335247025804,9.610033550016691,3.0880114436149597,-9.072737455368042,-0.03621231019496917,0.07853854380191451,0.2402661034115471,0.11289419673629433,0.2528033921820696
49,-0.029040205212594695,0.07163175709501417,-0.06691831331388169,-0.046237406709158116,-0.013302845537918632,0.05936035244660564,9.682293711565595,3.3322798371315003,-9.075610494613647,0.06248866468667984,0.033799665135774586,0.11185019100806796,0.07501550434735443,0.13336757074228306
50,-0.017125008572800932,0.12945616100256002,-0.00547277412390729,-0.02453425893007536,0.037603092072946806,0.019989066099085878,9.722220881950799,3.5929186224937437,-9.012373638153075,0.15409680753946303,0.017458788831359734,0.2832540409723647,0.0762980722455292,0.04305428593710158
51,0.001621591693616137,0.10724077277858762,-0.005930726051985942,-0.011724431831310191,0.023512668095054735,0.014397649701867585,9.71537319434589,3.8781877875328066,-8.887695598602296,0.1777395499870181,0.011865519098709325,0.26937443503628866,0.05585977800739408,0.029169610267518735
52,0.004177432421037425,0.11637647722721739,-0.009847096488411998,-0.008855061256765178,0.02592622178540104,0.02013190558995052,9.69529468395737,3.515166938304901,-9.013959884643555,-0.027293895557522773,0.010061780202715254,0.30093085432289174,0.05634778649446642,0.06343855614562464
53,0.010878036535429176,0.020613485948220676,-0.02765245850912115,-0.009314636454764763,-0.027604173600388388,0.016050089135427117,9.643998375398391,3.1977257132530212,-9.08952693939209,-0.08643067860975862,0.011945498399720464,0.09363642912927839,0.01740641753986939,0.06330758157033461
54,0.034703199563136625,0.013740998296642984,-0.022433775180597717,-0.013345012147405846,-0.0237979921248004,0.010127803816760664,9.66665637727792,3.2141259789466856,-9.104999446868897,-0.08834603941068053,0.023666488827074266,0.1398442934108891,0.020168810894229876,0.0792531294329664
55,0.055877929125013256,0.01941069872130746,-0.019695974072223513,-0.0167203902716471,0.04578076769782531,0.03184004218211946,9.691151101296832,3.3138444662094115,-9.089766216278075,-0.17265186756849288,0.03431891830796108,0.2128825248209912,0.0261314897422812,0.09339541740246954
56,0.08136714331735391,0.07741340027466008,-0.008085784974846277,-0.005035521003486882,0.10163996018295085,0.043659129773247735,9.668375719344775,3.2545281529426573,-9.07611927986145,-0.14248493015766145,0.033459387184798496,0.4401355971159933,0.034388584089143366,0.07397985284749993
57,0.0822760745520354,0.07968350550591284,-0.009635207254649055,-0.002874945532251234,0.0961641795355548,0.043119518503725175,9.637496095431093,3.3122284173965455,-9.022578954696655,-0.0881365530192852,0.03250346704337752,0.4480798038618291,0.03218965030482415,0.0741022810106106
58,0.05649246648223741,0.004855643832656781,-0.025691382198509798,-0.009799052227803643,0.05729569549861768,0.04393408995111246,9.647338480703198,3.4688690423965456,-8.988461685180663,-0.04991910750977695,0.028879089249917812,0.17381233426249973,0.012468934594270613,0.09854723587122187
59,0.038626413908875216,-0.004424619238847939,-0.029342566536176097,-0.012173343780362283,0.03193374858578731,0.03807470558430337,9.651209899217095,3.4483088493347167,-9.003694915771485,-0.05506664025597274,0.024533999797787382,0.09993782866626082,0.011609136396567127,0.10821243177446266
60,0.02408820216728558,0.007282035199070346,-0.03772434828456415,-0.019329815105811863,0.015766407612558698,0.04070026247113897,9.648670569625821,3.238097941875458,-9.07950119972229,-0.008080428745597607,0.026357659430839037,0.0898297749947106,0.02338119998004769,0.0964710538225127
61,0.024635941829489458,0.0038034746739419654,-0.030670554480273664,-0.016561727020966744,0.012896211170941174,0.03300674534363302,9.663473692666852,3.1923986077308655,-9.113139772415161,0.041270054318010806,0.02392351949143876,0.0830326060494197,0.019035554347692597,0.06953452674055666
62,0.04793601532273018,-0.0019798643538705804,-0.020449221061205267,-0.009894558408718616,0.03444111533308741,0.03069101850249825,9.660466116326088,3.3218650817871094,-9.06172423362732,0.06545148734003306,0.025607750640587016,0.13451450744464405,0.009954995715861467,0.06080980493727797
63,0.043664421228368014,-0.006843011909694099,-0.021172282481263235,-0.011224461825070685,0.03706927667002355,0.032880116192633035,9.659143869756473,3.310851740837097,-9.06522569656372,0.08340800320729613,0.025613912790441774,0.10811441505042738,0.009414736821676501,0.068134468509769
64,0.0322904931234674,-0.006535080604543296,-0.03410221026902443,-0.018725779907974832,0.01768260176447613,0.03831114522582347,9.654966156932428,3.2611122012138365,-9.079441356658936,0.07855974566191434,0.028756236783688837,0.07601488187474302,0.01748799824351749,0.0837709566208245
65,0.023227076195525564,0.0025276567058521884,-0.036837437687098,-0.022409647517726602,-0.003946603858260939,0.03331289111191916,9.658280038414977,3.366696500778198,-9.044964742660522,0.06584054473787547,0.029216212770835092,0.07410739393934755,0.024636355337715517,0.0694259359039898
66,0.00904478836311131,0.007653551018170448,-0.02542141514137648,-0.014833033713644533,-0.016530139360314673,0.018049498923578246,9.668306888972898,3.501609754562378,-9.006867074966431,0.07598597574979067,0.017194961320642705,0.04524264076964489,0.01870168805250231,0.043207318276786345
67,0.0025908615061553575,0.02431154366645984,-0.016732557935988154,-0.008626037673595098,-0.01234458895082916,0.010984363598184733,9.672243545034956,3.668814814090729,-8.943540477752686,0.10124480612576008,0.008911064191099312,0.06700748864081696,0.019223878606049096,0.02260208263965581
68,-0.0028934683494398453,0.02734907265803966,-0.020451258415314852,-0.00737538937068009,-0.02765937471679356,0.00828918066516256,9.672023552016801,3.832697939872742,-8.873599815368653,0.0680252581834793,0.00572852355413188,0.058333124078480965,0.01932691962836932,0.04708424132246511
69,-0.0017786656817274681,0.029074365914235213,-0.03682096585928943,-0.00428547393530787,-0.05662060365058685,0.008634633352296755,9.659726992968674,3.9969701290130617,-8.778879261016845,-0.2557007372379303,0.0032019984591766964,0.05997074687360938,0.017975195090998358,0.1362575511569166
70,-0.004109247135571092,0.038777900519817395,-0.03415983841697775,-0.010056258561113068,-0.04248475444943491,0.007112720695191607,9.65243433115789,4.252371561527252,-8.63109712600708,-0.671932703256607,0.006470145705123144,0.06114994779043953,0.033745101591299065,0.058410321330095424
71,-0.00931476159832206,0.03357778285820215,-0.03485714495852052,-0.01263491385325977,-0.039750682070639635,0.009505632169719827,9.658319318944045,4.399225866794586,-8.553524923324584,-0.811604443192482,0.006222666946841746,0.03878027687875846,0.0343665264552687,0.04723739357969439
72,-0.004449240543766563,0.08579216879026334,-0.09534150599799601,-0.008102022669889646,-0.17758642177531533,0.0037759849948358175,9.67303278658727,4.109826755523682,-8.721089076995849,-0.4477755680680275,0.004780706068023964,0.1607268924693196,0.053156565465839155,0.2319390183634079
73,0.0005496359122894378,0.0731464091732505,-0.01042422216955273,-0.0065044867484816546,-0.031654389960054784,-0.004385801674840278,9.650459241051394,3.673962342739105,-8.908016395568847,-0.10468646846711635,0.006276802006639095,0.18162856597972657,0.03691650746561783,0.0715726832199343
74,-0.02781816330902305,0.1181805291617413,-0.005353550653151134,-0.020299349985967413,-0.008590736563580868,0.0009909743110961653,9.617240561677821,3.6474764823913572,-8.882099199295045,-0.14625579323619603,0.00795575614122047,0.21519806090481766,0.07096106480845303,0.010380197175664154
75,-0.03803221330557407,0.12105978491743763,-0.018111952793515688,-0.025369071291345826,-0.03319006500347863,0.0040223580486380365,9.649446731829617,3.5801695346832276,-8.945216369628906,-0.1183633441105485,0.00902190705995232,0.1961800179041624,0.07718840323962613,0.012814067639763801
76,-0.007196446739699624,0.05669554579445796,-0.003214266942905943,-0.007434564354510363,-0.0013628429289243586,0.003133928623663423,9.64956439870858,3.518788194656372,-8.976281118392944,-0.07015010975301265,0.004755972378980901,0.1262472997280971,0.029615224610813017,0.010660786624249047
77,0.01423072625501068,0.023288393036760863,0.0033072591670456814,0.0019400968311212767,0.022326714137755378,0.0056879844400322755,9.644800749508322,3.761201059818268,-8.875335645675658,0.003172317706048489,0.003785990650118031,0.0903731750834157,0.007955334806001699,0.01488400532660605
78,0.005392023945183114,0.014855580863867995,0.0006989356412706185,2.5877928198304587e-05,0.008341887942599716,0.0026541543809747575,9.654649518494539,3.811299729347229,-8.866985893249511,0.0689230808056891,0.002151771280717142,0.047742200525483246,0.006401725283362076,0.009126241146573233
79,0.0016756264032015587,0.0031966688203379228,0.0003364841643556384,-0.0009205140627360946,0.003534537203480622,0.0011082397261813419,9.627887873014302,3.6873998165130617,-8.892454051971436,0.06754641393199563,0.0015099532706844836,0.01166369303958426,0.002376806501677875,0.007475668526298465
80,0.006957901929530025,-0.0006875722946921617,-0.001954283383192591,-0.0015714611440738168,0.00020688322522352312,0.0018457579933498331,9.631068070815203,3.6974554657936096,-8.89164595603943,0.05165490178624168,0.004120359282674188,0.01636985921555457,0.0014370457934307379,0.009744219240196384
81,0.009928933822812626,0.0072869483192538305,-0.01288818647616298,-0.005720084659136998,-0.013336181160468539,0.006283685664380325,9.644630780193216,3.86555837392807,-8.832269954681397,-0.04964975913753733,0.009089657771964809,0.04163865763863915,0.009555261897883922,0.026215415135271414
82,0.013992063725280297,0.009482091715328402,-0.020323590370164176,-0.013137425000927749,0.0032170460079490757,0.019023468656491828,9.64346287020331,3.8854900956153875,-8.818952178955078,-0.17794904187321664,0.017273778843866626,0.05717728636976862,0.01885126589555796,0.03993938412005155
83,0.02372256020980811,0.0015731930573720776,-0.032052419345177115,-0.016301927710336343,0.011742696684803261,0.032912493965263016,9.64837795900852,3.782569336891174,-8.8679434299469,-0.14266449054703118,0.023808682498195014,0.06402536872689102,0.01904509506965669,0.06978307963917331
84,0.024554955332849522,0.005099598748364842,-0.027357867433560577,-0.010022625083073736,0.014269790552458384,0.029915339783799965,9.633845082952693,3.751085579395294,-8.865309953689575,-0.10908581232652066,0.01844397388199373,0.0755722046641918,0.013395983385623223,0.07127343735435056
85,0.021171084199778967,0.00731270610450505,-0.019532159989410214,-0.0052214737113834946,0.01824993211691973,0.023562145504402693,9.617836537135693,3.7740399718284605,-8.835681629180907,-0.23968951720744372,0.01251167404207819,0.07318032356447399,0.009187123113559589,0.0698084686264064
86,0.01794072000035982,0.0005789289701409198,-0.013923113736478851,-0.005763339048172844,0.018707332755923557,0.018482941430280148,9.639759762187309,3.8951267123222353,-8.806502151489259,-0.33659483324736356,0.011861172201455203,0.04767212071690382,0.0070657180674492046,0.04678642992821947
87,0.005626791712739064,0.006523946855689874,-0.011387802371027078,-0.003266275869367407,-0.006729072148541987,0.006847343606617328,9.65325760642443,3.8898295640945433,-8.82730188369751,-0.28230631053447724,0.00515327618542129,0.027463493850010748,0.006866642126806256,0.027299960619108454
88,-0.0022602696267316727,0.009546114334499936,-0.007480081240148935,-0.003023451007249814,-0.006795047732477485,0.0037356295752105813,9.653713093308742,3.8621166825294493,-8.84241533279419,-0.2315791629254818,0.0017554281674913546,0.015579805160095632,0.0077380494983452465,0.016641144154672438
89,-0.00010926498705395517,0.015065795352784569,-0.006488842438411133,-0.0023954341504658777,-0.008460830828261146,0.0021806069308047643,9.64728783734493,3.8777687788009643,-8.82825951576233,-0.2073677960783243,0.0020887908372676225,0.033370264220443334,0.00945095963867588,0.013903813548047586
90,0.0004391584147994316,0.014673426012659786,-0.0024407985130785325,-0.0012027720078446186,-0.004875892517666272,0.00014153897982903084,9.626972451995723,3.861428380012512,-8.815211057662964,-0.12880805023014547,0.001318109917090512,0.034254818634260095,0.007765776276217271,0.005015359818211967
91,-0.0020620391228917154,0.018514447029260247,-0.008390001520449749,-0.003570755000407594,-0.01053038645488982,0.003279540597662536,9.64886530784427,3.920924258232117,-8.812816953659057,-0.08206126214936375,0.0024664706606626584,0.036373376898502285,0.012137418012693347,0.01130091857217384
92,-0.0035882722800675837,0.02400336245687314,-0.01707323505331519,-0.012118498981420926,-0.001418553652953891,0.014269582741132568,9.62478115058362,3.9498342156410216,-8.768973255157471,-0.2129941673949361,0.009393084291409969,0.045019709517816676,0.024255887517832968,0.040078961539888505
93,-0.0007095049819375971,0.012893640283673308,-0.019047884027099858,-0.018775509501113223,0.002286435776858626,0.017225751149979953,9.58406548816872,3.891206204891205,-8.750567865371703,-0.2438494429923594,0.016521706409203727,0.027081485628142492,0.026770260270062417,0.04785420808925156
94,0.0036298962878846424,0.0030158708227567637,-0.01204152145341845,-0.013759033175132817,0.009940617751480087,0.014192773132288727,9.640783690950817,3.825994145870209,-8.844869470596313,-0.1461061578243971,0.013710583712898393,0.016950681849035875,0.016591989572280353,0.0363952914802474
95,0.0045056455521901295,0.0005382950990463705,-0.0028116306881777768,-0.002849008500959272,0.008731844167258052,0.00572596540976997,9.656283898439597,3.7916673183441163,-8.878118848800659,-0.1377264518290758,0.004334653775875024,0.013213583744072794,0.003314056262874338,0.01634891408681225
96,0.013780364267710113,-0.004804964330416724,-0.010393938340196262,-0.007903398440610384,0.007613808664345067,0.012372439274176727,9.627419240463365,3.7485118389129637,-8.865100383758545,-0.09322422817349434,0.01261032058898717,0.02399799037490491,0.006601752979708851,0.02113126601231713
97,0.019270331436981453,-0.00122489104562286,-0.018079135331050083,-0.01149339498269432,0.0065762084411237764,0.018693992830443124,9.613928241263723,3.6980540275573732,-8.869410037994385,-0.11617863718420267,0.01799414517628714,0.045741824687145625,0.012244071405850779,0.035882711842620735
98,-0.001888973269068313,0.055789662331800875,-0.03702652882631912,-0.026113441768234588,-0.017952385492439178,0.024823436049859468,9.581774299966915,3.820906472206116,-8.773821496963501,-0.21927894584368915,0.021976893364429595,0.11814365477343265,0.05542659556812102,0.04108616880257247
99,0.010462204059177188,0.06549583816352554,-0.02664547862288976,-0.03046504094732915,-0.002024165216360859,0.02318176346348764,9.617343751916048,3.9166445970535277,-8.7660701751709,-0.21386206361930818,0.03128325574053474,0.17295476007693225,0.06364043916759042,0.07202768240529062
100,0.01272522187872493,0.15000120498616412,0.021198711982076686,-0.018915793283227886,0.11303959436683189,0.015531466500713081,9.65614689526733,3.5165435552597044,-8.947610521316529,-0.4284124650061131,0.022167505348905353,0.441668023444466,0.07666803343571912,0.16890829646401226
101,-0.010583647329660063,0.15051382229560328,-0.005931180633662264,-0.02136878024058057,0.0026377423123224606,0.004161449325748329,9.608935101465613,3.471083641052246,-8.905083513259887,-0.7179612308740616,0.016139275427478457,0.37772924774440897,0.07908896171248485,0.05114362789282948
102,0.04043660688179058,0.010094190031893387,-0.015270363177118692,-0.01876608540974439,0.02669517900717267,0.02185056770571082,9.634666973313692,3.838354206085205,-8.80147452354431,-0.6855197995901108,0.031852350540681425,0.13304791805695979,0.02535483385341212,0.03971643132505799
103,0.06506912903550696,-0.008434980743214944,-0.04374094896186715,-0.02556225900031638,0.04298998808701277,0.0524463825887189,9.686103391570668,3.8045061945915224,-8.878897094726563,-0.5412092953920364,0.046445240281201894,0.15177060816245969,0.026510870709554168,0.098279979671239
104,0.05799917833880099,0.005556772316021324,-0.043089523678511724,-0.01686766306254354,0.04071398047931395,0.05029677382590078,9.656766748651886,3.6560956597328187,-8.913163995742797,-0.4127304442226887,0.03579306960093137,0.1710832792804076,0.022133212092957752,0.12812366260398345
105,0.02847001249176349,0.01854796902379359,-0.023449044282594804,-0.006919985311158505,0.003852630726544519,0.02003905492153283,9.654051688243628,3.6737528920173643,-8.90960259437561,-0.36807858273386956,0.016366082867936185,0.12346293871126442,0.01575766085208524,0.07478069899056783
106,0.01697360550963434,0.0024686002216214803,-0.018546570661473336,-0.01521361014317083,-0.0008928425745298761,0.015676642921881142,9.654141533210174,3.7278019785881042,-8.892723417282104,-0.38444893890991805,0.020081153670128016,0.05052703984126453,0.01805524382261147,0.03319401609242676
107,0.029586376158264368,0.005291796003378136,-0.027109891215543903,-0.024473400435837022,0.0011632198710912391,0.021893923280603047,9.670327943903832,3.8488887548446655,-8.850884771347046,-0.4708197639323771,0.0333961654518402,0.08643121852323747,0.030247835482084973,0.06562806903095446
108,0.00998644576274314,0.05892883677600029,-0.05709280832159274,-0.023606711961508674,-0.06124214979013648,0.01745428544098293,9.677846224169848,4.261170291900635,-8.643367528915405,-0.7382520891726017,0.024048444068420233,0.13574415139346452,0.059601430141559546,0.09219433098083532
109,0.004977747437648536,0.02819995702308178,-0.05291328700237276,-0.012232197976481007,-0.07979448745213542,0.002773086301272339,9.668252682280713,4.388990712165833,-8.578753995895386,-0.6450577870011329,0.012896489884087864,0.05602603446010101,0.03181207265529821,0.1363749999144295
110,-0.014476567133260709,0.07179599457217833,-0.0030847769342218167,-0.02371892499276179,-0.017674849280693055,-0.007776813704025501,9.676972324659616,4.114375734329224,-8.74311580657959,-0.26488848924636843,0.016407840465848735,0.12446252335143028,0.057744499932251614,0.0483753119125479
111,-0.02950503798506063,0.08385548720470495,-0.010713511244072743,-0.029262098670578173,-0.002618297647211507,0.0075423744643382295,9.67133666527838,3.9147591590881348,-8.831012964248657,-0.16409260034561157,0.014686497607087453,0.11959421895729568,0.06884164218649849,0.032247755702756065
112,-0.01101527020795654,0.035326539960417354,-0.043237229701579075,-0.026024152458270233,-0.024790155997996464,0.02825196060626047,9.671160541949211,3.84086811542511,-8.865818738937378,-0.21347301006317138,0.018499329595788584,0.052869427916786435,0.04514601455678909,0.05813200327751349
113,-0.026129754346425182,0.07707018659923974,-0.03223964049009429,-0.03144220808235417,-0.014467892259656953,0.021132206886211192,9.668412702782947,3.8107311129570007,-8.86623773574829,-0.3738845199346542,0.018050969858062992,0.11399927302573666,0.06807890476479515,0.05341632367007173
114,-0.013535196436210931,0.13452417645956832,-0.02187507764818983,-0.015810983393712393,-0.04218829525873678,0.003094308207714859,9.649019260085991,3.682761013507843,-8.89014983177185,-0.3809474132955074,0.009065744350813074,0.28510423524803646,0.07428043745790064,0.029637951484332875
115,-0.0024051030227012324,0.09855116671982478,-0.0258623558619681,-0.007917547921694955,-0.03667720084489243,0.00924278876294749,9.641912945042455,3.641670525074005,-8.908674955368042,-0.21532851178199053,0.0061187533803284235,0.23273897602175353,0.049789875997643285,0.03292168893612259
116,-0.012407303816107442,0.038152752657721334,-0.012459368815330179,-0.011162493978989824,-0.010418610692766214,0.007488183676055464,9.652239263989637,3.7661391258239747,-8.880602931976318,-0.04204816501587629,0.005520935806166242,0.060629758260840556,0.027833602573647045,0.03815484932265657
117,-0.0002185146843735159,0.019257883234666553,-0.015335910039036376,-0.010218373209991147,0.015517042421093846,0.017071187394137346,9.625168721237554,3.7763144969940186,-8.842355489730835,-0.20069395788013936,0.00855492898148384,0.04590707348106546,0.02014287466340639,0.10649767618436169
118,0.0078106838690262465,0.006958984020774196,-0.025694460837239825,-0.01600750116327812,0.005279640106002269,0.021943807554823155,9.599590847882427,3.7031716108322144,-8.840469980239869,-0.4219780519604683,0.016709580123213046,0.03801041549734172,0.02157764219261082,0.06942627992353385
119,0.0041654678708882755,5.956591119172487e-05,-0.021949969456527784,-0.01968807216116773,0.004734124178916712,0.019113550241626708,9.579314523138288,3.731483018398285,-8.81030306816101,-0.3894169073551893,0.018916020468026155,0.011513227713098493,0.022467121297054887,0.05463623570201358
120,0.0005460700813299001,0.008975716493670738,-0.029485886927767317,-0.022147407413207545,-0.005876691156640182,0.02304479658573602,9.58346696963827,3.799238955974579,-8.785792446136474,-0.38884828333975746,0.01960036722674411,0.021422019156538536,0.029359787499685666,0.039629738999873966
121,0.010992510233333388,0.006709480050798563,-0.02748983613647968,-0.019402261429565314,0.01215763328071248,0.028318740111250174,9.626487694657616,3.7855321884155275,-8.837746620178223,-0.3850774131831713,0.020959768887198017,0.04484885305180684,0.02527110755842224,0.040272912749631004
122,0.012301360734775354,0.002792670852345746,-0.02568878579654423,-0.015948732133136568,0.016072004027255327,0.028380272006984855,9.649885605246189,3.7701494455337525,-8.871474933624267,-0.34683003965765236,0.01854612874726447,0.039487662634565435,0.019439028815558222,0.04688973029341754
123,0.0033914741982857244,0.017183358767348094,-0.022181142084936413,-0.009773174913229899,-0.007868599132943998,0.015990306009498186,9.655622320196958,3.807678532600403,-8.86405291557312,-0.2611475482583046,0.009890909280094033,0.04795529215304231,0.01870968776733148,0.041114824747157504
124,0.002328968109696742,0.020881473742747233,-0.007887100470497857,-0.001726244097420324,-0.009666771881660704,0.002449011237514097,9.647229351931461,3.792445421218872,-8.859204721450805,-0.33530794754624366,0.0024988320448103697,0.05377727876455805,0.011044071696086857,0.03078503903679609
125,0.013155643824178494,0.005228153215129671,-0.006141440346585654,-0.004776182596070999,0.02119194409142375,0.013074775815258127,9.637798858762967,3.7977425932884215,-8.844959211349487,-0.3850774146616459,0.009319892337392418,0.04627663989257839,0.007648903786021985,0.042478529055645885
126,0.024717633644638862,-0.00873063941938943,-0.01844577526585431,-0.014444418192816704,0.03024888808485703,0.02730736102210926,9.622910561368935,3.803518545627594,-8.827152347564697,-0.34545337557792666,0.022416049488602686,0.04365745384931058,0.012502167579144598,0.06699089475234038
127,0.029926958846303475,-0.0012841807649543113,-0.02478395372344256,-0.01727185351744287,0.012418377211252935,0.025314054427887468,9.648176530140498,3.8431426167488096,-8.831791162490845,-0.44394484758377073,0.026871128019859494,0.07355038694251598,0.019211446553706338,0.06036510350833582
128,0.03412923335194291,0.00018660911651800948,-0.04149375594635485,-0.024377105619354286,0.030230367603323708,0.04484979551558837,9.687955789872325,3.917362928390503,-8.834185266494751,-0.5614402934908866,0.032800937486220594,0.08980025920561752,0.03020251941514432,0.07354610400688867
129,0.039031830269303035,-0.0015087939597474003,-0.04066073193867135,-0.02973000651789518,0.009908109278262408,0.03654177821742969,9.614688413311175,3.887405443191528,-8.762867879867553,-0.6335057660937309,0.04034880936077021,0.09356830597702082,0.03534828557009013,0.05998923846265574
130,0.03714276198411048,0.005029036203633404,-0.03507416032263149,-0.01788290120486417,0.003972913390309402,0.030318436891829524,9.625941453162653,3.82898690700531,-8.80931544303894,-0.48566381707787515,0.029719977886665205,0.1048953602002621,0.023674300861916832,0.06715053526037641
131,0.04202341856569738,-0.0051673860605121955,-0.0104185073172023,-0.00790065281718403,0.026608112996877306,0.01880447833376737,9.682430897609358,3.8059726476669313,-8.890329313278198,-0.34231099113821983,0.022986348533773675,0.09855867494150701,0.006713432740116332,0.032354429277293956
132,0.04465971827092652,-0.009822438977732866,-0.019613948504162863,-0.01812835895212387,0.027163641263598246,0.027483399025305652,9.644356874348578,3.8066610217094423,-8.847712564468384,-0.37065235413610936,0.0333274361118711,0.09277593779799062,0.016246752590917058,0.03330537152753186
133,0.05488356881900397,-0.008837567799235752,-0.03393096258708005,-0.02097615256923597,0.0540836192436867,0.04958541053577723,9.652252412982627,3.8650495648384093,-8.826344299316407,-0.38741177078336475,0.039352432640475825,0.12189519419689092,0.020430533588641005,0.07905505754407423
134,0.03949597189505651,0.0001507969503575341,-0.025003626623135367,-0.018790027082325616,0.03887791412999369,0.03579638484898646,9.66286553379829,3.8780081510543822,-8.832239961624145,-0.4153341459110379,0.03145465519192894,0.10306346573985838,0.021834670043424313,0.06556484799030227
135,0.0243452976420359,0.008279190037332603,-0.01951296876177641,-0.0338663952814141,0.005969208974798008,0.018915122529693823,9.636310801215432,4.016273331642151,-8.742457342147826,-0.4398747131228447,0.04006638865476958,0.078785642650396,0.04171732784987541,0.029020513567024345
136,0.02716084806563386,-0.014708707299267777,-0.010135514145731297,-0.026169771648716405,0.00018219726703779944,0.008491987190535124,9.640664111234665,4.251713156700134,-8.63780074119568,-0.4688445508480072,0.03515459887042702,0.03170278914756114,0.02234133086757732,0.016818774992748853
137,0.011345322767045108,0.002264459530385328,-0.0007418943056087449,-0.006004578497431533,-0.007351343682678883,-0.0029822351911348217,9.644414379220411,4.20062688589096,-8.668177223205566,-0.4439747765660286,0.010529811622999999,0.02990143961807687,0.007761362925559399,0.009764386465503098
138,0.005272859641982798,0.002335553027451519,1.7027529180368756e-05,-0.002508015320845844,0.006911385392186517,0.0024023326283755366,9.616151096832377,4.018547809123993,-8.722854852676392,-0.454239921271801,0.00435652807194901,0.018407555733510345,0.003862390644575267,0.010617882702513015
139,0.009252061706874497,-0.0006611459770702434,-0.0024268006778124128,-0.002197647005043359,-0.0038636537450336245,0.00014787835006582726,9.613456370951006,3.924695086479187,-8.76116213798523,-0.4806958481669426,0.005780447678337468,0.02077956960012711,0.0022248386202327742,0.010440637177756992
140,0.008440651842680032,0.004517543311626671,-0.009040698618303134,-0.005375443715560376,-0.011570017761705284,0.0026892812042605373,9.630005177581845,3.9222410321235657,-8.780944204330444,-0.4522347703576088,0.008266033060933578,0.02909352607829052,0.008405264919477023,0.016585767425917292
141,-0.0016094040741880845,0.012490083084434266,-0.016359297396954763,-0.011539509956490052,-0.008518204002181434,0.010563110038131667,9.627565125886672,3.9264009594917297,-8.77612590789795,-0.451546436548233,0.009458786722457707,0.022590573424280776,0.019061186304067123,0.01949715631480985
142,-0.002487081058671099,0.00805170877485682,-0.011957305557808834,-0.01240822479044452,0.00034250156438425504,0.010426382790953911,9.639949346388759,3.9076364040374756,-8.80054669380188,-0.4204218178987503,0.009851930997509839,0.011942936937400313,0.017772885731380403,0.014477708359899836
143,0.0036993621136238945,-0.00023148216090654729,-0.0014445478836603693,-0.01034785469329124,0.0021913366442043794,0.0019256586577028254,9.650350484000992,3.9369654178619387,-8.800726175308228,-0.4020463228225708,0.010861868647311305,0.008801820933977592,0.011309143202041854,0.006693329950041746
144,0.0060910126876861405,0.0009170271608653628,0.0020676330412709967,-0.004661430015930893,-0.000321032550174183,-0.0021741722286950575,9.63063883611374,3.9223907232284545,-8.786301231384277,-0.38220437467098234,0.006810532151966798,0.01706976366242371,0.0054217632743529965,0.004198892953154823
145,0.0038462224917205014,0.0016739225869442556,-0.0001902111764877632,-0.0003987889424299839,0.0032962416692876102,0.0013094645141270172,9.630176398457177,3.900753128528595,-8.795907974243164,-0.3725677117705345,0.001872479272114623,0.013610551812961792,0.0011803246297380297,0.005627607532174812
146,0.0032210454570091064,0.00037894503460441406,-0.002203667879262659,-0.0019085659021076359,0.002531881985557357,0.00272255495344827,9.64484929618272,3.9107489466667174,-8.80662202835083,-0.3960308894515038,0.002949896638609942,0.008982359806117462,0.0023556033929708047,0.008168361426547565
147,-0.0020529802310432863,0.012332868791884836,-0.004060274248348007,-0.006636934966119294,-0.0010129155405881232,0.0030020046422706446,9.62097404569611,3.9673718094825743,-8.752034187316895,-0.43586442023515704,0.005012435510172495,0.021941813998083745,0.013176294277065155,0.006759910909234371
148,0.00129249107402703,0.008554816680095048,-0.020335672397735493,-0.018775319415972828,-0.007818810007820748,0.009687195995648941,9.644346433419338,4.107462525367737,-8.702683687210083,-0.5615899369120598,0.016833169740623048,0.019062411920575256,0.0266721642545019,0.06592292370722959
149,-5.2123603347396575e-05,0.016528420981518025,-0.01374295927814706,-0.01576998203588893,0.013611955347876199,0.011589072023188063,9.689651233113477,4.281281578540802,-8.671559190750122,-0.46513353632763027,0.013192327566587515,0.034779149171206766,0.027140303473757482,0.10672662157961851
150,0.016013175168828754,0.02745473337186612,-0.0012028993444916543,-0.0006198094386747298,-0.006104786409820755,-0.002522206148762603,9.635336669638145,4.201853954792023,-8.657702732086182,-0.3166331747546792,0.00737472702267391,0.0945546280475695,0.013980046178030073,0.0336431215806749
151,0.0036323630738946057,0.03067520646051161,0.00486218421586872,-0.0035396016898866845,-0.003617489300972604,-0.007668730761038157,9.619762956168419,3.9283163785934447,-8.760114622116088,-0.49245736794546247,0.004986960706406362,0.07740367322861272,0.01741597132513335,0.04284869582504035
152,-0.0004480119141281821,0.01848379438129803,-0.0053224074332217635,-0.0019758569490660963,-0.006887149454839024,0.0010420783337332436,9.64847521190494,3.8612787246704103,-8.821645736694336,-0.5445312589406968,0.001588117385307332,0.04138966366382122,0.010332552811297815,0.01897403717417273
153,-0.00216506018999931,0.01294340109815924,-0.009230602804199841,-0.008642384170060757,-0.003620706203290337,0.00638209828326834,9.633610449165632,3.835451292991638,-8.82161569595337,-0.48192287534475325,0.00674470931228386,0.023806856803330334,0.01557170138589984,0.012219330586874279
154,0.00015661343275029954,0.006106510684009875,-0.007241883494021717,-0.007291705091594522,-0.0004808640677951895,0.005874647899760771,9.627104300582797,3.8054938197135924,-8.830474138259888,-0.440293687582016,0.006456977071395071,0.014519787188009269,0.010976615131515776,0.010667905931017865
155,0.0037416839599217896,-0.002222248507321542,-0.0022184414989654118,-0.004524900196259644,0.0025700590043128716,0.0028968423476164527,9.643743141324304,3.8059427380561828,-8.853159332275391,-0.36251206398010255,0.005519070381047997,0.004557416432250472,0.0040676763859281845,0.003985021027117708
156,0.004845408973917422,-0.002070690175191655,-0.01301126037616068,-0.012784483180635143,0.0033955256257978813,0.012743909708042301,9.654257837430075,3.8476317524909973,-8.846275901794433,-0.34790743589401246,0.013240740291663914,0.007528446717215262,0.01353106969924586,0.016167933542413776
157,0.01351378986184992,-0.00459277440855946,-0.015212446392602523,-0.013512435788191487,0.0016513429187763212,0.013978953391855134,9.638509279738612,3.838114786148071,-8.832838487625121,-0.3370437458157539,0.017259663365064553,0.02371133852299727,0.01331070342190326,0.019292136045156647
158,0.0147331204637441,-0.005150488512790148,-0.00528728497911408,-0.0071743977264069145,-0.0021333171770026474,0.0035326184539435485,9.618182837881749,3.7935826778411865,-8.829636335372925,-0.35655648708343507,0.01224021582516284,0.025166048564690468,0.005852623601772154,0.011285991961017823
159,0.008798292798279768,-0.0043793652200173425,-0.009780444134317001,-0.0070636899824289235,0.002987188513204139,0.009295375462087887,9.643249741745262,3.847152924537659,-8.834933376312256,-0.31920693852007387,0.009735775976345732,0.012009773984261528,0.006130153925024459,0.027110714820457717
160,0.007228702740718103,0.006432085935155432,-0.020438218749891185,-0.005625244458547961,-0.0007752467038999324,0.015389173506590576,9.633095318492668,3.871543836593628,-8.807130718231202,-0.3881000954657793,0.0074238416958647795,0.03182214252214734,0.01007356905143079,0.06184451368767145
161,-0.020120750562632277,0.05643096542487871,-0.04530340423799395,-0.027240917707068244,-0.039502236715438684,0.02376368895265473,9.679513881793444,3.667677581310272,-8.93824324607849,-0.4145560249686241,0.01674576948742226,0.07867805715667117,0.054796230146001386,0.06967266479577194
162,-0.034013253687335016,0.09321987092119001,-0.07667949281538929,-0.057650369250411115,-0.03763863916027995,0.05008877211611195,9.653627099760909,3.765899693965912,-8.864681434631347,-0.3594594576396048,0.03764693260103726,0.12477094240845527,0.1066225785593193,0.12070355588741677
163,-0.008219527486310607,0.04782483592048499,-0.09691730817874462,-0.05913973314765596,-0.037678211613076745,0.0669016213458781,9.606738181866456,3.88656747341156,-8.762808227539063,-0.37553053805604575,0.04805721748442475,0.08340529451394803,0.09037640189838529,0.14393925992594206
164,-0.008645112454860474,0.05669471728862571,-0.05420989579621188,-0.04947150596889555,-0.02694670917525405,0.03678455445089411,9.708613283988516,3.6512174725532534,-8.978795146942138,-0.3131017290055752,0.04062039028543083,0.11538924866470629,0.0791755807382956,0.06604280583202227
165,-0.022008197165451715,0.11183098121408576,-0.03837028378935332,-0.05261601862025058,-0.007220190366130375,0.030974298700920395,9.690680871308293,3.8342841386795046,-8.87635326385498,-0.3418920040130615,0.03803443652775031,0.20551307394846222,0.10733017223700647,0.042058017978272716
166,-0.016004448790748183,0.09011693929717843,-0.027992274277016567,-0.048733788649596786,0.033968880195201265,0.036830731495024,9.622794714176147,3.8316505193710326,-8.796416854858398,-0.5147533655166626,0.0368933182318517,0.1723745095507334,0.09332205329255423,0.06036717310696226
167,-0.033826312177489014,0.1246376562953629,-0.03973207845971214,-0.04664388188542893,0.00019575551621365365,0.03352895492059005,9.624874781313265,3.68494576215744,-8.859563827514648,-0.46776715721935036,0.028213640229922062,0.21226621367071868,0.10479447455700697,0.07821817172735883
168,-0.025353283771516563,0.09593688768235029,-0.04157562264990132,-0.03710083613169376,-0.016592354592750044,0.029260174515224165,9.616099928660853,3.813454532623291,-8.80728039741516,-0.3201346969231963,0.022827642355807615,0.16254203674504888,0.08283436487921265,0.047207180456411
169,-0.0042504309455357915,0.04685800634799406,-0.013444720072899319,-0.014039211368274941,0.00026925087712149107,0.012835067239081089,9.605831103638758,3.8243182420730593,-8.799170112609863,-0.3021183293312788,0.011293605535013667,0.09258432649094714,0.03655646851730127,0.018901252017756137
170,0.006503537747034491,0.07066391650149811,0.0016746806860143408,-0.003123735052948387,0.02471930839307573,0.008717144274961952,9.6391774572563,3.8423346042633058,-8.8262544631958,-0.1929726589471102,0.005908117770285019,0.1716278708814762,0.035262452497294094,0.020281526153443596
171,-0.0037637680260396425,0.11402614488808567,0.04224220942950696,-0.0061351062677544015,0.11539046563340517,0.0012550581780464618,9.680617285254787,3.4579155921936033,-9.014648199081421,-0.3463811300694942,0.004696315185473082,0.2778851081682539,0.05184095593835993,0.06792681988724296
172,-0.00027149873975990444,0.03546988860485595,0.011710639994638318,-0.005593288725094704,0.055247820834880064,0.006438673922471019,9.697078646562549,3.304118049144745,-9.098834371566772,-0.4207210924476385,0.00496165292399951,0.10262785173625803,0.01838233115825841,0.042209402766417624
173,0.01061245014653387,0.0150011983385914,-0.012216516216425222,-0.011871307267799357,0.023633012878409104,0.019149819824009692,9.661190130481081,3.6216490268707275,-8.946593093872071,-0.26868928484618665,0.014672202774604728,0.06658652968895973,0.01910490516634842,0.043224077772714094
174,0.044635294843321426,0.0012006291553535017,-0.044031931368075046,-0.02697603280302362,0.04352951459883106,0.055394553499158075,9.63392144631162,3.6482845306396485,-8.901641941070556,-0.2590526208281517,0.04088243137870038,0.12219933152605437,0.030621883023492336,0.09450849031766229
175,0.07076383794851003,-0.014767777612608899,-0.09390069323677613,-0.04708513044954989,0.06568225970972563,0.1044663250016644,9.62421452943737,3.5797505497932436,-8.91073989868164,-0.2861968785524368,0.06722365967383673,0.15432774214500716,0.04826431319930929,0.2095759355277486
176,0.06365581376358706,-0.011587087321167621,-0.10369640741047081,-0.04643911247927572,0.05745121526155519,0.10936831320837323,9.625769708477934,3.6420895934104918,-8.884882593154908,-0.3150470118969679,0.06359380458264634,0.14191425313536177,0.04957358252836466,0.2407718219400846
177,0.04529260278582022,-0.007781075047899491,-0.07512065952080565,-0.03264176543534242,0.06023100218766758,0.0910367390303133,9.665129244352908,3.83569073677063,-8.852560806274415,-0.21844098158180714,0.04686833753771463,0.09688389663012084,0.033533092826339816,0.21818881195226536
178,0.02006140482633283,0.0016097368153408056,-0.0530582258622805,-0.025356359137951423,0.036692577648150856,0.06316704740490871,9.667389142346655,3.864091944694519,-8.848221397399902,-0.18674773229286074,0.03113330846710812,0.05213453952952587,0.028988509116051723,0.16191516464987044
179,0.00588645438461039,0.04467328593297354,-0.04834563098653536,-0.032662403871423655,-0.00032579932083488296,0.04128885822720443,9.659019634658252,4.059129512310028,-8.749011754989624,-0.26695348573848604,0.030836969280950418,0.11079671405732648,0.058302267540428054,0.07611383243352343
180,0.03055816422390188,0.00961272912108079,-0.026555458063065245,-0.027783671503905014,-0.015293280079611128,0.01633113423607654,9.586058400460624,4.115123867988586,-8.647856712341309,-0.23666683807969094,0.03770031537689942,0.08997483478546094,0.03634510546735812,0.03436384745997121
181,0.015004473575280012,0.006448037813807234,0.006629801325323543,-0.008950058269592116,0.008626901757758534,-0.0032297627219895412,9.515903744159155,3.8152501463890074,-8.70822033882141,-0.3095702826976776,0.014270568790510483,0.052681463033210287,0.012461767021587732,0.02002750630254547
182,0.03090910836448851,0.021810521037100274,-0.0035605273230915656,0.001539353721770426,0.013154072705418579,0.008108638786266635,9.590476252617442,3.8159086108207703,-8.785822296142578,-0.2944868108257651,0.011193794380197191,0.12414850270043737,0.008239067359528753,0.024785513516611173
183,0.024565041450561622,0.03800364566773408,-0.004584073769927609,0.005693757363447836,-0.012346874994087133,-0.001256593753966794,9.645462253006862,3.9209542274475098,-8.801414585113525,-0.20614076387137176,0.004995154697886372,0.14272148157501885,0.011127040709978126,0.012901692268857665
184,0.005338800985987081,0.01855130083613161,-0.0022150753729848435,-0.0014108012708422587,-0.00522914190774786,-0.0015583558708474354,9.644326921661236,3.9085642099380493,-8.800157642364502,-0.4388272427022457,0.0035270813822962568,0.05410933509991885,0.009924871103918825,0.04562309545951805
185,0.002088517749004691,0.0058115359991174325,0.002064131433269887,-0.0025985156352556623,0.003215040115174244,-0.0013542054858412197,9.63347437542349,3.852539908885956,-8.81156005859375,-0.5338770523667336,0.003282228181382688,0.019179241536044854,0.005228194281306423,0.01376891776767753
186,0.0044164316010617,0.00852660756959267,0.0006735385010577039,0.00033226692682663183,0.0032004325210895825,0.0002102469688835465,9.627153658591249,3.7618595004081725,-8.849837303161621,-0.4130596488714218,0.0013749668515635706,0.03261120098155129,0.0031228602422886886,0.008022062847627581
187,0.0042818300259347755,0.00484346242308938,-0.0014603721876690358,3.543613215252237e-06,0.000794234535092451,0.0010433635310072643,9.633353416116158,3.725796806812286,-8.875964069366455,-0.31573534831404687,0.0016173004461349303,0.022992808450659874,0.0020343944488463183,0.01607349047811575
188,0.00020441586018283344,0.0027848510078659866,-0.00555338589860047,-0.0014607555662127854,-0.004814816745998628,0.0027855493987892863,9.645866950819647,3.74866144657135,-8.882967042922974,-0.24115596413612367,0.0013577495499341515,0.006830968432520397,0.0029070454264839146,0.01796384854371484
189,-0.00014073994553438806,0.004899202757343646,-0.005609736433579639,-0.006939737256201912,-0.005192198269994566,0.0028053291357124045,9.641976616729714,3.785202956199646,-8.864112663269044,-0.1953668573871255,0.0063100798405801095,0.01094502016063525,0.009698138714214254,0.01649864922683472
190,0.0014010325056693716,0.0021717093783219167,-0.00036214698410710607,-0.008640676105080512,-0.005779912083458179,-0.002147769373432176,9.655578616910546,3.8385936617851257,-8.856152009963989,-0.20889409724622965,0.0085940666737484,0.008346931698245378,0.010270249222850528,0.011378948478625328
191,0.00920778308809011,0.03104351903821107,0.004777012141255481,-0.0035440002990512836,0.02989402011306916,0.008137946146188063,9.653496780688698,3.990565609931946,-8.778310537338257,-0.22679075133055449,0.007091231719063555,0.08675232771079991,0.018826168194197492,0.06489828609041967
192,0.026248222691003117,0.031203141786172818,0.0007219890939920428,0.0030514793567238078,0.08124202151839807,0.03163261394780184,9.648136688857658,4.061763179302216,-8.733479070663453,-0.07209539692848921,0.008063638509109319,0.13069208194909102,0.011446669691009756,0.19199543231234545
193,0.01419157877885605,0.028722982007830657,0.02031179455697976,0.00166635367422884,0.08617037820051411,0.015380674540598271,9.66971935099247,3.8557421445846556,-8.851423454284667,-0.06742670759558676,0.004241462647612784,0.09825338142404395,0.011471998910718395,0.1939700964959811
194,0.002132766768090077,0.007121946039105881,0.003714019419184699,-0.001839934368497652,0.012318766628670296,0.0008074503778701869,9.64794594472733,3.6722564816474916,-8.910171175003052,-0.3200449138879776,0.002501830465832074,0.02226435833953714,0.005078512718038933,0.08443703374264586
195,0.002829424119178268,0.0039166587839741035,0.00325585009666717,-0.0009651453127860802,0.014830425582685337,0.002063618993795752,9.636945878457233,3.7161302089691164,-8.88290719985962,-0.3424606256186962,0.0019036462606869136,0.017776820848808085,0.002617593340858691,0.0212803193172847
196,0.0016539319068524115,0.006882217715066852,0.001989295382540154,-0.00015029029169682284,0.009250304015699174,0.0014158176314619645,9.641055703973281,3.725497543811798,-8.885630750656128,-0.2855384759604931,0.0007311552393477024,0.0212960512811347,0.0030109628147401003,0.012905277889086643
197,0.0015318413616244788,0.003328365533520566,-0.0002520443594465262,-0.0006366483839665943,0.0017658250218757828,0.0006754194170284255,9.624813551115398,3.6730345726013183,-8.888743257522583,-0.3422810584306717,0.0011495416307417488,0.0122500309832144,0.0020706936570628665,0.006765554986787955
198,2.4203079226240154e-05,0.003290814464711672,-0.0007987070258882279,-0.0014995710784795396,0.001249293773457659,0.0010312427653333346,9.624489297152374,3.632422912120819,-8.905622386932373,-0.3350086733698845,0.001358751478666702,0.008172992022444125,0.0030086222507682246,0.004868830506718544
199,0.0010379245099458572,0.0040661608814802,0.0013291518953855747,-0.0007340671379202146,0.005817997354647733,0.0008105315169122685,9.641253996777959,3.6485239624977113,-8.91828179359436,-0.29448681101202967,0.001040603488625633,0.012947181368084162,0.0024555515065841113,0.006247232351061294
200,0.0017539977059236615,0.004864432235493906,-0.0030922302518462913,-0.0007490958667050043,-0.0005701227730170575,0.0020103053423215604,9.634429932747398,3.7463570475578307,-8.868003368377686,-0.33877953961491586,0.0012881255603177687,0.015861243561506533,0.0030287872136078044,0.014812498167487365
201,0.0025453410756955835,0.012599056215238292,-0.005455041833213784,-0.0002440661136668992,-0.007290860574082368,0.0018038668597879627,9.62125059535626,3.7248690724372864,-8.858995056152343,-0.4025251537561417,0.0011495897962779634,0.036531295863392675,0.00566118260407842,0.011581856071208011
202,0.010545697628981837,0.030539577669611972,-0.008276643963503411,-0.000300526185509179,0.024692463938081975,0.016619702866750585,9.660653021979815,3.66633083820343,-8.925613927841187,-0.17337012588977813,0.004172381493898192,0.10524397159507423,0.012540353264737325,0.08596048453158962
203,0.03357794724304657,0.11129108669115022,0.02637746175574723,0.005306266295572656,0.12773497730539765,0.031905370508084244,9.715947665411232,4.006786358356476,-8.820298910140991,0.05084686428308487,0.009087274809950415,0.3208512668515599,0.04650360012198291,0.21546277379073672
204,0.010300268094147995,0.15449976435838875,0.020264755064684288,-0.01569760967510719,0.16383728853141602,0.051858991546844826,9.689453378786471,4.104858815670013,-8.735514211654664,-0.15738882943987847,0.01869657044668397,0.37158047370108815,0.08658857471800485,0.29911815091150384
205,-0.02200845877602169,0.12254704968945596,-0.03415808799429397,-0.0261374857049185,-0.006427679174740832,0.025017516415863722,9.624999518527595,3.825126218795776,-8.805245447158814,-0.3221398387104273,0.014586688512034554,0.2277100795157986,0.0828936950922143,0.09651310500108297
206,0.042527160770451086,0.09801282390104452,-0.013048767926239933,0.0005055603436394136,0.036481036332393614,0.02752712857945582,9.626398367622269,3.8104318499565126,-8.816378450393676,-0.21865047067403792,0.017546496535564584,0.3023750784083624,0.04746098644196585,0.05909742127018767
207,0.051695050595759504,0.09552820391827303,0.011053302081838629,0.008954530882127087,0.06259435310065717,0.01724791148377758,9.635499165374968,3.6855742573738097,-8.877909326553345,-0.26309283934533595,0.013617354942689355,0.3229055965983009,0.03626893225107922,0.04696356999601814
208,0.005264058258126872,0.015107118564035203,-0.0009753014834055749,0.0009677210144357828,-0.0007327693859083171,-0.0001587623668059279,9.633283742388539,3.652683901786804,-8.902868843078613,-0.351319170743227,0.0010603303304146043,0.05230231800147873,0.004989033715939609,0.02119758724795823
209,-0.0015619207247152963,0.016826750040648836,-0.005999507698739773,-0.0028297179505149227,-0.013256945336065943,-0.0003012328740653811,9.630931913919481,3.7290589451789855,-8.872372817993163,-0.23400328811258078,0.0019227118393302437,0.03553522196974637,0.010354725735860961,0.03520324163043864
210,-0.003915045905785015,0.025407152615808188,-0.011437141745988338,-0.0034582285466948164,-0.022904180963282436,0.0015307625867472308,9.622602510263642,3.6761171579360963,-8.887665843963623,-0.1282693543471396,0.0015751072247437222,0.04954581874681801,0.014702583037040695,0.014784105901633362
211,0.0033158880519029315,0.055988139679662374,-0.08596149769834256,-0.04305244873455415,-0.04046960074667558,0.059300202962328165,9.623055956084873,3.73366779088974,-8.852590656280517,-0.14787187976762653,0.03847555642594701,0.1388706138811448,0.07404948412887809,0.1126116065442706
212,0.010236139696375096,0.10067523350493827,-0.13411586178445492,-0.049348667688777215,-0.14532598705975183,0.05488305822429723,9.62850878096867,4.173602402210236,-8.637112522125244,-0.45555672273039816,0.04695070125426286,0.24196419512527123,0.10413772253271567,0.20819582146802462
213,0.0026240265179463982,0.0360307067969585,-0.029711113890371347,-0.013698752985381176,-0.04802730564179007,0.0020394166690144164,9.6213817388466,4.310281348228455,-8.57477355003357,-0.57158572524786,0.013361149396364002,0.07216070311488686,0.03511441570949029,0.05241191274284717
214,-0.0013652752964598564,0.017382096029622932,-0.0076818069917457266,-0.008487195769129083,0.002151571438433881,0.007175716884539577,9.610985970302943,4.008013343811035,-8.722495603561402,-0.40922892317175863,0.006787118234125064,0.033340272637033964,0.018070344628921053,0.015884386741238297
215,0.00202553965889804,0.00095838956145885,-0.002276512717868973,-0.0030616335485121856,0.003505317153972568,0.0029322051448187688,9.614303109911145,3.899556016921997,-8.773821353912354,-0.47842135056853297,0.003500591370393286,0.007416452094296245,0.0038982449048393965,0.012669074462121723
216,0.001255763629610999,0.005162898975279498,-0.0023806072887472517,-0.0020917908965833007,-0.00250909116358376,0.0008752575612240048,9.623313940795857,3.8977304458618165,-8.783068990707397,-0.5024232298135758,0.00239585167986773,0.014408521887541638,0.004691374200705173,0.005547089418505215
217,0.003405876471191607,0.007842437831574274,-0.00023514687417834054,-0.0004568284418350178,-0.00021247468250770957,-1.3265210735056727e-05,9.64294801590727,3.9354092121124267,-8.789922428131103,-0.45438955873250964,0.0018089949849606417,0.026072049766265135,0.003975930459053332,0.0031237590367835626
218,0.003445183432815228,0.01004490848426462,-0.005142241962613236,-0.0011373952495465588,-0.009364422679075349,0.0004217393301219815,9.635707153766287,3.9158066511154175,-8.790431213378906,-0.4450521647930145,0.002441454768760972,0.030393417473159146,0.005869134752854166,0.012029721163730453
219,0.0010347486854139862,0.013765273373140093,-0.012514028715788328,-0.002544772982926855,-0.01859971556063029,0.0029399982471875973,9.636876399359402,3.929154324531555,-8.785852193832397,-0.4248810149729252,0.002644926342631292,0.031872161918285,0.009399741525098043,0.023910266890093842
220,0.005193449908943075,0.009008097799624257,-0.012337272099251343,-0.005229019086442722,-0.0005865720021313421,0.009847170265763707,9.629733205634814,3.9336135268211363,-8.776125812530518,-0.4179079048335552,0.0065211334861194565,0.0332039383895782,0.01019735083181764,0.02987241166340462
221,0.007854840865240017,0.0018503098408677223,-0.011958143991647767,-0.010451866660149804,0.012408154755654117,0.014663559045467964,9.627878470341802,3.8957252740859984,-8.789892530441284,-0.44903252832591534,0.012203626785589596,0.024739338883842405,0.012725101958904,0.033189207328591375
222,0.005116413093284336,-0.0014590436187086686,-0.006745284870781789,-0.010138456681891577,0.0033263890000419954,0.006387424580349011,9.649817945917789,3.8946479082107546,-8.815929508209228,-0.4431068833917379,0.011125132850540198,0.009515784029137123,0.010727573657363612,0.026405203167465502
223,0.0018798081415951522,0.0021046945541385196,-0.003929934759412974,-0.005581500609711686,-0.004096754560173135,0.0011660569770368442,9.646949626185071,3.866905117034912,-8.826164770126343,-0.4260781228542328,0.005854573447740081,0.009174366921040095,0.007131759711608864,0.018974541348793034
224,0.0019229720378377225,0.0031660708270417038,-0.006933334526648108,-0.004360011720520847,-0.0035549821269423364,0.004155712227312969,9.648530986290236,3.880821418762207,-8.823022413253785,-0.39597103744745255,0.004608649471975871,0.011716506935335692,0.006430804164567296,0.018943171849440804
225,0.003313141993314761,0.0018382817123749782,-0.006011313203639829,-0.003952163409801412,-0.0019076288111042174,0.003942951433755316,9.643721396423096,3.8987779140472414,-8.810183477401733,-0.39115270748734476,0.004779620728328262,0.012173386041872434,0.005421498833031454,0.017247686073340505
226,0.005334776938843116,0.0008506040905091897,-0.016657987725158512,-0.011226728466081415,0.0056638948568759236,0.016398410706632015,9.634566447880058,3.881749129295349,-8.806412553787231,-0.39803603272885085,0.011833845271285903,0.015871520974063132,0.013265437450390443,0.030654344719498162
227,0.005163921279709396,-0.0011885618140647907,-0.01507361373137861,-0.011330985528966536,0.009505141084812813,0.016627642016880512,9.642701756892054,3.861278712749481,-8.8258056640625,-0.374004234932363,0.011852761746194148,0.011222729386716424,0.012405085474088858,0.02769767035042011
228,0.004123685315883399,0.0015857659362747197,-0.0019888965283789473,-0.0017191032686237004,0.0015185614452478055,0.0021613976118575575,9.645648820786938,3.868730676174164,-8.826374292373657,-0.38468835800886153,0.003129031416040963,0.01411227413582952,0.002664723192095311,0.005926610209518571
229,0.006139170952973704,0.0012613836934370689,0.0006541542140247903,-0.001389742848632642,-0.001108624801860226,-0.0011966980050892677,9.619808480354653,3.8137537956237795,-8.820987319946289,-0.40910920798778533,0.003762310093837504,0.018164864577129507,0.0020506973839234505,0.003346266401082752
230,0.005196645693468785,0.003936465664312507,0.0035152271787317205,-0.0006471063371048118,0.009363132581349264,0.00030664817102555317,9.619560853365723,3.807588744163513,-8.824219512939454,-0.3777451679110527,0.002684191108951122,0.022427494494363407,0.0023406303920445507,0.00810295306891937
231,0.002314870488278114,0.004976285811956996,-0.003191902347209577,-0.0038396110328692405,0.006204512667729006,0.0050920904378392836,9.632116492797945,3.8546048760414124,-8.818084287643433,-0.3635296016931534,0.004279806125223362,0.0172553298452018,0.006559605212137971,0.01091235015924187
232,0.004405127141573653,0.009983067833745864,-0.008074971342415435,-0.0030627422154360477,-0.004471452359593992,0.005000543333165897,9.610391082235832,3.8683416128158568,-8.783278608322144,-0.4496310830116272,0.004421745897488341,0.03232561650074127,0.00821808347736561,0.013771412083215391
233,0.007481986105252416,0.012158937552805971,-0.005315343708264619,0.0005359552530521634,-0.0031537268961497685,0.002958092965613148,9.620151165367044,3.89285227060318,-8.782320928573608,-0.4510077483952045,0.0024549377824641455,0.04490389255569431,0.005139231206729975,0.01603366896539081
234,0.004589481852673611,0.009898083504255148,-0.005448873031659816,-0.0005012167001398282,-0.0073843517780567865,0.0013538882260866326,9.641043084259058,3.9296930193901063,-8.793094825744628,-0.37768532112240794,0.002259904690988205,0.032330227858325976,0.0053086279429408025,0.013107058961043649
235,0.005748138884291755,0.009755510044969612,-0.004464118170966572,-0.0006279315522738981,-0.0037746914772999953,0.0020617664089518264,9.635605836680462,3.915118324756622,-8.793034982681274,-0.39264907538890836,0.002785951483518838,0.035589202721005644,0.0053077707190894875,0.009374072743462893
236,0.007519248789945599,0.0054019367266990494,-0.0037583200314467552,-0.001018129729553561,0.0075746488159921035,0.005729472086081736,9.622736983587327,3.8527493715286254,-8.805724239349365,-0.40985739752650263,0.0036746447064190434,0.032182532468511625,0.0036434673577356433,0.014824297209581555
237,0.015384612766588082,0.008707117079905508,-0.0068714529210070555,-0.0017728392113075316,0.004100422073732781,0.006482764457361875,9.612981150013791,3.912364959716797,-8.764125061035156,-0.46683939918875694,0.007553872237212337,0.057619254617556646,0.006280615549985614,0.022580215123632414
238,0.012772439658874056,0.014452848954721525,-0.008008801377588672,-0.0015901285531636552,-0.006726650175824552,0.0036816017431017204,9.614841352588659,3.9076364398002625,-8.767716312408448,-0.4763563573360443,0.006505992887876102,0.0627613105159842,0.00864197960981018,0.014878466705691139
239,0.003910750523872446,0.012673289092387985,-0.004794932428049649,-0.001037010008345168,-0.004899830645716986,0.002172327596431368,9.632849849183716,3.9119460344314576,-8.790850257873535,-0.4028244435787201,0.0024438074517678966,0.03810055463363286,0.006898786124484563,0.007085152920011856
240,0.0032764043330615867,0.052139154603276554,-0.020916340113705936,-0.002187009981729559,-0.027230837659809614,0.005951840841802798,9.642859551651709,3.9183206081390383,-8.795698595046996,-0.31480760015547277,0.003103857438294926,0.11632748202705327,0.02808299947340807,0.03562637034427998
241,0.03139260318300164,0.15664810772064372,-0.0332106430489555,0.006535610415737781,-0.06807213804157417,0.00045420356907972787,9.657803193355246,3.7819408893585207,-8.851423597335815,-0.32076317109167574,0.006459037797420804,0.44390467038165443,0.06124205980471686,0.04815117032564015
242,0.029995880312078567,0.11280334922805402,-0.021388061357165714,0.0070608296654006844,-0.057935876493537423,-0.002711162894938999,9.653544377579774,3.7838262796401976,-8.850046873092651,-0.40569747388362887,0.005695649326997336,0.3520799605587527,0.03855192153144717,0.021019176872276474
243,0.002554475582615856,0.0041189878717743595,-0.002590608049087593,-0.0006396400915472222,-0.0023676715195004704,0.0006290264041640062,9.639027052005627,3.850804018974304,-8.824788093566895,-0.41536406576633456,0.0015451538707285585,0.015933872614895938,0.0025958850497102646,0.017477199635262796
244,0.014611822807923064,0.005209897639046725,-0.00047474055416560785,1.4557862665699471e-05,-0.007466581582935832,-0.0035445784646926607,9.66205690116969,3.8777986407279967,-8.834694147109985,-0.4581005692481995,0.006191569423146821,0.046829262046052846,0.0022233229470824878,0.016448941150021015
245,0.023069425260955873,0.02010029234883468,-0.025912947652660157,-0.01928021672447316,-0.0012901220379876966,0.019776289689047193,9.630883899473407,4.0872614026069645,-8.695740604400635,-0.5212775647640229,0.026483952704419396,0.09536887753430741,0.03230293368409254,0.06784788185145352
246,0.026329172847472646,0.008608098568460619,-0.04186849449241184,-0.012160697838490614,-0.03052014497693016,0.016671338982036567,9.60094688754755,4.431996512413025,-8.47616229057312,-0.7215226054191589,0.022151430879489103,0.06887744904966765,0.02100018945559322,0.11086958732495117
247,0.002695871691377617,0.03940172181253152,-0.032019945835191105,-0.00621947648945883,-0.045967580193247475,0.003789776512978993,9.622984720044307,4.416314506530762,-8.503276491165161,-0.8076839506626129,0.006337373002041266,0.07652594439697692,0.02981196439857883,0.047301203419279035
248,-0.00206316713672853,0.03778143895305656,-0.03836293754193574,-0.00786659613353482,-0.04751599120982877,0.010314109069524563,9.639551293996584,4.066372013092041,-8.713188123703002,-0.5721244305372238,0.005373531350427351,0.06724018228499318,0.02978846400482516,0.0542334720884429
249,0.0024540914720412705,0.015803902708242546,-0.012125248540999903,-0.002339815868594222,-0.01919285804763059,0.0022493632144918218,9.64967424242733,3.9176920771598818,-8.80321021080017,-0.45980644077062605,0.0030111315638088392,0.03864665217122053,0.010405086664303254,0.017085492742620625
250,0.008243454778643557,0.011020445318516942,-0.005657557786344713,-0.0013505140040745716,-0.01805428559818178,-0.003296228017702107,9.640435500999013,3.9266104817390444,-8.791777992248536,-0.4053682819008827,0.0047158580322428645,0.042583070250612295,0.006804939480283982,0.01853107426151073
251,0.0012893177645232953,0.03398908960445599,-0.005719841691272246,-0.007005313355808641,-0.010493700346983367,0.00022984999020171429,9.635847172807356,3.8590341329574587,-8.816378450393676,-0.3602974236011505,0.006837478000085632,0.07864661910905094,0.02322244803195214,0.00924534175292293
252,-0.009425655399377668,0.08660188208027293,-0.042463015014047534,-0.01169339094406673,-0.05797642886072516,0.01465523567918839,9.663335657439536,3.8702868700027464,-8.833018064498901,-0.2531868204474449,0.0067188450228025925,0.16844916312108615,0.0524430872422775,0.1170096245694641
253,-0.011920976913008141,0.08106377040984934,-0.04769094085130907,-0.01031464036088806,-0.07939945894442779,0.010869056354978623,9.671821922643018,3.8124369978904724,-8.871564769744873,-0.05746083809062839,0.0050086872168579296,0.15456620778575905,0.046936880753386714,0.12087426051088777
254,-0.011961928538606245,0.03167549138983251,-0.026770501677010273,-0.014915469879809885,-0.028292229410612164,0.013312740245162394,9.645474064100897,3.7711071014404296,-8.87039761543274,-0.1094449448864907,0.008970777918222794,0.04678367798118726,0.029344399164359047,0.05704175221749024
255,-0.00888106154420231,0.017336843437317926,-0.02012994934771286,-0.015390615111512051,-0.011736472514156639,0.013217036146564762,9.635705025253316,3.8345833301544188,-8.834484577178955,-0.20353707005269825,0.010267971067078255,0.016927784252824946,0.02482814124313762,0.02455092398729258
256,-0.00917977432105838,0.03029917146822186,-0.021211874819156096,-0.009509628058932467,-0.026468863829151982,0.008556802943738742,9.627508244030475,3.7945104002952577,-8.841248178482056,-0.19192519187927246,0.004903912503972144,0.04557905546378218,0.023962432962939716,0.02599524316747261
257,-0.0029377765942323205,0.02858918150439922,-0.019693968967343795,-0.0057098841128519155,-0.024064795089814444,0.007873137972483292,9.64184627084315,3.870316815376282,-8.823920106887817,-0.17283143308013676,0.003785304645644877,0.057252860206392815,0.019252812741105418,0.026659107685392838
258,0.001872153012570082,0.009847147558123551,-0.007413788685665947,-0.0033099199508385543,-0.005179083069616053,0.004284216681383005,9.654250810847405,3.9146095633506777,-8.820268917083741,-0.2027290305122733,0.003614332119905531,0.026456835916474665,0.008288266197374222,0.013235393990396036
259,-4.324016531832925e-05,0.005013177458852162,-0.003725560566392709,-0.0043860797549210425,-0.0034324304522418574,0.0019397766407209117,9.638597866667357,3.8552932381629943,-8.829755926132203,-0.24028806760907173,0.003993176139281604,0.011142439862972767,0.007034522177230573,0.003663385253932913
260,9.029877575776716e-05,0.003453634231864017,-0.0031963355851198556,-0.004026940616110412,0.0013166091538926131,0.0033319733134193567,9.636364137331155,3.826712429523468,-8.840170764923096,-0.22242133589461446,0.0036876678402615348,0.008276098430673224,0.0059245496019923885,0.00811372013445068
261,0.004402879904927785,0.0018211729306082925,-0.0014386345960841942,-0.0008617167822583673,0.005430304597803265,0.003227920365251284,9.6426328235219,3.809144973754883,-8.853757858276367,-0.23870191173627972,0.0024719219044967685,0.01560477303335598,0.0017572149377213363,0.01118943132583948
262,0.0033103356079915275,0.006694768497117673,-0.003946645463555028,-0.003605102876880087,0.002931164586140699,0.004437467869730034,9.631701565856908,3.86897007226944,-8.812966680526733,-0.31316158175468445,0.004479561073250059,0.023600717059535842,0.007052985080226305,0.009924538146450312
263,0.003899472744981602,0.011691702597195935,-0.011586247812836513,-0.004387110742290289,-0.011094269397542223,0.0054099871837948845,9.635464540832327,3.953904414176941,-8.777532482147217,-0.3165433899965137,0.005510675795155757,0.03432022968591921,0.010444904552720211,0.027630392387365754
264,0.0056223149591763475,0.014793150798129762,-0.012589718695804475,-0.0016786007550758518,-0.016610242435855894,0.003838526698115971,9.650941146778388,3.959919822216034,-8.791089582443238,-0.31546599878929554,0.003743037660860003,0.04498440391214008,0.008976282968478739,0.030756221587154034
265,0.008667233031940953,0.005854236612848539,-0.0030643134366623963,8.955071505382038e-05,-0.0009278383946855345,0.0019362744863410776,9.640647729664936,3.9217023849487305,-8.798511695861816,-0.32686838805675505,0.0033967016608239327,0.03393207068768931,0.0026992996663083337,0.010647485046964384
266,0.006429898000523865,0.0019949028703805357,-0.0003959022392247256,-0.0005509870687886095,0.0014745401317582377,0.0009019891109817125,9.623554958483073,3.8607999205589296,-8.808717060089112,-0.3055300712585449,0.0031205730489498175,0.020285824356275583,0.0014922241529156405,0.002594254232406843
267,0.005882631670151958,3.613861373005912e-05,-0.0023187130840818487,-0.0017861049469561209,0.00406009669573548,0.003560317979857411,9.62769994601239,3.82294157743454,-8.830384445190429,-0.2893093526363373,0.0038755729574992646,0.01517766531558855,0.0020349998046616464,0.005962481085020585
268,0.006010315866182177,-0.0011484178718140221,-0.001081882925167061,-0.0019230418226250667,0.007369666684078205,0.00368973371714155,9.63067784673845,3.8257248401641846,-8.833855962753296,-0.2401982843875885,0.004044492521038771,0.013009617815172462,0.0016345447320203093,0.00948332841050441
269,0.0034917739566636503,0.003796282482563849,-0.0024861358353828614,-0.0017773248817580976,-0.00023782079541131643,0.002033184141990182,9.631687684809783,3.843172609806061,-8.827212047576904,-0.23603835552930832,0.003001719369779433,0.01726098022583539,0.003660850969802277,0.007390741632153261
270,0.0025007104727954367,0.006874136417728704,-0.004361758858757148,-0.0014114401348924283,-0.004206876498727695,0.002174714017979247,9.639643373825223,3.8733694434165953,-8.821735334396362,-0.2635716751217842,0.0022521550899073104,0.021473325383612293,0.004696946582280825,0.0047652423611941825
271,0.0033915266564468237,0.0037304396847066077,-0.0065103256001669526,-0.0025187786919807767,-0.0003172277416754246,0.005566421288104348,9.643366489908583,3.8788461327552795,-8.824339246749878,-0.2259827096015215,0.0035578574514469096,0.01676176289424969,0.004563405863889672,0.012799646937663505
272,0.0030805324084738363,0.0019222106343776391,-0.0083211737187497,-0.003982402209808268,0.0020833189956934116,0.007988941225063311,9.647970264984627,3.861398434638977,-8.836220502853394,-0.2503736410290003,0.004691274705432072,0.012156787939823287,0.005416061576098448,0.02022645448044093
273,0.0021741450892531836,0.0004098494115169163,-0.006136967037885658,-0.004186979742025675,0.0005104525663924309,0.005487710225978673,9.648188666885162,3.8703766822814942,-8.831461858749389,-0.31115643829107287,0.004533496177988983,0.0063722452997306235,0.004968113294602252,0.010237345402417152
274,0.003107646055362201,0.0007372405846282487,-0.0055759490443378565,-0.0037997048249702515,0.0023256858208698192,0.005719929650983004,9.658028777042572,3.87690087556839,-8.841188335418702,-0.2399887941777706,0.0046082096377374196,0.00949747486076641,0.0046096381661923065,0.014662839268626156
275,0.0018137462573678046,0.001234974388565149,-0.003274434737309259,-0.002454887595958644,0.0034274329148435458,0.0041908679324842235,9.654234962771502,3.879773938655853,-8.837207889556884,-0.1952770747244358,0.002915807652079895,0.00748649318839227,0.0032696735600486657,0.010296990553286348
276,-0.0005024831966074002,0.0018989226209621237,-0.008545863627369683,-0.005561674289720114,0.001419701705138365,0.007969075387499374,9.643154990844664,3.86421160697937,-8.830384397506714,-0.24537574537098408,0.004722400412253302,0.003244704334015055,0.0070893921697963505,0.017976693163019506
277,0.00017953854987122332,0.0028236409546635462,-0.013505763264647957,-0.007865049343907199,-0.0009173003282365201,0.011496028871603425,9.624072562299572,3.8532880663871767,-8.812398052215576,-0.294875867664814,0.007009197137483927,0.006867589497552944,0.010162173356586288,0.021171596200848755
278,0.002458117235467835,0.0008250740332821069,-0.00674170316651849,-0.004281800533357502,0.00012137026168187507,0.005927900970484215,9.622993774655573,3.8597224831581114,-8.809794330596924,-0.27252000756561756,0.004748495493500957,0.007966193864660765,0.005245410609083938,0.010282404832795713
279,0.003968632499724522,0.0016118637276164385,-0.001026432301215039,-0.004450009254949149,0.0073485430676665355,0.003390945643338109,9.646592041413545,3.805284321308136,-8.859533834457398,-0.23292589522898197,0.00558652585663958,0.014407197443759404,0.005522655858550643,0.01824089456063453
280,0.003228913726273859,0.0030869827919164984,0.00027281285395794856,-0.0052429050129088215,0.005022576589746362,0.001289320136322781,9.623673049708781,3.8012141942977906,-8.836070680618286,-0.2386420514434576,0.0060925744677811245,0.015836231400564182,0.006960487325520636,0.017778503279457254
281,0.012881854628571875,0.0034860478203708523,-0.016730564991453832,-0.018625698579106925,-0.014589449682513625,0.007176930044035831,9.565108169755153,3.8788162589073183,-8.732012796401978,-0.35401264727115633,0.022078622708770857,0.03712528333035796,0.022779307832261682,0.03870697659581999
282,0.014953460036100536,0.011709969218894578,-0.0116086570487538,-0.02108312198208561,-0.003153883052311437,0.006534002918738349,9.565499206037384,4.016363155841828,-8.668865776062011,-0.28458079863339664,0.02515977885654307,0.0611677644533449,0.029047120650150315,0.07955751140359384
283,-0.005325678967824097,0.037547842046217826,-0.002964363410506214,-0.010397621077829653,-0.013952550711297576,-0.0035367898552900144,9.609543113294071,4.083400821685791,-8.691520833969117,-0.11462240759283304,0.007120800856197457,0.06845192052659349,0.028965594726265528,0.029159993047285653
284,-0.004095211015733421,0.04118805258567286,0.0003075596699322464,-0.0048134176950268325,0.001341400846466597,0.00034391532565654256,9.622677995481267,3.887525188922882,-8.79468092918396,-0.16124948691576718,0.0025764348057747285,0.080215673184377,0.02426752161536318,0.014583415823741157
285,0.015805643364829577,0.0707132101034224,-0.016484755201292462,0.002211545165023644,-0.03594768233637134,0.001040912342807921,9.638813329327402,3.8001068353652956,-8.842684602737426,-0.20320786964148282,0.004499448229880929,0.20374450512405243,0.02804475122208331,0.016442839942394635
286,0.01485955230672084,0.07407815167332439,-0.018784161250253638,0.0013647975614714798,-0.03635432037016064,0.003096717159343104,9.640698134188348,3.882257902622223,-8.805933618545533,-0.2717718191444874,0.0047785606167535825,0.21128657502144166,0.030121649878097546,0.029483257989314324
287,0.011641244362699602,0.017128189014736044,-0.009959319891888793,-9.718725088957003e-05,-0.00633029851134056,0.006027354460242136,9.644254252376502,3.907726263999939,-8.806472301483154,-0.2944269523024559,0.004848065921118304,0.06639261195039649,0.007883051496815197,0.03654493204775602
