,Unnamed: 0,timestamp,light
0,0.0,5000.0,0.0
1,1.0,5100.0,0.0
2,2.0,5200.0,0.0
3,3.0,5300.0,0.0
4,4.0,5400.0,0.0
5,5.0,5500.0,0.0
6,6.0,5600.0,0.0
7,7.0,5700.0,0.0
8,8.0,5800.0,0.0
9,9.0,5900.0,0.0
10,10.0,6000.0,0.0
11,11.0,6100.0,0.0
12,12.0,6200.0,0.0
13,13.0,6300.0,0.0
14,14.0,6400.0,0.0
15,15.0,6500.0,0.0
16,16.0,6600.0,0.0
17,17.0,6700.0,0.0
18,18.0,6800.0,0.0
19,19.0,6900.0,0.0
20,10.0,6000.0,0.0
21,11.0,6100.0,0.0
22,12.0,6200.0,0.0
23,13.0,6300.0,0.0
24,14.0,6400.0,0.0
25,15.0,6500.0,0.0
26,16.0,6600.0,0.0
27,17.0,6700.0,0.0
28,18.0,6800.0,0.0
29,19.0,6900.0,0.0
30,20.0,7000.0,0.0
31,21.0,7100.0,0.0
32,22.0,7200.0,0.0
33,23.0,7300.0,0.0
34,24.0,7400.0,0.0
35,25.0,7500.0,0.0
36,26.0,7600.0,0.0
37,27.0,7700.0,0.0
38,28.0,7800.0,0.0
39,29.0,7900.0,0.0
40,20.0,7000.0,0.0
41,21.0,7100.0,0.0
42,22.0,7200.0,0.0
43,23.0,7300.0,0.0
44,24.0,7400.0,0.0
45,25.0,7500.0,0.0
46,26.0,7600.0,0.0
47,27.0,7700.0,0.0
48,28.0,7800.0,0.0
49,29.0,7900.0,0.0
50,30.0,8000.0,0.0
51,31.0,8100.0,0.0
52,32.0,8200.0,0.0
53,33.0,8300.0,0.0
54,34.0,8400.0,0.0
55,35.0,8500.0,0.0
56,36.0,8600.0,0.0
57,37.0,8700.0,0.0
58,38.0,8800.0,0.0
59,39.0,8900.0,0.0
60,30.0,8000.0,0.0
61,31.0,8100.0,0.0
62,32.0,8200.0,0.0
63,33.0,8300.0,0.0
64,34.0,8400.0,0.0
65,35.0,8500.0,0.0
66,36.0,8600.0,0.0
67,37.0,8700.0,0.0
68,38.0,8800.0,0.0
69,39.0,8900.0,0.0
70,40.0,9000.0,0.0
71,41.0,9100.0,0.0
72,42.0,9200.0,0.0
73,43.0,9300.0,0.0
74,44.0,9400.0,0.0
75,45.0,9500.0,0.0
76,46.0,9600.0,0.0
77,47.0,9700.0,0.0
78,48.0,9800.0,0.0
79,49.0,9900.0,0.0
80,40.0,9000.0,0.0
81,41.0,9100.0,0.0
82,42.0,9200.0,0.0
83,43.0,9300.0,0.0
84,44.0,9400.0,0.0
85,45.0,9500.0,0.0
86,46.0,9600.0,0.0
87,47.0,9700.0,0.0
88,48.0,9800.0,0.0
89,49.0,9900.0,0.0
90,50.0,10000.0,0.0
91,51.0,10100.0,0.0
92,52.0,10200.0,0.0
93,53.0,10300.0,0.0
94,54.0,10400.0,0.0
95,55.0,10500.0,0.0
96,56.0,10600.0,0.0
97,57.0,10700.0,0.0
98,58.0,10800.0,0.0
99,59.0,10900.0,0.0
100,50.0,10000.0,0.0
101,51.0,10100.0,0.0
102,52.0,10200.0,0.0
103,53.0,10300.0,0.0
104,54.0,10400.0,0.0
105,55.0,10500.0,0.0
106,56.0,10600.0,0.0
107,57.0,10700.0,0.0
108,58.0,10800.0,0.0
109,59.0,10900.0,0.0
110,60.0,11000.0,0.0
111,61.0,11100.0,0.0
112,62.0,11200.0,0.0
113,63.0,11300.0,0.0
114,64.0,11400.0,0.0
115,65.0,11500.0,0.0
116,66.0,11600.0,0.0
117,67.0,11700.0,0.0
118,68.0,11800.0,0.0
119,69.0,11900.0,0.0
120,60.0,11000.0,0.0
121,61.0,11100.0,0.0
122,62.0,11200.0,0.0
123,63.0,11300.0,0.0
124,64.0,11400.0,0.0
125,65.0,11500.0,0.0
126,66.0,11600.0,0.0
127,67.0,11700.0,0.0
128,68.0,11800.0,0.0
129,69.0,11900.0,0.0
130,70.0,12000.0,0.0
131,71.0,12100.0,0.0
132,72.0,12200.0,0.0
133,73.0,12300.0,0.0
134,74.0,12400.0,0.0
135,75.0,12500.0,0.0
136,76.0,12600.0,0.0
137,77.0,12700.0,0.0
138,78.0,12800.0,0.0
139,79.0,12900.0,0.0
140,70.0,12000.0,0.0
141,71.0,12100.0,0.0
142,72.0,12200.0,0.0
143,73.0,12300.0,0.0
144,74.0,12400.0,0.0
145,75.0,12500.0,0.0
146,76.0,12600.0,0.0
147,77.0,12700.0,0.0
148,78.0,12800.0,0.0
149,79.0,12900.0,0.0
150,80.0,13000.0,0.0
151,81.0,13100.0,0.0
152,82.0,13200.0,0.0
153,83.0,13300.0,0.0
154,84.0,13400.0,0.0
155,85.0,13500.0,0.0
156,86.0,13600.0,0.0
157,87.0,13700.0,0.0
158,88.0,13800.0,0.0
159,89.0,13900.0,0.0
160,80.0,13000.0,0.0
161,81.0,13100.0,0.0
162,82.0,13200.0,0.0
163,83.0,13300.0,0.0
164,84.0,13400.0,0.0
165,85.0,13500.0,0.0
166,86.0,13600.0,0.0
167,87.0,13700.0,0.0
168,88.0,13800.0,0.0
169,89.0,13900.0,0.0
170,90.0,14000.0,0.0
171,91.0,14100.0,0.0
172,92.0,14200.0,0.0
173,93.0,14300.0,0.0
174,94.0,14400.0,0.0
175,95.0,14500.0,0.0
176,96.0,14600.0,0.0
177,97.0,14700.0,0.0
178,98.0,14800.0,0.0
179,99.0,14900.0,0.0
180,90.0,14000.0,0.0
181,91.0,14100.0,0.0
182,92.0,14200.0,0.0
183,93.0,14300.0,0.0
184,94.0,14400.0,0.0
185,95.0,14500.0,0.0
186,96.0,14600.0,0.0
187,97.0,14700.0,0.0
188,98.0,14800.0,0.0
189,99.0,14900.0,0.0
190,100.0,15000.0,0.0
191,101.0,15100.0,0.0
192,102.0,15200.0,0.0
193,103.0,15300.0,0.0
194,104.0,15400.0,0.0
195,105.0,15500.0,0.0
196,106.0,15600.0,0.0
197,107.0,15700.0,0.0
198,108.0,15800.0,0.0
199,109.0,15900.0,0.0
200,100.0,15000.0,0.0
201,101.0,15100.0,0.0
202,102.0,15200.0,0.0
203,103.0,15300.0,0.0
204,104.0,15400.0,0.0
205,105.0,15500.0,0.0
206,106.0,15600.0,0.0
207,107.0,15700.0,0.0
208,108.0,15800.0,0.0
209,109.0,15900.0,0.0
210,110.0,16000.0,0.0
211,111.0,16100.0,0.0
212,112.0,16200.0,0.0
213,113.0,16300.0,0.0
214,114.0,16400.0,0.0
215,115.0,16500.0,0.0
216,116.0,16600.0,0.0
217,117.0,16700.0,0.0
218,118.0,16800.0,0.0
219,119.0,16900.0,0.0
220,110.0,16000.0,0.0
221,111.0,16100.0,0.0
222,112.0,16200.0,0.0
223,113.0,16300.0,0.0
224,114.0,16400.0,0.0
225,115.0,16500.0,0.0
226,116.0,16600.0,0.0
227,117.0,16700.0,0.0
228,118.0,16800.0,0.0
229,119.0,16900.0,0.0
230,120.0,17000.0,0.0
231,121.0,17100.0,0.0
232,122.0,17200.0,0.0
233,123.0,17300.0,0.0
234,124.0,17400.0,0.0
235,125.0,17500.0,0.0
236,126.0,17600.0,0.0
237,127.0,17700.0,0.0
238,128.0,17800.0,0.0
239,129.0,17900.0,0.0
240,120.0,17000.0,0.0
241,121.0,17100.0,0.0
242,122.0,17200.0,0.0
243,123.0,17300.0,0.0
244,124.0,17400.0,0.0
245,125.0,17500.0,0.0
246,126.0,17600.0,0.0
247,127.0,17700.0,0.0
248,128.0,17800.0,0.0
249,129.0,17900.0,0.0
250,130.0,18000.0,0.0
251,131.0,18100.0,0.0
252,132.0,18200.0,0.0
253,133.0,18300.0,0.0
254,134.0,18400.0,0.0
255,135.0,18500.0,0.0
256,136.0,18600.0,0.0
257,137.0,18700.0,0.0
258,138.0,18800.0,0.0
259,139.0,18900.0,0.0
260,130.0,18000.0,0.0
261,131.0,18100.0,0.0
262,132.0,18200.0,0.0
263,133.0,18300.0,0.0
264,134.0,18400.0,0.0
265,135.0,18500.0,0.0
266,136.0,18600.0,0.0
267,137.0,18700.0,0.0
268,138.0,18800.0,0.0
269,139.0,18900.0,0.0
270,140.0,19000.0,0.0
271,141.0,19100.0,0.0
272,142.0,19200.0,0.0
273,143.0,19300.0,0.0
274,144.0,19400.0,0.0
275,145.0,19500.0,0.0
276,146.0,19600.0,0.0
277,147.0,19700.0,0.0
278,148.0,19800.0,0.0
279,149.0,19900.0,0.0
280,140.0,19000.0,0.0
281,141.0,19100.0,0.0
282,142.0,19200.0,0.0
283,143.0,19300.0,0.0
284,144.0,19400.0,0.0
285,145.0,19500.0,0.0
286,146.0,19600.0,0.0
287,147.0,19700.0,0.0
288,148.0,19800.0,0.0
289,149.0,19900.0,0.0
290,150.0,20000.0,0.0
291,151.0,20100.0,0.0
292,152.0,20200.0,0.0
293,153.0,20300.0,0.0
294,154.0,20400.0,0.0
295,155.0,20500.0,0.0
296,156.0,20600.0,0.0
297,157.0,20700.0,0.0
298,158.0,20800.0,0.0
299,159.0,20900.0,0.0
300,150.0,20000.0,0.0
301,151.0,20100.0,0.0
302,152.0,20200.0,0.0
303,153.0,20300.0,0.0
304,154.0,20400.0,0.0
305,155.0,20500.0,0.0
306,156.0,20600.0,0.0
307,157.0,20700.0,0.0
308,158.0,20800.0,0.0
309,159.0,20900.0,0.0
310,160.0,21000.0,0.0
311,161.0,21100.0,0.0
312,162.0,21200.0,0.0
313,163.0,21300.0,0.0
314,164.0,21400.0,0.0
315,165.0,21500.0,0.0
316,166.0,21600.0,0.0
317,167.0,21700.0,0.0
318,168.0,21800.0,0.0
319,169.0,21900.0,0.0
320,160.0,21000.0,0.0
321,161.0,21100.0,0.0
322,162.0,21200.0,0.0
323,163.0,21300.0,0.0
324,164.0,21400.0,0.0
325,165.0,21500.0,0.0
326,166.0,21600.0,0.0
327,167.0,21700.0,0.0
328,168.0,21800.0,0.0
329,169.0,21900.0,0.0
330,170.0,22000.0,0.0
331,171.0,22100.0,0.0
332,172.0,22200.0,0.0
333,173.0,22300.0,0.0
334,174.0,22400.0,0.0
335,175.0,22500.0,0.0
336,176.0,22600.0,0.0
337,177.0,22700.0,0.0
338,178.0,22800.0,0.0
339,179.0,22900.0,0.0
340,170.0,22000.0,0.0
341,171.0,22100.0,0.0
342,172.0,22200.0,0.0
343,173.0,22300.0,0.0
344,174.0,22400.0,0.0
345,175.0,22500.0,0.0
346,176.0,22600.0,0.0
347,177.0,22700.0,0.0
348,178.0,22800.0,0.0
349,179.0,22900.0,0.0
350,180.0,23000.0,0.0
351,181.0,23100.0,0.0
352,182.0,23200.0,0.0
353,183.0,23300.0,0.0
354,184.0,23400.0,0.0
355,185.0,23500.0,0.0
356,186.0,23600.0,0.0
357,187.0,23700.0,0.0
358,188.0,23800.0,0.0
359,189.0,23900.0,0.0
360,180.0,23000.0,0.0
361,181.0,23100.0,0.0
362,182.0,23200.0,0.0
363,183.0,23300.0,0.0
364,184.0,23400.0,0.0
365,185.0,23500.0,0.0
366,186.0,23600.0,0.0
367,187.0,23700.0,0.0
368,188.0,23800.0,0.0
369,189.0,23900.0,0.0
370,190.0,24000.0,0.0
371,191.0,24100.0,0.0
372,192.0,24200.0,0.0
373,193.0,24300.0,0.0
374,194.0,24400.0,0.0
375,195.0,24500.0,0.0
376,196.0,24600.0,0.0
377,197.0,24700.0,0.0
378,198.0,24800.0,0.0
379,199.0,24900.0,0.0
380,190.0,24000.0,0.0
381,191.0,24100.0,0.0
382,192.0,24200.0,0.0
383,193.0,24300.0,0.0
384,194.0,24400.0,0.0
385,195.0,24500.0,0.0
386,196.0,24600.0,0.0
387,197.0,24700.0,0.0
388,198.0,24800.0,0.0
389,199.0,24900.0,0.0
390,200.0,25000.0,0.0
391,201.0,25100.0,0.0
392,202.0,25200.0,0.0
393,203.0,25300.0,0.0
394,204.0,25400.0,0.0
395,205.0,25500.0,0.0
396,206.0,25600.0,0.0
397,207.0,25700.0,0.0
398,208.0,25800.0,0.0
399,209.0,25900.0,0.0
400,200.0,25000.0,0.0
401,201.0,25100.0,0.0
402,202.0,25200.0,0.0
403,203.0,25300.0,0.0
404,204.0,25400.0,0.0
405,205.0,25500.0,0.0
406,206.0,25600.0,0.0
407,207.0,25700.0,0.0
408,208.0,25800.0,0.0
409,209.0,25900.0,0.0
410,210.0,26000.0,0.0
411,211.0,26100.0,0.0
412,212.0,26200.0,0.0
413,213.0,26300.0,0.0
414,214.0,26400.0,0.0
415,215.0,26500.0,0.0
416,216.0,26600.0,0.0
417,217.0,26700.0,0.0
418,218.0,26800.0,0.0
419,219.0,26900.0,0.0
420,210.0,26000.0,0.0
421,211.0,26100.0,0.0
422,212.0,26200.0,0.0
423,213.0,26300.0,0.0
424,214.0,26400.0,0.0
425,215.0,26500.0,0.0
426,216.0,26600.0,0.0
427,217.0,26700.0,0.0
428,218.0,26800.0,0.0
429,219.0,26900.0,0.0
430,220.0,27000.0,0.0
431,221.0,27100.0,0.0
432,222.0,27200.0,0.0
433,223.0,27300.0,0.0
434,224.0,27400.0,0.0
435,225.0,27500.0,0.0
436,226.0,27600.0,0.0
437,227.0,27700.0,0.0
438,228.0,27800.0,0.0
439,229.0,27900.0,0.0
440,220.0,27000.0,0.0
441,221.0,27100.0,0.0
442,222.0,27200.0,0.0
443,223.0,27300.0,0.0
444,224.0,27400.0,0.0
445,225.0,27500.0,0.0
446,226.0,27600.0,0.0
447,227.0,27700.0,0.0
448,228.0,27800.0,0.0
449,229.0,27900.0,0.0
450,230.0,28000.0,0.0
451,231.0,28100.0,0.0
452,232.0,28200.0,0.0
453,233.0,28300.0,0.0
454,234.0,28400.0,0.0
455,235.0,28500.0,0.0
456,236.0,28600.0,0.0
457,237.0,28700.0,0.0
458,238.0,28800.0,0.0
459,239.0,28900.0,0.0
460,230.0,28000.0,0.0
461,231.0,28100.0,0.0
462,232.0,28200.0,0.0
463,233.0,28300.0,0.0
464,234.0,28400.0,0.0
465,235.0,28500.0,0.0
466,236.0,28600.0,0.0
467,237.0,28700.0,0.0
468,238.0,28800.0,0.0
469,239.0,28900.0,0.0
470,240.0,29000.0,0.0
471,241.0,29100.0,0.0
472,242.0,29200.0,0.0
473,243.0,29300.0,0.0
474,244.0,29400.0,0.0
475,245.0,29500.0,0.0
476,246.0,29600.0,0.0
477,247.0,29700.0,0.0
478,248.0,29800.0,0.0
479,249.0,29900.0,0.0
480,240.0,29000.0,0.0
481,241.0,29100.0,0.0
482,242.0,29200.0,0.0
483,243.0,29300.0,0.0
484,244.0,29400.0,0.0
485,245.0,29500.0,0.0
486,246.0,29600.0,0.0
487,247.0,29700.0,0.0
488,248.0,29800.0,0.0
489,249.0,29900.0,0.0
490,250.0,30000.0,0.0
491,251.0,30100.0,0.0
492,252.0,30200.0,0.0
493,253.0,30300.0,0.0
494,254.0,30400.0,0.0
495,255.0,30500.0,0.0
496,256.0,30600.0,0.0
497,257.0,30700.0,0.0
498,258.0,30800.0,0.0
499,259.0,30900.0,0.0
500,250.0,30000.0,0.0
501,251.0,30100.0,0.0
502,252.0,30200.0,0.0
503,253.0,30300.0,0.0
504,254.0,30400.0,0.0
505,255.0,30500.0,0.0
506,256.0,30600.0,0.0
507,257.0,30700.0,0.0
508,258.0,30800.0,0.0
509,259.0,30900.0,0.0
510,260.0,31000.0,0.0
511,261.0,31100.0,0.0
512,262.0,31200.0,0.0
513,263.0,31300.0,0.0
514,264.0,31400.0,0.0
515,265.0,31500.0,0.0
516,266.0,31600.0,0.0
517,267.0,31700.0,0.0
518,268.0,31800.0,0.0
519,269.0,31900.0,0.0
520,260.0,31000.0,0.0
521,261.0,31100.0,0.0
522,262.0,31200.0,0.0
523,263.0,31300.0,0.0
524,264.0,31400.0,0.0
525,265.0,31500.0,0.0
526,266.0,31600.0,0.0
527,267.0,31700.0,0.0
528,268.0,31800.0,0.0
529,269.0,31900.0,0.0
530,270.0,32000.0,0.0
531,271.0,32100.0,0.0
532,272.0,32200.0,0.0
533,273.0,32300.0,0.0
534,274.0,32400.0,0.0
535,275.0,32500.0,0.0
536,276.0,32600.0,0.0
537,277.0,32700.0,0.0
538,278.0,32800.0,0.0
539,279.0,32900.0,0.0
540,270.0,32000.0,0.0
541,271.0,32100.0,0.0
542,272.0,32200.0,0.0
543,273.0,32300.0,0.0
544,274.0,32400.0,0.0
545,275.0,32500.0,0.0
546,276.0,32600.0,0.0
547,277.0,32700.0,0.0
548,278.0,32800.0,0.0
549,279.0,32900.0,0.0
550,280.0,33000.0,0.0
551,281.0,33100.0,0.0
552,282.0,33200.0,0.0
553,283.0,33300.0,0.0
554,284.0,33400.0,0.0
555,285.0,33500.0,0.0
556,286.0,33600.0,0.0
557,287.0,33700.0,0.0
558,288.0,33800.0,0.0
559,289.0,33900.0,0.0
560,280.0,33000.0,0.0
561,281.0,33100.0,0.0
562,282.0,33200.0,0.0
563,283.0,33300.0,0.0
564,284.0,33400.0,0.0
565,285.0,33500.0,0.0
566,286.0,33600.0,0.0
567,287.0,33700.0,0.0
568,288.0,33800.0,0.0
569,289.0,33900.0,0.0
570,290.0,34000.0,0.0
571,291.0,34100.0,0.0
572,292.0,34200.0,0.0
573,293.0,34300.0,0.0
574,294.0,34400.0,0.0
575,295.0,34500.0,0.0
576,296.0,34600.0,0.0
577,297.0,34700.0,0.0
578,298.0,34800.0,0.0
579,299.0,34900.0,0.0
580,290.0,34000.0,0.0
581,291.0,34100.0,0.0
582,292.0,34200.0,0.0
583,293.0,34300.0,0.0
584,294.0,34400.0,0.0
585,295.0,34500.0,0.0
586,296.0,34600.0,0.0
587,297.0,34700.0,0.0
588,298.0,34800.0,0.0
589,299.0,34900.0,0.0
590,300.0,35000.0,0.0
591,301.0,35100.0,0.0
592,302.0,35200.0,0.0
593,303.0,35300.0,0.0
594,304.0,35400.0,0.0
595,305.0,35500.0,0.0
596,306.0,35600.0,0.0
597,307.0,35700.0,0.0
598,308.0,35800.0,0.0
599,309.0,35900.0,0.0
600,300.0,35000.0,0.0
601,301.0,35100.0,0.0
602,302.0,35200.0,0.0
603,303.0,35300.0,0.0
604,304.0,35400.0,0.0
605,305.0,35500.0,0.0
606,306.0,35600.0,0.0
607,307.0,35700.0,0.0
608,308.0,35800.0,0.0
609,309.0,35900.0,0.0
610,310.0,36000.0,0.0
611,311.0,36100.0,0.0
612,312.0,36200.0,0.0
613,313.0,36300.0,0.0
614,314.0,36400.0,0.0
615,315.0,36500.0,0.0
616,316.0,36600.0,0.0
617,317.0,36700.0,0.0
618,318.0,36800.0,0.0
619,319.0,36900.0,0.0
620,310.0,36000.0,0.0
621,311.0,36100.0,0.0
622,312.0,36200.0,0.0
623,313.0,36300.0,0.0
624,314.0,36400.0,0.0
625,315.0,36500.0,0.0
626,316.0,36600.0,0.0
627,317.0,36700.0,0.0
628,318.0,36800.0,0.0
629,319.0,36900.0,0.0
630,320.0,37000.0,0.0
631,321.0,37100.0,0.0
632,322.0,37200.0,0.0
633,323.0,37300.0,0.0
634,324.0,37400.0,0.0
635,325.0,37500.0,0.0
636,326.0,37600.0,0.0
637,327.0,37700.0,0.0
638,328.0,37800.0,0.0
639,329.0,37900.0,0.0
640,320.0,37000.0,0.0
641,321.0,37100.0,0.0
642,322.0,37200.0,0.0
643,323.0,37300.0,0.0
644,324.0,37400.0,0.0
645,325.0,37500.0,0.0
646,326.0,37600.0,0.0
647,327.0,37700.0,0.0
648,328.0,37800.0,0.0
649,329.0,37900.0,0.0
650,330.0,38000.0,0.0
651,331.0,38100.0,0.0
652,332.0,38200.0,0.0
653,333.0,38300.0,0.0
654,334.0,38400.0,0.0
655,335.0,38500.0,0.0
656,336.0,38600.0,0.0
657,337.0,38700.0,0.0
658,338.0,38800.0,0.0
659,339.0,38900.0,0.0
660,330.0,38000.0,0.0
661,331.0,38100.0,0.0
662,332.0,38200.0,0.0
663,333.0,38300.0,0.0
664,334.0,38400.0,0.0
665,335.0,38500.0,0.0
666,336.0,38600.0,0.0
667,337.0,38700.0,0.0
668,338.0,38800.0,0.0
669,339.0,38900.0,0.0
670,340.0,39000.0,0.0
671,341.0,39100.0,0.0
672,342.0,39200.0,0.0
673,343.0,39300.0,0.0
674,344.0,39400.0,0.0
675,345.0,39500.0,0.0
676,346.0,39600.0,0.0
677,347.0,39700.0,0.0
678,348.0,39800.0,0.0
679,349.0,39900.0,0.0
680,340.0,39000.0,0.0
681,341.0,39100.0,0.0
682,342.0,39200.0,0.0
683,343.0,39300.0,0.0
684,344.0,39400.0,0.0
685,345.0,39500.0,0.0
686,346.0,39600.0,0.0
687,347.0,39700.0,0.0
688,348.0,39800.0,0.0
689,349.0,39900.0,0.0
690,350.0,40000.0,0.0
691,351.0,40100.0,0.0
692,352.0,40200.0,0.0
693,353.0,40300.0,0.0
694,354.0,40400.0,0.0
695,355.0,40500.0,0.0
696,356.0,40600.0,0.0
697,357.0,40700.0,0.0
698,358.0,40800.0,0.0
699,359.0,40900.0,0.0
700,350.0,40000.0,0.0
701,351.0,40100.0,0.0
702,352.0,40200.0,0.0
703,353.0,40300.0,0.0
704,354.0,40400.0,0.0
705,355.0,40500.0,0.0
706,356.0,40600.0,0.0
707,357.0,40700.0,0.0
708,358.0,40800.0,0.0
709,359.0,40900.0,0.0
710,360.0,41000.0,0.0
711,361.0,41100.0,0.0
712,362.0,41200.0,0.0
713,363.0,41300.0,0.0
714,364.0,41400.0,0.0
715,365.0,41500.0,0.0
716,366.0,41600.0,0.0
717,367.0,41700.0,0.0
718,368.0,41800.0,0.0
719,369.0,41900.0,0.0
720,360.0,41000.0,0.0
721,361.0,41100.0,0.0
722,362.0,41200.0,0.0
723,363.0,41300.0,0.0
724,364.0,41400.0,0.0
725,365.0,41500.0,0.0
726,366.0,41600.0,0.0
727,367.0,41700.0,0.0
728,368.0,41800.0,0.0
729,369.0,41900.0,0.0
730,370.0,42000.0,0.0
731,371.0,42100.0,0.0
732,372.0,42200.0,0.0
733,373.0,42300.0,0.0
734,374.0,42400.0,0.0
735,375.0,42500.0,0.0
736,376.0,42600.0,0.0
737,377.0,42700.0,0.0
738,378.0,42800.0,0.0
739,379.0,42900.0,0.0
740,370.0,42000.0,0.0
741,371.0,42100.0,0.0
742,372.0,42200.0,0.0
743,373.0,42300.0,0.0
744,374.0,42400.0,0.0
745,375.0,42500.0,0.0
746,376.0,42600.0,0.0
747,377.0,42700.0,0.0
748,378.0,42800.0,0.0
749,379.0,42900.0,0.0
750,380.0,43000.0,0.0
751,381.0,43100.0,0.0
752,382.0,43200.0,0.0
753,383.0,43300.0,0.0
754,384.0,43400.0,0.0
755,385.0,43500.0,0.0
756,386.0,43600.0,0.0
757,387.0,43700.0,0.0
758,388.0,43800.0,0.0
759,389.0,43900.0,0.0
760,380.0,43000.0,0.0
761,381.0,43100.0,0.0
762,382.0,43200.0,0.0
763,383.0,43300.0,0.0
764,384.0,43400.0,0.0
765,385.0,43500.0,0.0
766,386.0,43600.0,0.0
767,387.0,43700.0,0.0
768,388.0,43800.0,0.0
769,389.0,43900.0,0.0
770,390.0,44000.0,0.0
771,391.0,44100.0,0.0
772,392.0,44200.0,0.0
773,393.0,44300.0,0.0
774,394.0,44400.0,0.0
775,395.0,44500.0,0.0
776,396.0,44600.0,0.0
777,397.0,44700.0,0.0
778,398.0,44800.0,0.0
779,399.0,44900.0,0.0
780,390.0,44000.0,0.0
781,391.0,44100.0,0.0
782,392.0,44200.0,0.0
783,393.0,44300.0,0.0
784,394.0,44400.0,0.0
785,395.0,44500.0,0.0
786,396.0,44600.0,0.0
787,397.0,44700.0,0.0
788,398.0,44800.0,0.0
789,399.0,44900.0,0.0
790,400.0,45000.0,0.0
791,401.0,45100.0,0.0
792,402.0,45200.0,0.0
793,403.0,45300.0,0.0
794,404.0,45400.0,0.0
795,405.0,45500.0,0.0
796,406.0,45600.0,0.0
797,407.0,45700.0,0.0
798,408.0,45800.0,0.0
799,409.0,45900.0,0.0
800,400.0,45000.0,0.0
801,401.0,45100.0,0.0
802,402.0,45200.0,0.0
803,403.0,45300.0,0.0
804,404.0,45400.0,0.0
805,405.0,45500.0,0.0
806,406.0,45600.0,0.0
807,407.0,45700.0,0.0
808,408.0,45800.0,0.0
809,409.0,45900.0,0.0
810,410.0,46000.0,0.0
811,411.0,46100.0,0.0
812,412.0,46200.0,0.0
813,413.0,46300.0,0.0
814,414.0,46400.0,0.0
815,415.0,46500.0,0.0
816,416.0,46600.0,0.0
817,417.0,46700.0,0.0
818,418.0,46800.0,0.0
819,419.0,46900.0,0.0
820,410.0,46000.0,0.0
821,411.0,46100.0,0.0
822,412.0,46200.0,0.0
823,413.0,46300.0,0.0
824,414.0,46400.0,0.0
825,415.0,46500.0,0.0
826,416.0,46600.0,0.0
827,417.0,46700.0,0.0
828,418.0,46800.0,0.0
829,419.0,46900.0,0.0
830,420.0,47000.0,0.0
831,421.0,47100.0,0.0
832,422.0,47200.0,0.0
833,423.0,47300.0,0.0
834,424.0,47400.0,0.0
835,425.0,47500.0,0.0
836,426.0,47600.0,0.0
837,427.0,47700.0,0.0
838,428.0,47800.0,0.0
839,429.0,47900.0,0.0
840,420.0,47000.0,0.0
841,421.0,47100.0,0.0
842,422.0,47200.0,0.0
843,423.0,47300.0,0.0
844,424.0,47400.0,0.0
845,425.0,47500.0,0.0
846,426.0,47600.0,0.0
847,427.0,47700.0,0.0
848,428.0,47800.0,0.0
849,429.0,47900.0,0.0
850,430.0,48000.0,0.0
851,431.0,48100.0,0.0
852,432.0,48200.0,0.0
853,433.0,48300.0,0.0
854,434.0,48400.0,0.0
855,435.0,48500.0,0.0
856,436.0,48600.0,0.0
857,437.0,48700.0,0.0
858,438.0,48800.0,0.0
859,439.0,48900.0,0.0
860,430.0,48000.0,0.0
861,431.0,48100.0,0.0
862,432.0,48200.0,0.0
863,433.0,48300.0,0.0
864,434.0,48400.0,0.0
865,435.0,48500.0,0.0
866,436.0,48600.0,0.0
867,437.0,48700.0,0.0
868,438.0,48800.0,0.0
869,439.0,48900.0,0.0
870,440.0,49000.0,0.0
871,441.0,49100.0,0.0
872,442.0,49200.0,0.0
873,443.0,49300.0,0.0
874,444.0,49400.0,0.0
875,445.0,49500.0,0.0
876,446.0,49600.0,0.0
877,447.0,49700.0,0.0
878,448.0,49800.0,0.0
879,449.0,49900.0,0.0
880,440.0,49000.0,0.0
881,441.0,49100.0,0.0
882,442.0,49200.0,0.0
883,443.0,49300.0,0.0
884,444.0,49400.0,0.0
885,445.0,49500.0,0.0
886,446.0,49600.0,0.0
887,447.0,49700.0,0.0
888,448.0,49800.0,0.0
889,449.0,49900.0,0.0
890,450.0,50000.0,0.0
891,451.0,50100.0,0.0
892,452.0,50200.0,0.0
893,453.0,50300.0,0.0
894,454.0,50400.0,0.0
895,455.0,50500.0,0.0
896,456.0,50600.0,0.0
897,457.0,50700.0,0.0
898,458.0,50800.0,0.0
899,459.0,50900.0,0.0
900,450.0,50000.0,0.0
901,451.0,50100.0,0.0
902,452.0,50200.0,0.0
903,453.0,50300.0,0.0
904,454.0,50400.0,0.0
905,455.0,50500.0,0.0
906,456.0,50600.0,0.0
907,457.0,50700.0,0.0
908,458.0,50800.0,0.0
909,459.0,50900.0,0.0
910,460.0,51000.0,0.0
911,461.0,51100.0,0.0
912,462.0,51200.0,0.0
913,463.0,51300.0,0.0
914,464.0,51400.0,0.0
915,465.0,51500.0,0.0
916,466.0,51600.0,0.0
917,467.0,51700.0,0.0
918,468.0,51800.0,0.0
919,469.0,51900.0,0.0
920,460.0,51000.0,0.0
921,461.0,51100.0,0.0
922,462.0,51200.0,0.0
923,463.0,51300.0,0.0
924,464.0,51400.0,0.0
925,465.0,51500.0,0.0
926,466.0,51600.0,0.0
927,467.0,51700.0,0.0
928,468.0,51800.0,0.0
929,469.0,51900.0,0.0
930,470.0,52000.0,0.0
931,471.0,52100.0,0.0
932,472.0,52200.0,0.0
933,473.0,52300.0,0.0
934,474.0,52400.0,0.0
935,475.0,52500.0,0.0
936,476.0,52600.0,0.0
937,477.0,52700.0,0.0
938,478.0,52800.0,0.0
939,479.0,52900.0,0.0
940,470.0,52000.0,0.0
941,471.0,52100.0,0.0
942,472.0,52200.0,0.0
943,473.0,52300.0,0.0
944,474.0,52400.0,0.0
945,475.0,52500.0,0.0
946,476.0,52600.0,0.0
947,477.0,52700.0,0.0
948,478.0,52800.0,0.0
949,479.0,52900.0,0.0
950,480.0,53000.0,0.0
951,481.0,53100.0,0.0
952,482.0,53200.0,0.0
953,483.0,53300.0,0.0
954,484.0,53400.0,0.0
955,485.0,53500.0,0.0
956,486.0,53600.0,0.0
957,487.0,53700.0,0.0
958,488.0,53800.0,0.0
959,489.0,53900.0,0.0
960,480.0,53000.0,0.0
961,481.0,53100.0,0.0
962,482.0,53200.0,0.0
963,483.0,53300.0,0.0
964,484.0,53400.0,0.0
965,485.0,53500.0,0.0
966,486.0,53600.0,0.0
967,487.0,53700.0,0.0
968,488.0,53800.0,0.0
969,489.0,53900.0,0.0
970,490.0,54000.0,0.0
971,491.0,54100.0,0.0
972,492.0,54200.0,0.0
973,493.0,54300.0,0.0
974,494.0,54400.0,0.0
975,495.0,54500.0,0.0
976,496.0,54600.0,0.0
977,497.0,54700.0,0.0
978,498.0,54800.0,0.0
979,499.0,54900.0,0.0
980,490.0,54000.0,0.0
981,491.0,54100.0,0.0
982,492.0,54200.0,0.0
983,493.0,54300.0,0.0
984,494.0,54400.0,0.0
985,495.0,54500.0,0.0
986,496.0,54600.0,0.0
987,497.0,54700.0,0.0
988,498.0,54800.0,0.0
989,499.0,54900.0,0.0
990,500.0,55000.0,0.0
991,501.0,55100.0,0.0
992,502.0,55200.0,0.0
993,503.0,55300.0,0.0
994,504.0,55400.0,0.0
995,505.0,55500.0,0.0
996,506.0,55600.0,0.0
997,507.0,55700.0,0.0
998,508.0,55800.0,0.0
999,509.0,55900.0,0.0
1000,500.0,55000.0,0.0
1001,501.0,55100.0,0.0
1002,502.0,55200.0,0.0
1003,503.0,55300.0,0.0
1004,504.0,55400.0,0.0
1005,505.0,55500.0,0.0
1006,506.0,55600.0,0.0
1007,507.0,55700.0,0.0
1008,508.0,55800.0,0.0
1009,509.0,55900.0,0.0
1010,510.0,56000.0,2.0
1011,511.0,56100.0,2.0
1012,512.0,56200.0,2.0
1013,513.0,56300.0,0.0
1014,514.0,56400.0,0.0
1015,515.0,56500.0,0.0
1016,516.0,56600.0,0.0
1017,517.0,56700.0,0.0
1018,518.0,56800.0,0.0
1019,519.0,56900.0,0.0
1020,510.0,56000.0,2.0
1021,511.0,56100.0,2.0
1022,512.0,56200.0,2.0
1023,513.0,56300.0,0.0
1024,514.0,56400.0,0.0
1025,515.0,56500.0,0.0
1026,516.0,56600.0,0.0
1027,517.0,56700.0,0.0
1028,518.0,56800.0,0.0
1029,519.0,56900.0,0.0
1030,520.0,57000.0,0.0
1031,521.0,57100.0,0.0
1032,522.0,57200.0,0.0
1033,523.0,57300.0,0.0
1034,524.0,57400.0,0.0
1035,525.0,57500.0,0.0
1036,526.0,57600.0,0.0
1037,527.0,57700.0,0.0
1038,528.0,57800.0,0.0
1039,529.0,57900.0,0.0
1040,520.0,57000.0,0.0
1041,521.0,57100.0,0.0
1042,522.0,57200.0,0.0
1043,523.0,57300.0,0.0
1044,524.0,57400.0,0.0
1045,525.0,57500.0,0.0
1046,526.0,57600.0,0.0
1047,527.0,57700.0,0.0
1048,528.0,57800.0,0.0
1049,529.0,57900.0,0.0
1050,530.0,58000.0,0.0
1051,531.0,58100.0,0.0
1052,532.0,58200.0,0.0
1053,533.0,58300.0,0.0
1054,534.0,58400.0,0.0
1055,535.0,58500.0,0.0
1056,536.0,58600.0,0.0
1057,537.0,58700.0,0.0
1058,538.0,58800.0,0.0
1059,539.0,58900.0,0.0
1060,530.0,58000.0,0.0
1061,531.0,58100.0,0.0
1062,532.0,58200.0,0.0
1063,533.0,58300.0,0.0
1064,534.0,58400.0,0.0
1065,535.0,58500.0,0.0
1066,536.0,58600.0,0.0
1067,537.0,58700.0,0.0
1068,538.0,58800.0,0.0
1069,539.0,58900.0,0.0
1070,540.0,59000.0,0.0
1071,541.0,59100.0,0.0
1072,542.0,59200.0,0.0
1073,543.0,59300.0,0.0
1074,544.0,59400.0,0.0
1075,545.0,59500.0,0.0
1076,546.0,59600.0,0.0
1077,547.0,59700.0,0.0
1078,548.0,59800.0,0.0
1079,549.0,59900.0,0.0
1080,540.0,59000.0,0.0
1081,541.0,59100.0,0.0
1082,542.0,59200.0,0.0
1083,543.0,59300.0,0.0
1084,544.0,59400.0,0.0
1085,545.0,59500.0,0.0
1086,546.0,59600.0,0.0
1087,547.0,59700.0,0.0
1088,548.0,59800.0,0.0
1089,549.0,59900.0,0.0
1090,550.0,60000.0,0.0
1091,551.0,60100.0,0.0
1092,552.0,60200.0,0.0
1093,553.0,60300.0,0.0
1094,554.0,60400.0,0.0
1095,555.0,60500.0,0.0
1096,556.0,60600.0,0.0
1097,557.0,60700.0,0.0
1098,558.0,60800.0,0.0
1099,559.0,60900.0,0.0
1100,550.0,60000.0,0.0
1101,551.0,60100.0,0.0
1102,552.0,60200.0,0.0
1103,553.0,60300.0,0.0
1104,554.0,60400.0,0.0
1105,555.0,60500.0,0.0
1106,556.0,60600.0,0.0
1107,557.0,60700.0,0.0
1108,558.0,60800.0,0.0
1109,559.0,60900.0,0.0
1110,560.0,61000.0,0.0
1111,561.0,61100.0,0.0
1112,562.0,61200.0,0.0
1113,563.0,61300.0,0.0
1114,564.0,61400.0,0.0
1115,565.0,61500.0,0.0
1116,566.0,61600.0,0.0
1117,567.0,61700.0,0.0
1118,568.0,61800.0,0.0
1119,569.0,61900.0,0.0
1120,560.0,61000.0,0.0
1121,561.0,61100.0,0.0
1122,562.0,61200.0,0.0
1123,563.0,61300.0,0.0
1124,564.0,61400.0,0.0
1125,565.0,61500.0,0.0
1126,566.0,61600.0,0.0
1127,567.0,61700.0,0.0
1128,568.0,61800.0,0.0
1129,569.0,61900.0,0.0
1130,570.0,62000.0,0.0
1131,571.0,62100.0,0.0
1132,572.0,62200.0,0.0
1133,573.0,62300.0,0.0
1134,574.0,62400.0,0.0
1135,575.0,62500.0,0.0
1136,576.0,62600.0,0.0
1137,577.0,62700.0,0.0
1138,578.0,62800.0,0.0
1139,579.0,62900.0,0.0
1140,570.0,62000.0,0.0
1141,571.0,62100.0,0.0
1142,572.0,62200.0,0.0
1143,573.0,62300.0,0.0
1144,574.0,62400.0,0.0
1145,575.0,62500.0,0.0
1146,576.0,62600.0,0.0
1147,577.0,62700.0,0.0
1148,578.0,62800.0,0.0
1149,579.0,62900.0,0.0
1150,580.0,63000.0,0.0
1151,581.0,63100.0,0.0
1152,582.0,63200.0,0.0
1153,583.0,63300.0,0.0
1154,584.0,63400.0,0.0
1155,585.0,63500.0,0.0
1156,586.0,63600.0,0.0
1157,587.0,63700.0,0.0
1158,588.0,63800.0,0.0
1159,589.0,63900.0,0.0
1160,580.0,63000.0,0.0
1161,581.0,63100.0,0.0
1162,582.0,63200.0,0.0
1163,583.0,63300.0,0.0
1164,584.0,63400.0,0.0
1165,585.0,63500.0,0.0
1166,586.0,63600.0,0.0
1167,587.0,63700.0,0.0
1168,588.0,63800.0,0.0
1169,589.0,63900.0,0.0
1170,590.0,64000.0,0.0
1171,591.0,64100.0,0.0
1172,592.0,64200.0,0.0
1173,593.0,64300.0,0.0
1174,594.0,64400.0,0.0
1175,595.0,64500.0,0.0
1176,596.0,64600.0,0.0
1177,597.0,64700.0,0.0
1178,598.0,64800.0,0.0
1179,599.0,64900.0,0.0
1180,590.0,64000.0,0.0
1181,591.0,64100.0,0.0
1182,592.0,64200.0,0.0
1183,593.0,64300.0,0.0
1184,594.0,64400.0,0.0
1185,595.0,64500.0,0.0
1186,596.0,64600.0,0.0
1187,597.0,64700.0,0.0
1188,598.0,64800.0,0.0
1189,599.0,64900.0,0.0
1190,600.0,65000.0,0.0
1191,601.0,65100.0,0.0
1192,602.0,65200.0,0.0
1193,603.0,65300.0,0.0
1194,604.0,65400.0,0.0
1195,605.0,65500.0,0.0
1196,606.0,65600.0,0.0
1197,607.0,65700.0,0.0
1198,608.0,65800.0,0.0
1199,609.0,65900.0,0.0
1200,600.0,65000.0,0.0
1201,601.0,65100.0,0.0
1202,602.0,65200.0,0.0
1203,603.0,65300.0,0.0
1204,604.0,65400.0,0.0
1205,605.0,65500.0,0.0
1206,606.0,65600.0,0.0
1207,607.0,65700.0,0.0
1208,608.0,65800.0,0.0
1209,609.0,65900.0,0.0
1210,610.0,66000.0,0.0
1211,611.0,66100.0,0.0
1212,612.0,66200.0,0.0
1213,613.0,66300.0,0.0
1214,614.0,66400.0,0.0
1215,615.0,66500.0,0.0
1216,616.0,66600.0,0.0
1217,617.0,66700.0,0.0
1218,618.0,66800.0,0.0
1219,619.0,66900.0,0.0
1220,610.0,66000.0,0.0
1221,611.0,66100.0,0.0
1222,612.0,66200.0,0.0
1223,613.0,66300.0,0.0
1224,614.0,66400.0,0.0
1225,615.0,66500.0,0.0
1226,616.0,66600.0,0.0
1227,617.0,66700.0,0.0
1228,618.0,66800.0,0.0
1229,619.0,66900.0,0.0
1230,620.0,67000.0,0.0
1231,621.0,67100.0,0.0
1232,622.0,67200.0,0.0
1233,623.0,67300.0,0.0
1234,624.0,67400.0,0.0
1235,625.0,67500.0,0.0
1236,626.0,67600.0,0.0
1237,627.0,67700.0,0.0
1238,628.0,67800.0,0.0
1239,629.0,67900.0,0.0
1240,620.0,67000.0,0.0
1241,621.0,67100.0,0.0
1242,622.0,67200.0,0.0
1243,623.0,67300.0,0.0
1244,624.0,67400.0,0.0
1245,625.0,67500.0,0.0
1246,626.0,67600.0,0.0
1247,627.0,67700.0,0.0
1248,628.0,67800.0,0.0
1249,629.0,67900.0,0.0
1250,630.0,68000.0,0.0
1251,631.0,68100.0,0.0
1252,632.0,68200.0,0.0
1253,633.0,68300.0,0.0
1254,634.0,68400.0,0.0
1255,635.0,68500.0,0.0
1256,636.0,68600.0,0.0
1257,637.0,68700.0,0.0
1258,638.0,68800.0,0.0
1259,639.0,68900.0,0.0
1260,630.0,68000.0,0.0
1261,631.0,68100.0,0.0
1262,632.0,68200.0,0.0
1263,633.0,68300.0,0.0
1264,634.0,68400.0,0.0
1265,635.0,68500.0,0.0
1266,636.0,68600.0,0.0
1267,637.0,68700.0,0.0
1268,638.0,68800.0,0.0
1269,639.0,68900.0,0.0
1270,640.0,69000.0,0.0
1271,641.0,69100.0,0.0
1272,642.0,69200.0,0.0
1273,643.0,69300.0,0.0
1274,644.0,69400.0,0.0
1275,645.0,69500.0,0.0
1276,646.0,69600.0,0.0
1277,647.0,69700.0,0.0
1278,648.0,69800.0,0.0
1279,649.0,69900.0,0.0
1280,640.0,69000.0,0.0
1281,641.0,69100.0,0.0
1282,642.0,69200.0,0.0
1283,643.0,69300.0,0.0
1284,644.0,69400.0,0.0
1285,645.0,69500.0,0.0
1286,646.0,69600.0,0.0
1287,647.0,69700.0,0.0
1288,648.0,69800.0,0.0
1289,649.0,69900.0,0.0
1290,650.0,70000.0,0.0
1291,651.0,70100.0,0.0
1292,652.0,70200.0,0.0
1293,653.0,70300.0,0.0
1294,654.0,70400.0,0.0
1295,655.0,70500.0,0.0
1296,656.0,70600.0,0.0
1297,657.0,70700.0,0.0
1298,658.0,70800.0,0.0
1299,659.0,70900.0,0.0
1300,650.0,70000.0,0.0
1301,651.0,70100.0,0.0
1302,652.0,70200.0,0.0
1303,653.0,70300.0,0.0
1304,654.0,70400.0,0.0
1305,655.0,70500.0,0.0
1306,656.0,70600.0,0.0
1307,657.0,70700.0,0.0
1308,658.0,70800.0,0.0
1309,659.0,70900.0,0.0
1310,660.0,71000.0,0.0
1311,661.0,71100.0,0.0
1312,662.0,71200.0,0.0
1313,663.0,71300.0,0.0
1314,664.0,71400.0,0.0
1315,665.0,71500.0,0.0
1316,666.0,71600.0,0.0
1317,667.0,71700.0,0.0
1318,668.0,71800.0,0.0
1319,669.0,71900.0,0.0
1320,660.0,71000.0,0.0
1321,661.0,71100.0,0.0
1322,662.0,71200.0,0.0
1323,663.0,71300.0,0.0
1324,664.0,71400.0,0.0
1325,665.0,71500.0,0.0
1326,666.0,71600.0,0.0
1327,667.0,71700.0,0.0
1328,668.0,71800.0,0.0
1329,669.0,71900.0,0.0
1330,670.0,72000.0,0.0
1331,671.0,72100.0,0.0
1332,672.0,72200.0,0.0
1333,673.0,72300.0,0.0
1334,674.0,72400.0,0.0
1335,675.0,72500.0,0.0
1336,676.0,72600.0,0.0
1337,677.0,72700.0,0.0
1338,678.0,72800.0,0.0
1339,679.0,72900.0,0.0
1340,670.0,72000.0,0.0
1341,671.0,72100.0,0.0
1342,672.0,72200.0,0.0
1343,673.0,72300.0,0.0
1344,674.0,72400.0,0.0
1345,675.0,72500.0,0.0
1346,676.0,72600.0,0.0
1347,677.0,72700.0,0.0
1348,678.0,72800.0,0.0
1349,679.0,72900.0,0.0
1350,680.0,73000.0,0.0
1351,681.0,73100.0,0.0
1352,682.0,73200.0,0.0
1353,683.0,73300.0,0.0
1354,684.0,73400.0,0.0
1355,685.0,73500.0,0.0
1356,686.0,73600.0,0.0
1357,687.0,73700.0,0.0
1358,688.0,73800.0,0.0
1359,689.0,73900.0,0.0
1360,680.0,73000.0,0.0
1361,681.0,73100.0,0.0
1362,682.0,73200.0,0.0
1363,683.0,73300.0,0.0
1364,684.0,73400.0,0.0
1365,685.0,73500.0,0.0
1366,686.0,73600.0,0.0
1367,687.0,73700.0,0.0
1368,688.0,73800.0,0.0
1369,689.0,73900.0,0.0
1370,690.0,74000.0,0.0
1371,691.0,74100.0,0.0
1372,692.0,74200.0,0.0
1373,693.0,74300.0,0.0
1374,694.0,74400.0,0.0
1375,695.0,74500.0,0.0
1376,696.0,74600.0,0.0
1377,697.0,74700.0,0.0
1378,698.0,74800.0,0.0
1379,699.0,74900.0,0.0
1380,690.0,74000.0,0.0
1381,691.0,74100.0,0.0
1382,692.0,74200.0,0.0
1383,693.0,74300.0,0.0
1384,694.0,74400.0,0.0
1385,695.0,74500.0,0.0
1386,696.0,74600.0,0.0
1387,697.0,74700.0,0.0
1388,698.0,74800.0,0.0
1389,699.0,74900.0,0.0
1390,700.0,75000.0,0.0
1391,701.0,75100.0,0.0
1392,702.0,75200.0,0.0
1393,703.0,75300.0,0.0
1394,704.0,75400.0,0.0
1395,705.0,75500.0,0.0
1396,706.0,75600.0,0.0
1397,707.0,75700.0,0.0
1398,708.0,75800.0,0.0
1399,709.0,75900.0,0.0
1400,700.0,75000.0,0.0
1401,701.0,75100.0,0.0
1402,702.0,75200.0,0.0
1403,703.0,75300.0,0.0
1404,704.0,75400.0,0.0
1405,705.0,75500.0,0.0
1406,706.0,75600.0,0.0
1407,707.0,75700.0,0.0
1408,708.0,75800.0,0.0
1409,709.0,75900.0,0.0
1410,710.0,76000.0,0.0
1411,711.0,76100.0,0.0
1412,712.0,76200.0,0.0
1413,713.0,76300.0,0.0
1414,714.0,76400.0,0.0
1415,715.0,76500.0,0.0
1416,716.0,76600.0,0.0
1417,717.0,76700.0,0.0
1418,718.0,76800.0,0.0
1419,719.0,76900.0,0.0
1420,710.0,76000.0,0.0
1421,711.0,76100.0,0.0
1422,712.0,76200.0,0.0
1423,713.0,76300.0,0.0
1424,714.0,76400.0,0.0
1425,715.0,76500.0,0.0
1426,716.0,76600.0,0.0
1427,717.0,76700.0,0.0
1428,718.0,76800.0,0.0
1429,719.0,76900.0,0.0
1430,720.0,77000.0,0.0
1431,721.0,77100.0,0.0
1432,722.0,77200.0,0.0
1433,723.0,77300.0,0.0
1434,724.0,77400.0,0.0
1435,725.0,77500.0,0.0
1436,726.0,77600.0,0.0
1437,727.0,77700.0,0.0
1438,728.0,77800.0,0.0
1439,729.0,77900.0,0.0
1440,720.0,77000.0,0.0
1441,721.0,77100.0,0.0
1442,722.0,77200.0,0.0
1443,723.0,77300.0,0.0
1444,724.0,77400.0,0.0
1445,725.0,77500.0,0.0
1446,726.0,77600.0,0.0
1447,727.0,77700.0,0.0
1448,728.0,77800.0,0.0
1449,729.0,77900.0,0.0
1450,730.0,78000.0,0.0
1451,731.0,78100.0,0.0
1452,732.0,78200.0,0.0
1453,733.0,78300.0,0.0
1454,734.0,78400.0,0.0
1455,735.0,78500.0,0.0
1456,736.0,78600.0,0.0
1457,737.0,78700.0,0.0
1458,738.0,78800.0,0.0
1459,739.0,78900.0,0.0
1460,730.0,78000.0,0.0
1461,731.0,78100.0,0.0
1462,732.0,78200.0,0.0
1463,733.0,78300.0,0.0
1464,734.0,78400.0,0.0
1465,735.0,78500.0,0.0
1466,736.0,78600.0,0.0
1467,737.0,78700.0,0.0
1468,738.0,78800.0,0.0
1469,739.0,78900.0,0.0
1470,740.0,79000.0,0.0
1471,741.0,79100.0,0.0
1472,742.0,79200.0,0.0
1473,743.0,79300.0,0.0
1474,744.0,79400.0,0.0
1475,745.0,79500.0,0.0
1476,746.0,79600.0,0.0
1477,747.0,79700.0,0.0
1478,748.0,79800.0,0.0
1479,749.0,79900.0,0.0
1480,740.0,79000.0,0.0
1481,741.0,79100.0,0.0
1482,742.0,79200.0,0.0
1483,743.0,79300.0,0.0
1484,744.0,79400.0,0.0
1485,745.0,79500.0,0.0
1486,746.0,79600.0,0.0
1487,747.0,79700.0,0.0
1488,748.0,79800.0,0.0
1489,749.0,79900.0,0.0
1490,750.0,80000.0,0.0
1491,751.0,80100.0,0.0
1492,752.0,80200.0,0.0
1493,753.0,80300.0,0.0
1494,754.0,80400.0,0.0
1495,755.0,80500.0,0.0
1496,756.0,80600.0,0.0
1497,757.0,80700.0,0.0
1498,758.0,80800.0,0.0
1499,759.0,80900.0,0.0
1500,750.0,80000.0,0.0
1501,751.0,80100.0,0.0
1502,752.0,80200.0,0.0
1503,753.0,80300.0,0.0
1504,754.0,80400.0,0.0
1505,755.0,80500.0,0.0
1506,756.0,80600.0,0.0
1507,757.0,80700.0,0.0
1508,758.0,80800.0,0.0
1509,759.0,80900.0,0.0
1510,760.0,81000.0,0.0
1511,761.0,81100.0,0.0
1512,762.0,81200.0,0.0
1513,763.0,81300.0,0.0
1514,764.0,81400.0,0.0
1515,765.0,81500.0,0.0
1516,766.0,81600.0,0.0
1517,767.0,81700.0,0.0
1518,768.0,81800.0,0.0
1519,769.0,81900.0,0.0
1520,760.0,81000.0,0.0
1521,761.0,81100.0,0.0
1522,762.0,81200.0,0.0
1523,763.0,81300.0,0.0
1524,764.0,81400.0,0.0
1525,765.0,81500.0,0.0
1526,766.0,81600.0,0.0
1527,767.0,81700.0,0.0
1528,768.0,81800.0,0.0
1529,769.0,81900.0,0.0
1530,770.0,82000.0,0.0
1531,771.0,82100.0,0.0
1532,772.0,82200.0,0.0
1533,773.0,82300.0,0.0
1534,774.0,82400.0,0.0
1535,775.0,82500.0,0.0
1536,776.0,82600.0,0.0
1537,777.0,82700.0,0.0
1538,778.0,82800.0,0.0
1539,779.0,82900.0,0.0
1540,770.0,82000.0,0.0
1541,771.0,82100.0,0.0
1542,772.0,82200.0,0.0
1543,773.0,82300.0,0.0
1544,774.0,82400.0,0.0
1545,775.0,82500.0,0.0
1546,776.0,82600.0,0.0
1547,777.0,82700.0,0.0
1548,778.0,82800.0,0.0
1549,779.0,82900.0,0.0
1550,780.0,83000.0,0.0
1551,781.0,83100.0,0.0
1552,782.0,83200.0,0.0
1553,783.0,83300.0,0.0
1554,784.0,83400.0,0.0
1555,785.0,83500.0,0.0
1556,786.0,83600.0,0.0
1557,787.0,83700.0,0.0
1558,788.0,83800.0,0.0
1559,789.0,83900.0,0.0
1560,780.0,83000.0,0.0
1561,781.0,83100.0,0.0
1562,782.0,83200.0,0.0
1563,783.0,83300.0,0.0
1564,784.0,83400.0,0.0
1565,785.0,83500.0,0.0
1566,786.0,83600.0,0.0
1567,787.0,83700.0,0.0
1568,788.0,83800.0,0.0
1569,789.0,83900.0,0.0
1570,790.0,84000.0,0.0
1571,791.0,84100.0,0.0
1572,792.0,84200.0,0.0
1573,793.0,84300.0,0.0
1574,794.0,84400.0,0.0
1575,795.0,84500.0,0.0
1576,796.0,84600.0,0.0
1577,797.0,84700.0,0.0
1578,798.0,84800.0,0.0
1579,799.0,84900.0,0.0
1580,790.0,84000.0,0.0
1581,791.0,84100.0,0.0
1582,792.0,84200.0,0.0
1583,793.0,84300.0,0.0
1584,794.0,84400.0,0.0
1585,795.0,84500.0,0.0
1586,796.0,84600.0,0.0
1587,797.0,84700.0,0.0
1588,798.0,84800.0,0.0
1589,799.0,84900.0,0.0
1590,800.0,85000.0,0.0
1591,801.0,85100.0,0.0
1592,802.0,85200.0,0.0
1593,803.0,85300.0,0.0
1594,804.0,85400.0,0.0
1595,805.0,85500.0,0.0
1596,806.0,85600.0,0.0
1597,807.0,85700.0,0.0
1598,808.0,85800.0,0.0
1599,809.0,85900.0,0.0
1600,800.0,85000.0,0.0
1601,801.0,85100.0,0.0
1602,802.0,85200.0,0.0
1603,803.0,85300.0,0.0
1604,804.0,85400.0,0.0
1605,805.0,85500.0,0.0
1606,806.0,85600.0,0.0
1607,807.0,85700.0,0.0
1608,808.0,85800.0,0.0
1609,809.0,85900.0,0.0
1610,810.0,86000.0,0.0
1611,811.0,86100.0,0.0
1612,812.0,86200.0,0.0
1613,813.0,86300.0,0.0
1614,814.0,86400.0,0.0
1615,815.0,86500.0,0.0
1616,816.0,86600.0,0.0
1617,817.0,86700.0,0.0
1618,818.0,86800.0,0.0
1619,819.0,86900.0,0.0
1620,810.0,86000.0,0.0
1621,811.0,86100.0,0.0
1622,812.0,86200.0,0.0
1623,813.0,86300.0,0.0
1624,814.0,86400.0,0.0
1625,815.0,86500.0,0.0
1626,816.0,86600.0,0.0
1627,817.0,86700.0,0.0
1628,818.0,86800.0,0.0
1629,819.0,86900.0,0.0
1630,820.0,87000.0,0.0
1631,821.0,87100.0,0.0
1632,822.0,87200.0,0.0
1633,823.0,87300.0,0.0
1634,824.0,87400.0,0.0
1635,825.0,87500.0,0.0
1636,826.0,87600.0,0.0
1637,827.0,87700.0,0.0
1638,828.0,87800.0,0.0
1639,829.0,87900.0,0.0
1640,820.0,87000.0,0.0
1641,821.0,87100.0,0.0
1642,822.0,87200.0,0.0
1643,823.0,87300.0,0.0
1644,824.0,87400.0,0.0
1645,825.0,87500.0,0.0
1646,826.0,87600.0,0.0
1647,827.0,87700.0,0.0
1648,828.0,87800.0,0.0
1649,829.0,87900.0,0.0
1650,830.0,88000.0,0.0
1651,831.0,88100.0,0.0
1652,832.0,88200.0,0.0
1653,833.0,88300.0,0.0
1654,834.0,88400.0,0.0
1655,835.0,88500.0,0.0
1656,836.0,88600.0,0.0
1657,837.0,88700.0,0.0
1658,838.0,88800.0,0.0
1659,839.0,88900.0,0.0
1660,830.0,88000.0,0.0
1661,831.0,88100.0,0.0
1662,832.0,88200.0,0.0
1663,833.0,88300.0,0.0
1664,834.0,88400.0,0.0
1665,835.0,88500.0,0.0
1666,836.0,88600.0,0.0
1667,837.0,88700.0,0.0
1668,838.0,88800.0,0.0
1669,839.0,88900.0,0.0
1670,840.0,89000.0,0.0
1671,841.0,89100.0,0.0
1672,842.0,89200.0,0.0
1673,843.0,89300.0,0.0
1674,844.0,89400.0,0.0
1675,845.0,89500.0,0.0
1676,846.0,89600.0,0.0
1677,847.0,89700.0,0.0
1678,848.0,89800.0,0.0
1679,849.0,89900.0,0.0
1680,840.0,89000.0,0.0
1681,841.0,89100.0,0.0
1682,842.0,89200.0,0.0
1683,843.0,89300.0,0.0
1684,844.0,89400.0,0.0
1685,845.0,89500.0,0.0
1686,846.0,89600.0,0.0
1687,847.0,89700.0,0.0
1688,848.0,89800.0,0.0
1689,849.0,89900.0,0.0
1690,850.0,90000.0,0.0
1691,851.0,90100.0,0.0
1692,852.0,90200.0,0.0
1693,853.0,90300.0,0.0
1694,854.0,90400.0,0.0
1695,855.0,90500.0,0.0
1696,856.0,90600.0,0.0
1697,857.0,90700.0,0.0
1698,858.0,90800.0,0.0
1699,859.0,90900.0,0.0
1700,850.0,90000.0,0.0
1701,851.0,90100.0,0.0
1702,852.0,90200.0,0.0
1703,853.0,90300.0,0.0
1704,854.0,90400.0,0.0
1705,855.0,90500.0,0.0
1706,856.0,90600.0,0.0
1707,857.0,90700.0,0.0
1708,858.0,90800.0,0.0
1709,859.0,90900.0,0.0
1710,860.0,91000.0,0.0
1711,861.0,91100.0,0.0
1712,862.0,91200.0,0.0
1713,863.0,91300.0,0.0
1714,864.0,91400.0,0.0
1715,865.0,91500.0,0.0
1716,866.0,91600.0,0.0
1717,867.0,91700.0,0.0
1718,868.0,91800.0,0.0
1719,869.0,91900.0,0.0
1720,860.0,91000.0,0.0
1721,861.0,91100.0,0.0
1722,862.0,91200.0,0.0
1723,863.0,91300.0,0.0
1724,864.0,91400.0,0.0
1725,865.0,91500.0,0.0
1726,866.0,91600.0,0.0
1727,867.0,91700.0,0.0
1728,868.0,91800.0,0.0
1729,869.0,91900.0,0.0
1730,870.0,92000.0,0.0
1731,871.0,92100.0,0.0
1732,872.0,92200.0,0.0
1733,873.0,92300.0,0.0
1734,874.0,92400.0,0.0
1735,875.0,92500.0,0.0
1736,876.0,92600.0,0.0
1737,877.0,92700.0,0.0
1738,878.0,92800.0,0.0
1739,879.0,92900.0,0.0
1740,870.0,92000.0,0.0
1741,871.0,92100.0,0.0
1742,872.0,92200.0,0.0
1743,873.0,92300.0,0.0
1744,874.0,92400.0,0.0
1745,875.0,92500.0,0.0
1746,876.0,92600.0,0.0
1747,877.0,92700.0,0.0
1748,878.0,92800.0,0.0
1749,879.0,92900.0,0.0
1750,880.0,93000.0,0.0
1751,881.0,93100.0,0.0
1752,882.0,93200.0,0.0
1753,883.0,93300.0,0.0
1754,884.0,93400.0,0.0
1755,885.0,93500.0,0.0
1756,886.0,93600.0,0.0
1757,887.0,93700.0,0.0
1758,888.0,93800.0,0.0
1759,889.0,93900.0,0.0
1760,880.0,93000.0,0.0
1761,881.0,93100.0,0.0
1762,882.0,93200.0,0.0
1763,883.0,93300.0,0.0
1764,884.0,93400.0,0.0
1765,885.0,93500.0,0.0
1766,886.0,93600.0,0.0
1767,887.0,93700.0,0.0
1768,888.0,93800.0,0.0
1769,889.0,93900.0,0.0
1770,890.0,94000.0,0.0
1771,891.0,94100.0,0.0
1772,892.0,94200.0,0.0
1773,893.0,94300.0,0.0
1774,894.0,94400.0,0.0
1775,895.0,94500.0,0.0
1776,896.0,94600.0,0.0
1777,897.0,94700.0,0.0
1778,898.0,94800.0,0.0
1779,899.0,94900.0,0.0
1780,890.0,94000.0,0.0
1781,891.0,94100.0,0.0
1782,892.0,94200.0,0.0
1783,893.0,94300.0,0.0
1784,894.0,94400.0,0.0
1785,895.0,94500.0,0.0
1786,896.0,94600.0,0.0
1787,897.0,94700.0,0.0
1788,898.0,94800.0,0.0
1789,899.0,94900.0,0.0
1790,900.0,95000.0,0.0
1791,901.0,95100.0,0.0
1792,902.0,95200.0,0.0
1793,903.0,95300.0,0.0
1794,904.0,95400.0,0.0
1795,905.0,95500.0,0.0
1796,906.0,95600.0,0.0
1797,907.0,95700.0,0.0
1798,908.0,95800.0,0.0
1799,909.0,95900.0,0.0
1800,900.0,95000.0,0.0
1801,901.0,95100.0,0.0
1802,902.0,95200.0,0.0
1803,903.0,95300.0,0.0
1804,904.0,95400.0,0.0
1805,905.0,95500.0,0.0
1806,906.0,95600.0,0.0
1807,907.0,95700.0,0.0
1808,908.0,95800.0,0.0
1809,909.0,95900.0,0.0
1810,910.0,96000.0,0.0
1811,911.0,96100.0,0.0
1812,912.0,96200.0,0.0
1813,913.0,96300.0,0.0
1814,914.0,96400.0,0.0
1815,915.0,96500.0,0.0
1816,916.0,96600.0,0.0
1817,917.0,96700.0,0.0
1818,918.0,96800.0,0.0
1819,919.0,96900.0,0.0
1820,910.0,96000.0,0.0
1821,911.0,96100.0,0.0
1822,912.0,96200.0,0.0
1823,913.0,96300.0,0.0
1824,914.0,96400.0,0.0
1825,915.0,96500.0,0.0
1826,916.0,96600.0,0.0
1827,917.0,96700.0,0.0
1828,918.0,96800.0,0.0
1829,919.0,96900.0,0.0
1830,920.0,97000.0,0.0
1831,921.0,97100.0,0.0
1832,922.0,97200.0,0.0
1833,923.0,97300.0,0.0
1834,924.0,97400.0,0.0
1835,925.0,97500.0,0.0
1836,926.0,97600.0,0.0
1837,927.0,97700.0,0.0
1838,928.0,97800.0,0.0
1839,929.0,97900.0,0.0
1840,920.0,97000.0,0.0
1841,921.0,97100.0,0.0
1842,922.0,97200.0,0.0
1843,923.0,97300.0,0.0
1844,924.0,97400.0,0.0
1845,925.0,97500.0,0.0
1846,926.0,97600.0,0.0
1847,927.0,97700.0,0.0
1848,928.0,97800.0,0.0
1849,929.0,97900.0,0.0
1850,930.0,98000.0,0.0
1851,931.0,98100.0,0.0
1852,932.0,98200.0,0.0
1853,933.0,98300.0,0.0
1854,934.0,98400.0,0.0
1855,935.0,98500.0,0.0
1856,936.0,98600.0,0.0
1857,937.0,98700.0,0.0
1858,938.0,98800.0,0.0
1859,939.0,98900.0,0.0
1860,930.0,98000.0,0.0
1861,931.0,98100.0,0.0
1862,932.0,98200.0,0.0
1863,933.0,98300.0,0.0
1864,934.0,98400.0,0.0
1865,935.0,98500.0,0.0
1866,936.0,98600.0,0.0
1867,937.0,98700.0,0.0
1868,938.0,98800.0,0.0
1869,939.0,98900.0,0.0
1870,940.0,99000.0,0.0
1871,941.0,99100.0,0.0
1872,942.0,99200.0,0.0
1873,943.0,99300.0,0.0
1874,944.0,99400.0,0.0
1875,945.0,99500.0,0.0
1876,946.0,99600.0,0.0
1877,947.0,99700.0,0.0
1878,948.0,99800.0,0.0
1879,949.0,99900.0,0.0
1880,940.0,99000.0,0.0
1881,941.0,99100.0,0.0
1882,942.0,99200.0,0.0
1883,943.0,99300.0,0.0
1884,944.0,99400.0,0.0
1885,945.0,99500.0,0.0
1886,946.0,99600.0,0.0
1887,947.0,99700.0,0.0
1888,948.0,99800.0,0.0
1889,949.0,99900.0,0.0
1890,950.0,100000.0,0.0
1891,951.0,100100.0,0.0
1892,952.0,100200.0,0.0
1893,953.0,100300.0,0.0
1894,954.0,100400.0,0.0
1895,955.0,100500.0,0.0
1896,956.0,100600.0,0.0
1897,957.0,100700.0,0.0
1898,958.0,100800.0,0.0
1899,959.0,100900.0,0.0
1900,950.0,100000.0,0.0
1901,951.0,100100.0,0.0
1902,952.0,100200.0,0.0
1903,953.0,100300.0,0.0
1904,954.0,100400.0,0.0
1905,955.0,100500.0,0.0
1906,956.0,100600.0,0.0
1907,957.0,100700.0,0.0
1908,958.0,100800.0,0.0
1909,959.0,100900.0,0.0
1910,960.0,101000.0,2.0
1911,961.0,101100.0,2.0
1912,962.0,101200.0,2.0
1913,963.0,101300.0,0.0
1914,964.0,101400.0,0.0
1915,965.0,101500.0,0.0
1916,966.0,101600.0,0.0
1917,967.0,101700.0,0.0
1918,968.0,101800.0,0.0
1919,969.0,101900.0,0.0
1920,960.0,101000.0,2.0
1921,961.0,101100.0,2.0
1922,962.0,101200.0,2.0
1923,963.0,101300.0,0.0
1924,964.0,101400.0,0.0
1925,965.0,101500.0,0.0
1926,966.0,101600.0,0.0
1927,967.0,101700.0,0.0
1928,968.0,101800.0,0.0
1929,969.0,101900.0,0.0
1930,970.0,102000.0,0.0
1931,971.0,102100.0,0.0
1932,972.0,102200.0,0.0
1933,973.0,102300.0,0.0
1934,974.0,102400.0,0.0
1935,975.0,102500.0,0.0
1936,976.0,102600.0,0.0
1937,977.0,102700.0,0.0
1938,978.0,102800.0,0.0
1939,979.0,102900.0,0.0
1940,970.0,102000.0,0.0
1941,971.0,102100.0,0.0
1942,972.0,102200.0,0.0
1943,973.0,102300.0,0.0
1944,974.0,102400.0,0.0
1945,975.0,102500.0,0.0
1946,976.0,102600.0,0.0
1947,977.0,102700.0,0.0
1948,978.0,102800.0,0.0
1949,979.0,102900.0,0.0
1950,980.0,103000.0,0.0
1951,981.0,103100.0,0.0
1952,982.0,103200.0,0.0
1953,983.0,103300.0,0.0
1954,984.0,103400.0,0.0
1955,985.0,103500.0,0.0
1956,986.0,103600.0,0.0
1957,987.0,103700.0,0.0
1958,988.0,103800.0,0.0
1959,989.0,103900.0,0.0
1960,980.0,103000.0,0.0
1961,981.0,103100.0,0.0
1962,982.0,103200.0,0.0
1963,983.0,103300.0,0.0
1964,984.0,103400.0,0.0
1965,985.0,103500.0,0.0
1966,986.0,103600.0,0.0
1967,987.0,103700.0,0.0
1968,988.0,103800.0,0.0
1969,989.0,103900.0,0.0
1970,990.0,104000.0,0.0
1971,991.0,104100.0,0.0
1972,992.0,104200.0,0.0
1973,993.0,104300.0,0.0
1974,994.0,104400.0,0.0
1975,995.0,104500.0,0.0
1976,996.0,104600.0,0.0
1977,997.0,104700.0,0.0
1978,998.0,104800.0,0.0
1979,999.0,104900.0,0.0
1980,990.0,104000.0,0.0
1981,991.0,104100.0,0.0
1982,992.0,104200.0,0.0
1983,993.0,104300.0,0.0
1984,994.0,104400.0,0.0
1985,995.0,104500.0,0.0
1986,996.0,104600.0,0.0
1987,997.0,104700.0,0.0
1988,998.0,104800.0,0.0
1989,999.0,104900.0,0.0
1990,1000.0,105000.0,0.0
1991,1001.0,105100.0,0.0
1992,1002.0,105200.0,0.0
1993,1003.0,105300.0,0.0
1994,1004.0,105400.0,0.0
1995,1005.0,105500.0,0.0
1996,1006.0,105600.0,0.0
1997,1007.0,105700.0,0.0
1998,1008.0,105800.0,0.0
1999,1009.0,105900.0,0.0
2000,1000.0,105000.0,0.0
2001,1001.0,105100.0,0.0
2002,1002.0,105200.0,0.0
2003,1003.0,105300.0,0.0
2004,1004.0,105400.0,0.0
2005,1005.0,105500.0,0.0
2006,1006.0,105600.0,0.0
2007,1007.0,105700.0,0.0
2008,1008.0,105800.0,0.0
2009,1009.0,105900.0,0.0
2010,1010.0,106000.0,0.0
2011,1011.0,106100.0,0.0
2012,1012.0,106200.0,0.0
2013,1013.0,106300.0,0.0
2014,1014.0,106400.0,0.0
2015,1015.0,106500.0,0.0
2016,1016.0,106600.0,0.0
2017,1017.0,106700.0,0.0
2018,1018.0,106800.0,0.0
2019,1019.0,106900.0,0.0
2020,1010.0,106000.0,0.0
2021,1011.0,106100.0,0.0
2022,1012.0,106200.0,0.0
2023,1013.0,106300.0,0.0
2024,1014.0,106400.0,0.0
2025,1015.0,106500.0,0.0
2026,1016.0,106600.0,0.0
2027,1017.0,106700.0,0.0
2028,1018.0,106800.0,0.0
2029,1019.0,106900.0,0.0
2030,1020.0,107000.0,0.0
2031,1021.0,107100.0,0.0
2032,1022.0,107200.0,0.0
2033,1023.0,107300.0,0.0
2034,1024.0,107400.0,0.0
2035,1025.0,107500.0,0.0
2036,1026.0,107600.0,0.0
2037,1027.0,107700.0,0.0
2038,1028.0,107800.0,0.0
2039,1029.0,107900.0,0.0
2040,1020.0,107000.0,0.0
2041,1021.0,107100.0,0.0
2042,1022.0,107200.0,0.0
2043,1023.0,107300.0,0.0
2044,1024.0,107400.0,0.0
2045,1025.0,107500.0,0.0
2046,1026.0,107600.0,0.0
2047,1027.0,107700.0,0.0
2048,1028.0,107800.0,0.0
2049,1029.0,107900.0,0.0
2050,1030.0,108000.0,0.0
2051,1031.0,108100.0,0.0
2052,1032.0,108200.0,0.0
2053,1033.0,108300.0,0.0
2054,1034.0,108400.0,0.0
2055,1035.0,108500.0,0.0
2056,1036.0,108600.0,0.0
2057,1037.0,108700.0,0.0
2058,1038.0,108800.0,0.0
2059,1039.0,108900.0,0.0
2060,1030.0,108000.0,0.0
2061,1031.0,108100.0,0.0
2062,1032.0,108200.0,0.0
2063,1033.0,108300.0,0.0
2064,1034.0,108400.0,0.0
2065,1035.0,108500.0,0.0
2066,1036.0,108600.0,0.0
2067,1037.0,108700.0,0.0
2068,1038.0,108800.0,0.0
2069,1039.0,108900.0,0.0
2070,1040.0,109000.0,0.0
2071,1041.0,109100.0,0.0
2072,1042.0,109200.0,0.0
2073,1043.0,109300.0,0.0
2074,1044.0,109400.0,0.0
2075,1045.0,109500.0,0.0
2076,1046.0,109600.0,0.0
2077,1047.0,109700.0,0.0
2078,1048.0,109800.0,0.0
2079,1049.0,109900.0,0.0
2080,1040.0,109000.0,0.0
2081,1041.0,109100.0,0.0
2082,1042.0,109200.0,0.0
2083,1043.0,109300.0,0.0
2084,1044.0,109400.0,0.0
2085,1045.0,109500.0,0.0
2086,1046.0,109600.0,0.0
2087,1047.0,109700.0,0.0
2088,1048.0,109800.0,0.0
2089,1049.0,109900.0,0.0
2090,1050.0,110000.0,0.0
2091,1051.0,110100.0,0.0
2092,1052.0,110200.0,0.0
2093,1053.0,110300.0,0.0
2094,1054.0,110400.0,0.0
2095,1055.0,110500.0,0.0
2096,1056.0,110600.0,0.0
2097,1057.0,110700.0,0.0
2098,1058.0,110800.0,0.0
2099,1059.0,110900.0,0.0
2100,1050.0,110000.0,0.0
2101,1051.0,110100.0,0.0
2102,1052.0,110200.0,0.0
2103,1053.0,110300.0,0.0
2104,1054.0,110400.0,0.0
2105,1055.0,110500.0,0.0
2106,1056.0,110600.0,0.0
2107,1057.0,110700.0,0.0
2108,1058.0,110800.0,0.0
2109,1059.0,110900.0,0.0
2110,1060.0,111000.0,0.0
2111,1061.0,111100.0,0.0
2112,1062.0,111200.0,0.0
2113,1063.0,111300.0,0.0
2114,1064.0,111400.0,0.0
2115,1065.0,111500.0,0.0
2116,1066.0,111600.0,0.0
2117,1067.0,111700.0,0.0
2118,1068.0,111800.0,0.0
2119,1069.0,111900.0,0.0
2120,1060.0,111000.0,0.0
2121,1061.0,111100.0,0.0
2122,1062.0,111200.0,0.0
2123,1063.0,111300.0,0.0
2124,1064.0,111400.0,0.0
2125,1065.0,111500.0,0.0
2126,1066.0,111600.0,0.0
2127,1067.0,111700.0,0.0
2128,1068.0,111800.0,0.0
2129,1069.0,111900.0,0.0
2130,1070.0,112000.0,0.0
2131,1071.0,112100.0,0.0
2132,1072.0,112200.0,0.0
2133,1073.0,112300.0,0.0
2134,1074.0,112400.0,0.0
2135,1075.0,112500.0,0.0
2136,1076.0,112600.0,0.0
2137,1077.0,112700.0,0.0
2138,1078.0,112800.0,0.0
2139,1079.0,112900.0,0.0
2140,1070.0,112000.0,0.0
2141,1071.0,112100.0,0.0
2142,1072.0,112200.0,0.0
2143,1073.0,112300.0,0.0
2144,1074.0,112400.0,0.0
2145,1075.0,112500.0,0.0
2146,1076.0,112600.0,0.0
2147,1077.0,112700.0,0.0
2148,1078.0,112800.0,0.0
2149,1079.0,112900.0,0.0
2150,1080.0,113000.0,0.0
2151,1081.0,113100.0,0.0
2152,1082.0,113200.0,0.0
2153,1083.0,113300.0,0.0
2154,1084.0,113400.0,0.0
2155,1085.0,113500.0,0.0
2156,1086.0,113600.0,0.0
2157,1087.0,113700.0,0.0
2158,1088.0,113800.0,0.0
2159,1089.0,113900.0,0.0
2160,1080.0,113000.0,0.0
2161,1081.0,113100.0,0.0
2162,1082.0,113200.0,0.0
2163,1083.0,113300.0,0.0
2164,1084.0,113400.0,0.0
2165,1085.0,113500.0,0.0
2166,1086.0,113600.0,0.0
2167,1087.0,113700.0,0.0
2168,1088.0,113800.0,0.0
2169,1089.0,113900.0,0.0
2170,1090.0,114000.0,0.0
2171,1091.0,114100.0,0.0
2172,1092.0,114200.0,0.0
2173,1093.0,114300.0,0.0
2174,1094.0,114400.0,0.0
2175,1095.0,114500.0,0.0
2176,1096.0,114600.0,0.0
2177,1097.0,114700.0,0.0
2178,1098.0,114800.0,0.0
2179,1099.0,114900.0,0.0
2180,1090.0,114000.0,0.0
2181,1091.0,114100.0,0.0
2182,1092.0,114200.0,0.0
2183,1093.0,114300.0,0.0
2184,1094.0,114400.0,0.0
2185,1095.0,114500.0,0.0
2186,1096.0,114600.0,0.0
2187,1097.0,114700.0,0.0
2188,1098.0,114800.0,0.0
2189,1099.0,114900.0,0.0
2190,1100.0,115000.0,0.0
2191,1101.0,115100.0,0.0
2192,1102.0,115200.0,0.0
2193,1103.0,115300.0,0.0
2194,1104.0,115400.0,0.0
2195,1105.0,115500.0,0.0
2196,1106.0,115600.0,0.0
2197,1107.0,115700.0,0.0
2198,1108.0,115800.0,0.0
2199,1109.0,115900.0,0.0
2200,1100.0,115000.0,0.0
2201,1101.0,115100.0,0.0
2202,1102.0,115200.0,0.0
2203,1103.0,115300.0,0.0
2204,1104.0,115400.0,0.0
2205,1105.0,115500.0,0.0
2206,1106.0,115600.0,0.0
2207,1107.0,115700.0,0.0
2208,1108.0,115800.0,0.0
2209,1109.0,115900.0,0.0
2210,1110.0,116000.0,0.0
2211,1111.0,116100.0,0.0
2212,1112.0,116200.0,0.0
2213,1113.0,116300.0,0.0
2214,1114.0,116400.0,0.0
2215,1115.0,116500.0,0.0
2216,1116.0,116600.0,0.0
2217,1117.0,116700.0,0.0
2218,1118.0,116800.0,0.0
2219,1119.0,116900.0,0.0
2220,1110.0,116000.0,0.0
2221,1111.0,116100.0,0.0
2222,1112.0,116200.0,0.0
2223,1113.0,116300.0,0.0
2224,1114.0,116400.0,0.0
2225,1115.0,116500.0,0.0
2226,1116.0,116600.0,0.0
2227,1117.0,116700.0,0.0
2228,1118.0,116800.0,0.0
2229,1119.0,116900.0,0.0
2230,1120.0,117000.0,0.0
2231,1121.0,117100.0,0.0
2232,1122.0,117200.0,0.0
2233,1123.0,117300.0,0.0
2234,1124.0,117400.0,0.0
2235,1125.0,117500.0,0.0
2236,1126.0,117600.0,0.0
2237,1127.0,117700.0,0.0
2238,1128.0,117800.0,0.0
2239,1129.0,117900.0,0.0
2240,1120.0,117000.0,0.0
2241,1121.0,117100.0,0.0
2242,1122.0,117200.0,0.0
2243,1123.0,117300.0,0.0
2244,1124.0,117400.0,0.0
2245,1125.0,117500.0,0.0
2246,1126.0,117600.0,0.0
2247,1127.0,117700.0,0.0
2248,1128.0,117800.0,0.0
2249,1129.0,117900.0,0.0
2250,1130.0,118000.0,0.0
2251,1131.0,118100.0,0.0
2252,1132.0,118200.0,0.0
2253,1133.0,118300.0,0.0
2254,1134.0,118400.0,0.0
2255,1135.0,118500.0,0.0
2256,1136.0,118600.0,0.0
2257,1137.0,118700.0,0.0
2258,1138.0,118800.0,0.0
2259,1139.0,118900.0,0.0
2260,1130.0,118000.0,0.0
2261,1131.0,118100.0,0.0
2262,1132.0,118200.0,0.0
2263,1133.0,118300.0,0.0
2264,1134.0,118400.0,0.0
2265,1135.0,118500.0,0.0
2266,1136.0,118600.0,0.0
2267,1137.0,118700.0,0.0
2268,1138.0,118800.0,0.0
2269,1139.0,118900.0,0.0
2270,1140.0,119000.0,0.0
2271,1141.0,119100.0,0.0
2272,1142.0,119200.0,0.0
2273,1143.0,119300.0,0.0
2274,1144.0,119400.0,0.0
2275,1145.0,119500.0,0.0
2276,1146.0,119600.0,0.0
2277,1147.0,119700.0,0.0
2278,1148.0,119800.0,0.0
2279,1149.0,119900.0,0.0
2280,1140.0,119000.0,0.0
2281,1141.0,119100.0,0.0
2282,1142.0,119200.0,0.0
2283,1143.0,119300.0,0.0
2284,1144.0,119400.0,0.0
2285,1145.0,119500.0,0.0
2286,1146.0,119600.0,0.0
2287,1147.0,119700.0,0.0
2288,1148.0,119800.0,0.0
2289,1149.0,119900.0,0.0
2290,1150.0,120000.0,0.0
2291,1151.0,120100.0,0.0
2292,1152.0,120200.0,0.0
2293,1153.0,120300.0,0.0
2294,1154.0,120400.0,0.0
2295,1155.0,120500.0,0.0
2296,1156.0,120600.0,0.0
2297,1157.0,120700.0,0.0
2298,1158.0,120800.0,0.0
2299,1159.0,120900.0,0.0
2300,1150.0,120000.0,0.0
2301,1151.0,120100.0,0.0
2302,1152.0,120200.0,0.0
2303,1153.0,120300.0,0.0
2304,1154.0,120400.0,0.0
2305,1155.0,120500.0,0.0
2306,1156.0,120600.0,0.0
2307,1157.0,120700.0,0.0
2308,1158.0,120800.0,0.0
2309,1159.0,120900.0,0.0
2310,1160.0,121000.0,0.0
2311,1161.0,121100.0,0.0
2312,1162.0,121200.0,0.0
2313,1163.0,121300.0,0.0
2314,1164.0,121400.0,0.0
2315,1165.0,121500.0,0.0
2316,1166.0,121600.0,0.0
2317,1167.0,121700.0,0.0
2318,1168.0,121800.0,0.0
2319,1169.0,121900.0,0.0
2320,1160.0,121000.0,0.0
2321,1161.0,121100.0,0.0
2322,1162.0,121200.0,0.0
2323,1163.0,121300.0,0.0
2324,1164.0,121400.0,0.0
2325,1165.0,121500.0,0.0
2326,1166.0,121600.0,0.0
2327,1167.0,121700.0,0.0
2328,1168.0,121800.0,0.0
2329,1169.0,121900.0,0.0
2330,1170.0,122000.0,0.0
2331,1171.0,122100.0,0.0
2332,1172.0,122200.0,0.0
2333,1173.0,122300.0,0.0
2334,1174.0,122400.0,0.0
2335,1175.0,122500.0,0.0
2336,1176.0,122600.0,0.0
2337,1177.0,122700.0,0.0
2338,1178.0,122800.0,0.0
2339,1179.0,122900.0,0.0
2340,1170.0,122000.0,0.0
2341,1171.0,122100.0,0.0
2342,1172.0,122200.0,0.0
2343,1173.0,122300.0,0.0
2344,1174.0,122400.0,0.0
2345,1175.0,122500.0,0.0
2346,1176.0,122600.0,0.0
2347,1177.0,122700.0,0.0
2348,1178.0,122800.0,0.0
2349,1179.0,122900.0,0.0
2350,1180.0,123000.0,0.0
2351,1181.0,123100.0,0.0
2352,1182.0,123200.0,0.0
2353,1183.0,123300.0,0.0
2354,1184.0,123400.0,0.0
2355,1185.0,123500.0,0.0
2356,1186.0,123600.0,0.0
2357,1187.0,123700.0,0.0
2358,1188.0,123800.0,0.0
2359,1189.0,123900.0,0.0
2360,1180.0,123000.0,0.0
2361,1181.0,123100.0,0.0
2362,1182.0,123200.0,0.0
2363,1183.0,123300.0,0.0
2364,1184.0,123400.0,0.0
2365,1185.0,123500.0,0.0
2366,1186.0,123600.0,0.0
2367,1187.0,123700.0,0.0
2368,1188.0,123800.0,0.0
2369,1189.0,123900.0,0.0
2370,1190.0,124000.0,0.0
2371,1191.0,124100.0,0.0
2372,1192.0,124200.0,0.0
2373,1193.0,124300.0,0.0
2374,1194.0,124400.0,0.0
2375,1195.0,124500.0,0.0
2376,1196.0,124600.0,0.0
2377,1197.0,124700.0,0.0
2378,1198.0,124800.0,0.0
2379,1199.0,124900.0,0.0
2380,1190.0,124000.0,0.0
2381,1191.0,124100.0,0.0
2382,1192.0,124200.0,0.0
2383,1193.0,124300.0,0.0
2384,1194.0,124400.0,0.0
2385,1195.0,124500.0,0.0
2386,1196.0,124600.0,0.0
2387,1197.0,124700.0,0.0
2388,1198.0,124800.0,0.0
2389,1199.0,124900.0,0.0
2390,1200.0,125000.0,0.0
2391,1201.0,125100.0,0.0
2392,1202.0,125200.0,0.0
2393,1203.0,125300.0,0.0
2394,1204.0,125400.0,0.0
2395,1205.0,125500.0,0.0
2396,1206.0,125600.0,0.0
2397,1207.0,125700.0,0.0
2398,1208.0,125800.0,0.0
2399,1209.0,125900.0,0.0
2400,1200.0,125000.0,0.0
2401,1201.0,125100.0,0.0
2402,1202.0,125200.0,0.0
2403,1203.0,125300.0,0.0
2404,1204.0,125400.0,0.0
2405,1205.0,125500.0,0.0
2406,1206.0,125600.0,0.0
2407,1207.0,125700.0,0.0
2408,1208.0,125800.0,0.0
2409,1209.0,125900.0,0.0
2410,1210.0,126000.0,0.0
2411,1211.0,126100.0,0.0
2412,1212.0,126200.0,0.0
2413,1213.0,126300.0,0.0
2414,1214.0,126400.0,0.0
2415,1215.0,126500.0,0.0
2416,1216.0,126600.0,0.0
2417,1217.0,126700.0,0.0
2418,1218.0,126800.0,0.0
2419,1219.0,126900.0,0.0
2420,1210.0,126000.0,0.0
2421,1211.0,126100.0,0.0
2422,1212.0,126200.0,0.0
2423,1213.0,126300.0,0.0
2424,1214.0,126400.0,0.0
2425,1215.0,126500.0,0.0
2426,1216.0,126600.0,0.0
2427,1217.0,126700.0,0.0
2428,1218.0,126800.0,0.0
2429,1219.0,126900.0,0.0
2430,1220.0,127000.0,0.0
2431,1221.0,127100.0,0.0
2432,1222.0,127200.0,0.0
2433,1223.0,127300.0,0.0
2434,1224.0,127400.0,0.0
2435,1225.0,127500.0,0.0
2436,1226.0,127600.0,0.0
2437,1227.0,127700.0,0.0
2438,1228.0,127800.0,0.0
2439,1229.0,127900.0,0.0
2440,1220.0,127000.0,0.0
2441,1221.0,127100.0,0.0
2442,1222.0,127200.0,0.0
2443,1223.0,127300.0,0.0
2444,1224.0,127400.0,0.0
2445,1225.0,127500.0,0.0
2446,1226.0,127600.0,0.0
2447,1227.0,127700.0,0.0
2448,1228.0,127800.0,0.0
2449,1229.0,127900.0,0.0
2450,1230.0,128000.0,0.0
2451,1231.0,128100.0,0.0
2452,1232.0,128200.0,0.0
2453,1233.0,128300.0,0.0
2454,1234.0,128400.0,0.0
2455,1235.0,128500.0,0.0
2456,1236.0,128600.0,0.0
2457,1237.0,128700.0,0.0
2458,1238.0,128800.0,0.0
2459,1239.0,128900.0,0.0
2460,1230.0,128000.0,0.0
2461,1231.0,128100.0,0.0
2462,1232.0,128200.0,0.0
2463,1233.0,128300.0,0.0
2464,1234.0,128400.0,0.0
2465,1235.0,128500.0,0.0
2466,1236.0,128600.0,0.0
2467,1237.0,128700.0,0.0
2468,1238.0,128800.0,0.0
2469,1239.0,128900.0,0.0
2470,1240.0,129000.0,0.0
2471,1241.0,129100.0,0.0
2472,1242.0,129200.0,0.0
2473,1243.0,129300.0,0.0
2474,1244.0,129400.0,0.0
2475,1245.0,129500.0,0.0
2476,1246.0,129600.0,0.0
2477,1247.0,129700.0,0.0
2478,1248.0,129800.0,0.0
2479,1249.0,129900.0,0.0
2480,1240.0,129000.0,0.0
2481,1241.0,129100.0,0.0
2482,1242.0,129200.0,0.0
2483,1243.0,129300.0,0.0
2484,1244.0,129400.0,0.0
2485,1245.0,129500.0,0.0
2486,1246.0,129600.0,0.0
2487,1247.0,129700.0,0.0
2488,1248.0,129800.0,0.0
2489,1249.0,129900.0,0.0
2490,1250.0,130000.0,0.0
2491,1251.0,130100.0,0.0
2492,1252.0,130200.0,0.0
2493,1253.0,130300.0,0.0
2494,1254.0,130400.0,0.0
2495,1255.0,130500.0,0.0
2496,1256.0,130600.0,0.0
2497,1257.0,130700.0,0.0
2498,1258.0,130800.0,0.0
2499,1259.0,130900.0,0.0
2500,1250.0,130000.0,0.0
2501,1251.0,130100.0,0.0
2502,1252.0,130200.0,0.0
2503,1253.0,130300.0,0.0
2504,1254.0,130400.0,0.0
2505,1255.0,130500.0,0.0
2506,1256.0,130600.0,0.0
2507,1257.0,130700.0,0.0
2508,1258.0,130800.0,0.0
2509,1259.0,130900.0,0.0
2510,1260.0,131000.0,0.0
2511,1261.0,131100.0,0.0
2512,1262.0,131200.0,0.0
2513,1263.0,131300.0,0.0
2514,1264.0,131400.0,0.0
2515,1265.0,131500.0,0.0
2516,1266.0,131600.0,0.0
2517,1267.0,131700.0,0.0
2518,1268.0,131800.0,0.0
2519,1269.0,131900.0,0.0
2520,1260.0,131000.0,0.0
2521,1261.0,131100.0,0.0
2522,1262.0,131200.0,0.0
2523,1263.0,131300.0,0.0
2524,1264.0,131400.0,0.0
2525,1265.0,131500.0,0.0
2526,1266.0,131600.0,0.0
2527,1267.0,131700.0,0.0
2528,1268.0,131800.0,0.0
2529,1269.0,131900.0,0.0
2530,1270.0,132000.0,0.0
2531,1271.0,132100.0,0.0
2532,1272.0,132200.0,0.0
2533,1273.0,132300.0,0.0
2534,1274.0,132400.0,0.0
2535,1275.0,132500.0,0.0
2536,1276.0,132600.0,0.0
2537,1277.0,132700.0,0.0
2538,1278.0,132800.0,0.0
2539,1279.0,132900.0,0.0
2540,1270.0,132000.0,0.0
2541,1271.0,132100.0,0.0
2542,1272.0,132200.0,0.0
2543,1273.0,132300.0,0.0
2544,1274.0,132400.0,0.0
2545,1275.0,132500.0,0.0
2546,1276.0,132600.0,0.0
2547,1277.0,132700.0,0.0
2548,1278.0,132800.0,0.0
2549,1279.0,132900.0,0.0
2550,1280.0,133000.0,0.0
2551,1281.0,133100.0,0.0
2552,1282.0,133200.0,0.0
2553,1283.0,133300.0,0.0
2554,1284.0,133400.0,0.0
2555,1285.0,133500.0,0.0
2556,1286.0,133600.0,0.0
2557,1287.0,133700.0,0.0
2558,1288.0,133800.0,0.0
2559,1289.0,133900.0,0.0
2560,1280.0,133000.0,0.0
2561,1281.0,133100.0,0.0
2562,1282.0,133200.0,0.0
2563,1283.0,133300.0,0.0
2564,1284.0,133400.0,0.0
2565,1285.0,133500.0,0.0
2566,1286.0,133600.0,0.0
2567,1287.0,133700.0,0.0
2568,1288.0,133800.0,0.0
2569,1289.0,133900.0,0.0
2570,1290.0,134000.0,0.0
2571,1291.0,134100.0,0.0
2572,1292.0,134200.0,0.0
2573,1293.0,134300.0,0.0
2574,1294.0,134400.0,0.0
2575,1295.0,134500.0,0.0
2576,1296.0,134600.0,0.0
2577,1297.0,134700.0,0.0
2578,1298.0,134800.0,0.0
2579,1299.0,134900.0,0.0
2580,1290.0,134000.0,0.0
2581,1291.0,134100.0,0.0
2582,1292.0,134200.0,0.0
2583,1293.0,134300.0,0.0
2584,1294.0,134400.0,0.0
2585,1295.0,134500.0,0.0
2586,1296.0,134600.0,0.0
2587,1297.0,134700.0,0.0
2588,1298.0,134800.0,0.0
2589,1299.0,134900.0,0.0
2590,1300.0,135000.0,0.0
2591,1301.0,135100.0,0.0
2592,1302.0,135200.0,0.0
2593,1303.0,135300.0,0.0
2594,1304.0,135400.0,0.0
2595,1305.0,135500.0,0.0
2596,1306.0,135600.0,0.0
2597,1307.0,135700.0,0.0
2598,1308.0,135800.0,0.0
2599,1309.0,135900.0,0.0
2600,1300.0,135000.0,0.0
2601,1301.0,135100.0,0.0
2602,1302.0,135200.0,0.0
2603,1303.0,135300.0,0.0
2604,1304.0,135400.0,0.0
2605,1305.0,135500.0,0.0
2606,1306.0,135600.0,0.0
2607,1307.0,135700.0,0.0
2608,1308.0,135800.0,0.0
2609,1309.0,135900.0,0.0
2610,1310.0,136000.0,0.0
2611,1311.0,136100.0,0.0
2612,1312.0,136200.0,0.0
2613,1313.0,136300.0,0.0
2614,1314.0,136400.0,0.0
2615,1315.0,136500.0,0.0
2616,1316.0,136600.0,0.0
2617,1317.0,136700.0,0.0
2618,1318.0,136800.0,0.0
2619,1319.0,136900.0,0.0
2620,1310.0,136000.0,0.0
2621,1311.0,136100.0,0.0
2622,1312.0,136200.0,0.0
2623,1313.0,136300.0,0.0
2624,1314.0,136400.0,0.0
2625,1315.0,136500.0,0.0
2626,1316.0,136600.0,0.0
2627,1317.0,136700.0,0.0
2628,1318.0,136800.0,0.0
2629,1319.0,136900.0,0.0
2630,1320.0,137000.0,0.0
2631,1321.0,137100.0,0.0
2632,1322.0,137200.0,0.0
2633,1323.0,137300.0,0.0
2634,1324.0,137400.0,0.0
2635,1325.0,137500.0,0.0
2636,1326.0,137600.0,0.0
2637,1327.0,137700.0,0.0
2638,1328.0,137800.0,0.0
2639,1329.0,137900.0,0.0
2640,1320.0,137000.0,0.0
2641,1321.0,137100.0,0.0
2642,1322.0,137200.0,0.0
2643,1323.0,137300.0,0.0
2644,1324.0,137400.0,0.0
2645,1325.0,137500.0,0.0
2646,1326.0,137600.0,0.0
2647,1327.0,137700.0,0.0
2648,1328.0,137800.0,0.0
2649,1329.0,137900.0,0.0
2650,1330.0,138000.0,0.0
2651,1331.0,138100.0,0.0
2652,1332.0,138200.0,0.0
2653,1333.0,138300.0,0.0
2654,1334.0,138400.0,0.0
2655,1335.0,138500.0,0.0
2656,1336.0,138600.0,0.0
2657,1337.0,138700.0,0.0
2658,1338.0,138800.0,0.0
2659,1339.0,138900.0,0.0
2660,1330.0,138000.0,0.0
2661,1331.0,138100.0,0.0
2662,1332.0,138200.0,0.0
2663,1333.0,138300.0,0.0
2664,1334.0,138400.0,0.0
2665,1335.0,138500.0,0.0
2666,1336.0,138600.0,0.0
2667,1337.0,138700.0,0.0
2668,1338.0,138800.0,0.0
2669,1339.0,138900.0,0.0
2670,1340.0,139000.0,0.0
2671,1341.0,139100.0,0.0
2672,1342.0,139200.0,0.0
2673,1343.0,139300.0,0.0
2674,1344.0,139400.0,0.0
2675,1345.0,139500.0,0.0
2676,1346.0,139600.0,0.0
2677,1347.0,139700.0,0.0
2678,1348.0,139800.0,0.0
2679,1349.0,139900.0,0.0
2680,1340.0,139000.0,0.0
2681,1341.0,139100.0,0.0
2682,1342.0,139200.0,0.0
2683,1343.0,139300.0,0.0
2684,1344.0,139400.0,0.0
2685,1345.0,139500.0,0.0
2686,1346.0,139600.0,0.0
2687,1347.0,139700.0,0.0
2688,1348.0,139800.0,0.0
2689,1349.0,139900.0,0.0
2690,1350.0,140000.0,0.0
2691,1351.0,140100.0,0.0
2692,1352.0,140200.0,0.0
2693,1353.0,140300.0,0.0
2694,1354.0,140400.0,0.0
2695,1355.0,140500.0,0.0
2696,1356.0,140600.0,0.0
2697,1357.0,140700.0,0.0
2698,1358.0,140800.0,0.0
2699,1359.0,140900.0,0.0
2700,1350.0,140000.0,0.0
2701,1351.0,140100.0,0.0
2702,1352.0,140200.0,0.0
2703,1353.0,140300.0,0.0
2704,1354.0,140400.0,0.0
2705,1355.0,140500.0,0.0
2706,1356.0,140600.0,0.0
2707,1357.0,140700.0,0.0
2708,1358.0,140800.0,0.0
2709,1359.0,140900.0,0.0
2710,1360.0,141000.0,0.0
2711,1361.0,141100.0,0.0
2712,1362.0,141200.0,0.0
2713,1363.0,141300.0,0.0
2714,1364.0,141400.0,0.0
2715,1365.0,141500.0,0.0
2716,1366.0,141600.0,0.0
2717,1367.0,141700.0,0.0
2718,1368.0,141800.0,0.0
2719,1369.0,141900.0,0.0
2720,1360.0,141000.0,0.0
2721,1361.0,141100.0,0.0
2722,1362.0,141200.0,0.0
2723,1363.0,141300.0,0.0
2724,1364.0,141400.0,0.0
2725,1365.0,141500.0,0.0
2726,1366.0,141600.0,0.0
2727,1367.0,141700.0,0.0
2728,1368.0,141800.0,0.0
2729,1369.0,141900.0,0.0
2730,1370.0,142000.0,0.0
2731,1371.0,142100.0,0.0
2732,1372.0,142200.0,0.0
2733,1373.0,142300.0,0.0
2734,1374.0,142400.0,0.0
2735,1375.0,142500.0,0.0
2736,1376.0,142600.0,0.0
2737,1377.0,142700.0,0.0
2738,1378.0,142800.0,0.0
2739,1379.0,142900.0,0.0
2740,1370.0,142000.0,0.0
2741,1371.0,142100.0,0.0
2742,1372.0,142200.0,0.0
2743,1373.0,142300.0,0.0
2744,1374.0,142400.0,0.0
2745,1375.0,142500.0,0.0
2746,1376.0,142600.0,0.0
2747,1377.0,142700.0,0.0
2748,1378.0,142800.0,0.0
2749,1379.0,142900.0,0.0
2750,1380.0,143000.0,0.0
2751,1381.0,143100.0,0.0
2752,1382.0,143200.0,0.0
2753,1383.0,143300.0,0.0
2754,1384.0,143400.0,0.0
2755,1385.0,143500.0,0.0
2756,1386.0,143600.0,0.0
2757,1387.0,143700.0,0.0
2758,1388.0,143800.0,0.0
2759,1389.0,143900.0,0.0
2760,1380.0,143000.0,0.0
2761,1381.0,143100.0,0.0
2762,1382.0,143200.0,0.0
2763,1383.0,143300.0,0.0
2764,1384.0,143400.0,0.0
2765,1385.0,143500.0,0.0
2766,1386.0,143600.0,0.0
2767,1387.0,143700.0,0.0
2768,1388.0,143800.0,0.0
2769,1389.0,143900.0,0.0
2770,1390.0,144000.0,0.0
2771,1391.0,144100.0,0.0
2772,1392.0,144200.0,0.0
2773,1393.0,144300.0,0.0
2774,1394.0,144400.0,0.0
2775,1395.0,144500.0,0.0
2776,1396.0,144600.0,0.0
2777,1397.0,144700.0,0.0
2778,1398.0,144800.0,0.0
2779,1399.0,144900.0,0.0
2780,1390.0,144000.0,0.0
2781,1391.0,144100.0,0.0
2782,1392.0,144200.0,0.0
2783,1393.0,144300.0,0.0
2784,1394.0,144400.0,0.0
2785,1395.0,144500.0,0.0
2786,1396.0,144600.0,0.0
2787,1397.0,144700.0,0.0
2788,1398.0,144800.0,0.0
2789,1399.0,144900.0,0.0
2790,1400.0,145000.0,0.0
2791,1401.0,145100.0,0.0
2792,1402.0,145200.0,0.0
2793,1403.0,145300.0,0.0
2794,1404.0,145400.0,0.0
2795,1405.0,145500.0,0.0
2796,1406.0,145600.0,0.0
2797,1407.0,145700.0,0.0
2798,1408.0,145800.0,0.0
2799,1409.0,145900.0,0.0
2800,1400.0,145000.0,0.0
2801,1401.0,145100.0,0.0
2802,1402.0,145200.0,0.0
2803,1403.0,145300.0,0.0
2804,1404.0,145400.0,0.0
2805,1405.0,145500.0,0.0
2806,1406.0,145600.0,0.0
2807,1407.0,145700.0,0.0
2808,1408.0,145800.0,0.0
2809,1409.0,145900.0,0.0
2810,1410.0,146000.0,0.0
2811,1411.0,146100.0,0.0
2812,1412.0,146200.0,0.0
2813,1413.0,146300.0,0.0
2814,1414.0,146400.0,0.0
2815,1415.0,146500.0,0.0
2816,1416.0,146600.0,0.0
2817,1417.0,146700.0,0.0
2818,1418.0,146800.0,0.0
2819,1419.0,146900.0,0.0
2820,1410.0,146000.0,0.0
2821,1411.0,146100.0,0.0
2822,1412.0,146200.0,0.0
2823,1413.0,146300.0,0.0
2824,1414.0,146400.0,0.0
2825,1415.0,146500.0,0.0
2826,1416.0,146600.0,0.0
2827,1417.0,146700.0,0.0
2828,1418.0,146800.0,0.0
2829,1419.0,146900.0,0.0
2830,1420.0,147000.0,0.0
2831,1421.0,147100.0,0.0
2832,1422.0,147200.0,0.0
2833,1423.0,147300.0,0.0
2834,1424.0,147400.0,0.0
2835,1425.0,147500.0,0.0
2836,1426.0,147600.0,0.0
2837,1427.0,147700.0,0.0
2838,1428.0,147800.0,0.0
2839,1429.0,147900.0,0.0
2840,1420.0,147000.0,0.0
2841,1421.0,147100.0,0.0
2842,1422.0,147200.0,0.0
2843,1423.0,147300.0,0.0
2844,1424.0,147400.0,0.0
2845,1425.0,147500.0,0.0
2846,1426.0,147600.0,0.0
2847,1427.0,147700.0,0.0
2848,1428.0,147800.0,0.0
2849,1429.0,147900.0,0.0
2850,1430.0,148000.0,0.0
2851,1431.0,148100.0,0.0
2852,1432.0,148200.0,0.0
2853,1433.0,148300.0,0.0
2854,1434.0,148400.0,0.0
2855,1435.0,148500.0,0.0
2856,1436.0,148600.0,0.0
2857,1437.0,148700.0,0.0
2858,1438.0,148800.0,0.0
2859,1439.0,148900.0,0.0
2860,1430.0,148000.0,0.0
2861,1431.0,148100.0,0.0
2862,1432.0,148200.0,0.0
2863,1433.0,148300.0,0.0
2864,1434.0,148400.0,0.0
2865,1435.0,148500.0,0.0
2866,1436.0,148600.0,0.0
2867,1437.0,148700.0,0.0
2868,1438.0,148800.0,0.0
2869,1439.0,148900.0,0.0
2870,1440.0,149000.0,0.0
2871,1441.0,149100.0,0.0
2872,1442.0,149200.0,0.0
2873,1443.0,149300.0,0.0
2874,1444.0,149400.0,0.0
2875,1445.0,149500.0,0.0
2876,1446.0,149600.0,0.0
2877,1447.0,149700.0,0.0
2878,1448.0,149800.0,0.0
2879,1449.0,149900.0,0.0
2880,1440.0,149000.0,0.0
2881,1441.0,149100.0,0.0
2882,1442.0,149200.0,0.0
2883,1443.0,149300.0,0.0
2884,1444.0,149400.0,0.0
2885,1445.0,149500.0,0.0
2886,1446.0,149600.0,0.0
2887,1447.0,149700.0,0.0
2888,1448.0,149800.0,0.0
2889,1449.0,149900.0,0.0
2890,1450.0,150000.0,0.0
2891,1451.0,150100.0,0.0
2892,1452.0,150200.0,0.0
2893,1453.0,150300.0,0.0
2894,1454.0,150400.0,0.0
2895,1455.0,150500.0,0.0
2896,1456.0,150600.0,0.0
2897,1457.0,150700.0,0.0
2898,1458.0,150800.0,0.0
2899,1459.0,150900.0,0.0
2900,1450.0,150000.0,0.0
2901,1451.0,150100.0,0.0
2902,1452.0,150200.0,0.0
2903,1453.0,150300.0,0.0
2904,1454.0,150400.0,0.0
2905,1455.0,150500.0,0.0
2906,1456.0,150600.0,0.0
2907,1457.0,150700.0,0.0
2908,1458.0,150800.0,0.0
2909,1459.0,150900.0,0.0
2910,1460.0,151000.0,0.0
2911,1461.0,151100.0,0.0
2912,1462.0,151200.0,0.0
2913,1463.0,151300.0,0.0
2914,1464.0,151400.0,0.0
2915,1465.0,151500.0,0.0
2916,1466.0,151600.0,0.0
2917,1467.0,151700.0,0.0
2918,1468.0,151800.0,0.0
2919,1469.0,151900.0,0.0
2920,1460.0,151000.0,0.0
2921,1461.0,151100.0,0.0
2922,1462.0,151200.0,0.0
2923,1463.0,151300.0,0.0
2924,1464.0,151400.0,0.0
2925,1465.0,151500.0,0.0
2926,1466.0,151600.0,0.0
2927,1467.0,151700.0,0.0
2928,1468.0,151800.0,0.0
2929,1469.0,151900.0,0.0
2930,1470.0,152000.0,0.0
2931,1471.0,152100.0,0.0
2932,1472.0,152200.0,0.0
2933,1473.0,152300.0,0.0
2934,1474.0,152400.0,0.0
2935,1475.0,152500.0,0.0
2936,1476.0,152600.0,0.0
2937,1477.0,152700.0,0.0
2938,1478.0,152800.0,0.0
2939,1479.0,152900.0,0.0
2940,1470.0,152000.0,0.0
2941,1471.0,152100.0,0.0
2942,1472.0,152200.0,0.0
2943,1473.0,152300.0,0.0
2944,1474.0,152400.0,0.0
2945,1475.0,152500.0,0.0
2946,1476.0,152600.0,0.0
2947,1477.0,152700.0,0.0
2948,1478.0,152800.0,0.0
2949,1479.0,152900.0,0.0
2950,1480.0,153000.0,0.0
2951,1481.0,153100.0,0.0
2952,1482.0,153200.0,0.0
2953,1483.0,153300.0,0.0
2954,1484.0,153400.0,0.0
2955,1485.0,153500.0,0.0
2956,1486.0,153600.0,0.0
2957,1487.0,153700.0,0.0
2958,1488.0,153800.0,0.0
2959,1489.0,153900.0,0.0
2960,1480.0,153000.0,0.0
2961,1481.0,153100.0,0.0
2962,1482.0,153200.0,0.0
2963,1483.0,153300.0,0.0
2964,1484.0,153400.0,0.0
2965,1485.0,153500.0,0.0
2966,1486.0,153600.0,0.0
2967,1487.0,153700.0,0.0
2968,1488.0,153800.0,0.0
2969,1489.0,153900.0,0.0
2970,1490.0,154000.0,0.0
2971,1491.0,154100.0,0.0
2972,1492.0,154200.0,0.0
2973,1493.0,154300.0,0.0
2974,1494.0,154400.0,0.0
2975,1495.0,154500.0,0.0
2976,1496.0,154600.0,0.0
2977,1497.0,154700.0,0.0
2978,1498.0,154800.0,0.0
2979,1499.0,154900.0,0.0
2980,1490.0,154000.0,0.0
2981,1491.0,154100.0,0.0
2982,1492.0,154200.0,0.0
2983,1493.0,154300.0,0.0
2984,1494.0,154400.0,0.0
2985,1495.0,154500.0,0.0
2986,1496.0,154600.0,0.0
2987,1497.0,154700.0,0.0
2988,1498.0,154800.0,0.0
2989,1499.0,154900.0,0.0
2990,1500.0,155000.0,0.0
2991,1501.0,155100.0,0.0
2992,1502.0,155200.0,0.0
2993,1503.0,155300.0,0.0
2994,1504.0,155400.0,0.0
2995,1505.0,155500.0,0.0
2996,1506.0,155600.0,0.0
2997,1507.0,155700.0,0.0
2998,1508.0,155800.0,0.0
2999,1509.0,155900.0,0.0
3000,1500.0,155000.0,0.0
3001,1501.0,155100.0,0.0
3002,1502.0,155200.0,0.0
3003,1503.0,155300.0,0.0
3004,1504.0,155400.0,0.0
3005,1505.0,155500.0,0.0
3006,1506.0,155600.0,0.0
3007,1507.0,155700.0,0.0
3008,1508.0,155800.0,0.0
3009,1509.0,155900.0,0.0
3010,1510.0,156000.0,0.0
3011,1511.0,156100.0,0.0
3012,1512.0,156200.0,0.0
3013,1513.0,156300.0,0.0
3014,1514.0,156400.0,0.0
3015,1515.0,156500.0,0.0
3016,1516.0,156600.0,0.0
3017,1517.0,156700.0,0.0
3018,1518.0,156800.0,0.0
3019,1519.0,156900.0,0.0
3020,1510.0,156000.0,0.0
3021,1511.0,156100.0,0.0
3022,1512.0,156200.0,0.0
3023,1513.0,156300.0,0.0
3024,1514.0,156400.0,0.0
3025,1515.0,156500.0,0.0
3026,1516.0,156600.0,0.0
3027,1517.0,156700.0,0.0
3028,1518.0,156800.0,0.0
3029,1519.0,156900.0,0.0
3030,1520.0,157000.0,0.0
3031,1521.0,157100.0,0.0
3032,1522.0,157200.0,0.0
3033,1523.0,157300.0,0.0
3034,1524.0,157400.0,0.0
3035,1525.0,157500.0,0.0
3036,1526.0,157600.0,0.0
3037,1527.0,157700.0,0.0
3038,1528.0,157800.0,0.0
3039,1529.0,157900.0,0.0
3040,1520.0,157000.0,0.0
3041,1521.0,157100.0,0.0
3042,1522.0,157200.0,0.0
3043,1523.0,157300.0,0.0
3044,1524.0,157400.0,0.0
3045,1525.0,157500.0,0.0
3046,1526.0,157600.0,0.0
3047,1527.0,157700.0,0.0
3048,1528.0,157800.0,0.0
3049,1529.0,157900.0,0.0
3050,1530.0,158000.0,0.0
3051,1531.0,158100.0,0.0
3052,1532.0,158200.0,0.0
3053,1533.0,158300.0,0.0
3054,1534.0,158400.0,0.0
3055,1535.0,158500.0,0.0
3056,1536.0,158600.0,0.0
3057,1537.0,158700.0,0.0
3058,1538.0,158800.0,0.0
3059,1539.0,158900.0,0.0
3060,1530.0,158000.0,0.0
3061,1531.0,158100.0,0.0
3062,1532.0,158200.0,0.0
3063,1533.0,158300.0,0.0
3064,1534.0,158400.0,0.0
3065,1535.0,158500.0,0.0
3066,1536.0,158600.0,0.0
3067,1537.0,158700.0,0.0
3068,1538.0,158800.0,0.0
3069,1539.0,158900.0,0.0
3070,1540.0,159000.0,0.0
3071,1541.0,159100.0,0.0
3072,1542.0,159200.0,0.0
3073,1543.0,159300.0,0.0
3074,1544.0,159400.0,0.0
3075,1545.0,159500.0,0.0
3076,1546.0,159600.0,0.0
3077,1547.0,159700.0,0.0
3078,1548.0,159800.0,0.0
3079,1549.0,159900.0,0.0
3080,1540.0,159000.0,0.0
3081,1541.0,159100.0,0.0
3082,1542.0,159200.0,0.0
3083,1543.0,159300.0,0.0
3084,1544.0,159400.0,0.0
3085,1545.0,159500.0,0.0
3086,1546.0,159600.0,0.0
3087,1547.0,159700.0,0.0
3088,1548.0,159800.0,0.0
3089,1549.0,159900.0,0.0
3090,1550.0,160000.0,0.0
3091,1551.0,160100.0,0.0
3092,1552.0,160200.0,0.0
3093,1553.0,160300.0,0.0
3094,1554.0,160400.0,0.0
3095,1555.0,160500.0,0.0
3096,1556.0,160600.0,0.0
3097,1557.0,160700.0,0.0
3098,1558.0,160800.0,0.0
3099,1559.0,160900.0,0.0
3100,1550.0,160000.0,0.0
3101,1551.0,160100.0,0.0
3102,1552.0,160200.0,0.0
3103,1553.0,160300.0,0.0
3104,1554.0,160400.0,0.0
3105,1555.0,160500.0,0.0
3106,1556.0,160600.0,0.0
3107,1557.0,160700.0,0.0
3108,1558.0,160800.0,0.0
3109,1559.0,160900.0,0.0
3110,1560.0,161000.0,0.0
3111,1561.0,161100.0,0.0
3112,1562.0,161200.0,0.0
3113,1563.0,161300.0,0.0
3114,1564.0,161400.0,0.0
3115,1565.0,161500.0,0.0
3116,1566.0,161600.0,0.0
3117,1567.0,161700.0,0.0
3118,1568.0,161800.0,0.0
3119,1569.0,161900.0,0.0
3120,1560.0,161000.0,0.0
3121,1561.0,161100.0,0.0
3122,1562.0,161200.0,0.0
3123,1563.0,161300.0,0.0
3124,1564.0,161400.0,0.0
3125,1565.0,161500.0,0.0
3126,1566.0,161600.0,0.0
3127,1567.0,161700.0,0.0
3128,1568.0,161800.0,0.0
3129,1569.0,161900.0,0.0
3130,1570.0,162000.0,0.0
3131,1571.0,162100.0,0.0
3132,1572.0,162200.0,0.0
3133,1573.0,162300.0,0.0
3134,1574.0,162400.0,0.0
3135,1575.0,162500.0,0.0
3136,1576.0,162600.0,0.0
3137,1577.0,162700.0,0.0
3138,1578.0,162800.0,0.0
3139,1579.0,162900.0,0.0
3140,1570.0,162000.0,0.0
3141,1571.0,162100.0,0.0
3142,1572.0,162200.0,0.0
3143,1573.0,162300.0,0.0
3144,1574.0,162400.0,0.0
3145,1575.0,162500.0,0.0
3146,1576.0,162600.0,0.0
3147,1577.0,162700.0,0.0
3148,1578.0,162800.0,0.0
3149,1579.0,162900.0,0.0
3150,1580.0,163000.0,0.0
3151,1581.0,163100.0,0.0
3152,1582.0,163200.0,0.0
3153,1583.0,163300.0,0.0
3154,1584.0,163400.0,0.0
3155,1585.0,163500.0,0.0
3156,1586.0,163600.0,0.0
3157,1587.0,163700.0,0.0
3158,1588.0,163800.0,0.0
3159,1589.0,163900.0,0.0
3160,1580.0,163000.0,0.0
3161,1581.0,163100.0,0.0
3162,1582.0,163200.0,0.0
3163,1583.0,163300.0,0.0
3164,1584.0,163400.0,0.0
3165,1585.0,163500.0,0.0
3166,1586.0,163600.0,0.0
3167,1587.0,163700.0,0.0
3168,1588.0,163800.0,0.0
3169,1589.0,163900.0,0.0
3170,1590.0,164000.0,0.0
3171,1591.0,164100.0,0.0
3172,1592.0,164200.0,0.0
3173,1593.0,164300.0,0.0
3174,1594.0,164400.0,0.0
3175,1595.0,164500.0,0.0
3176,1596.0,164600.0,0.0
3177,1597.0,164700.0,0.0
3178,1598.0,164800.0,0.0
3179,1599.0,164900.0,0.0
3180,1590.0,164000.0,0.0
3181,1591.0,164100.0,0.0
3182,1592.0,164200.0,0.0
3183,1593.0,164300.0,0.0
3184,1594.0,164400.0,0.0
3185,1595.0,164500.0,0.0
3186,1596.0,164600.0,0.0
3187,1597.0,164700.0,0.0
3188,1598.0,164800.0,0.0
3189,1599.0,164900.0,0.0
3190,1600.0,165000.0,0.0
3191,1601.0,165100.0,0.0
3192,1602.0,165200.0,0.0
3193,1603.0,165300.0,0.0
3194,1604.0,165400.0,0.0
3195,1605.0,165500.0,0.0
3196,1606.0,165600.0,0.0
3197,1607.0,165700.0,0.0
3198,1608.0,165800.0,0.0
3199,1609.0,165900.0,0.0
3200,1600.0,165000.0,0.0
3201,1601.0,165100.0,0.0
3202,1602.0,165200.0,0.0
3203,1603.0,165300.0,0.0
3204,1604.0,165400.0,0.0
3205,1605.0,165500.0,0.0
3206,1606.0,165600.0,0.0
3207,1607.0,165700.0,0.0
3208,1608.0,165800.0,0.0
3209,1609.0,165900.0,0.0
3210,1610.0,166000.0,0.0
3211,1611.0,166100.0,0.0
3212,1612.0,166200.0,0.0
3213,1613.0,166300.0,0.0
3214,1614.0,166400.0,0.0
3215,1615.0,166500.0,0.0
3216,1616.0,166600.0,0.0
3217,1617.0,166700.0,0.0
3218,1618.0,166800.0,0.0
3219,1619.0,166900.0,0.0
3220,1610.0,166000.0,0.0
3221,1611.0,166100.0,0.0
3222,1612.0,166200.0,0.0
3223,1613.0,166300.0,0.0
3224,1614.0,166400.0,0.0
3225,1615.0,166500.0,0.0
3226,1616.0,166600.0,0.0
3227,1617.0,166700.0,0.0
3228,1618.0,166800.0,0.0
3229,1619.0,166900.0,0.0
3230,1620.0,167000.0,0.0
3231,1621.0,167100.0,0.0
3232,1622.0,167200.0,0.0
3233,1623.0,167300.0,0.0
3234,1624.0,167400.0,0.0
3235,1625.0,167500.0,0.0
3236,1626.0,167600.0,0.0
3237,1627.0,167700.0,0.0
3238,1628.0,167800.0,0.0
3239,1629.0,167900.0,0.0
3240,1620.0,167000.0,0.0
3241,1621.0,167100.0,0.0
3242,1622.0,167200.0,0.0
3243,1623.0,167300.0,0.0
3244,1624.0,167400.0,0.0
3245,1625.0,167500.0,0.0
3246,1626.0,167600.0,0.0
3247,1627.0,167700.0,0.0
3248,1628.0,167800.0,0.0
3249,1629.0,167900.0,0.0
3250,1630.0,168000.0,0.0
3251,1631.0,168100.0,0.0
3252,1632.0,168200.0,0.0
3253,1633.0,168300.0,0.0
3254,1634.0,168400.0,0.0
3255,1635.0,168500.0,0.0
3256,1636.0,168600.0,0.0
3257,1637.0,168700.0,0.0
3258,1638.0,168800.0,0.0
3259,1639.0,168900.0,0.0
3260,1630.0,168000.0,0.0
3261,1631.0,168100.0,0.0
3262,1632.0,168200.0,0.0
3263,1633.0,168300.0,0.0
3264,1634.0,168400.0,0.0
3265,1635.0,168500.0,0.0
3266,1636.0,168600.0,0.0
3267,1637.0,168700.0,0.0
3268,1638.0,168800.0,0.0
3269,1639.0,168900.0,0.0
3270,1640.0,169000.0,0.0
3271,1641.0,169100.0,0.0
3272,1642.0,169200.0,0.0
3273,1643.0,169300.0,0.0
3274,1644.0,169400.0,0.0
3275,1645.0,169500.0,0.0
3276,1646.0,169600.0,0.0
3277,1647.0,169700.0,0.0
3278,1648.0,169800.0,0.0
3279,1649.0,169900.0,0.0
3280,1640.0,169000.0,0.0
3281,1641.0,169100.0,0.0
3282,1642.0,169200.0,0.0
3283,1643.0,169300.0,0.0
3284,1644.0,169400.0,0.0
3285,1645.0,169500.0,0.0
3286,1646.0,169600.0,0.0
3287,1647.0,169700.0,0.0
3288,1648.0,169800.0,0.0
3289,1649.0,169900.0,0.0
3290,1650.0,170000.0,0.0
3291,1651.0,170100.0,0.0
3292,1652.0,170200.0,0.0
3293,1653.0,170300.0,0.0
3294,1654.0,170400.0,0.0
3295,1655.0,170500.0,0.0
3296,1656.0,170600.0,0.0
3297,1657.0,170700.0,0.0
3298,1658.0,170800.0,0.0
3299,1659.0,170900.0,0.0
3300,1650.0,170000.0,0.0
3301,1651.0,170100.0,0.0
3302,1652.0,170200.0,0.0
3303,1653.0,170300.0,0.0
3304,1654.0,170400.0,0.0
3305,1655.0,170500.0,0.0
3306,1656.0,170600.0,0.0
3307,1657.0,170700.0,0.0
3308,1658.0,170800.0,0.0
3309,1659.0,170900.0,0.0
3310,1660.0,171000.0,0.0
3311,1661.0,171100.0,0.0
3312,1662.0,171200.0,0.0
3313,1663.0,171300.0,0.0
3314,1664.0,171400.0,0.0
3315,1665.0,171500.0,0.0
3316,1666.0,171600.0,0.0
3317,1667.0,171700.0,0.0
3318,1668.0,171800.0,0.0
3319,1669.0,171900.0,0.0
3320,1660.0,171000.0,0.0
3321,1661.0,171100.0,0.0
3322,1662.0,171200.0,0.0
3323,1663.0,171300.0,0.0
3324,1664.0,171400.0,0.0
3325,1665.0,171500.0,0.0
3326,1666.0,171600.0,0.0
3327,1667.0,171700.0,0.0
3328,1668.0,171800.0,0.0
3329,1669.0,171900.0,0.0
3330,1670.0,172000.0,0.0
3331,1671.0,172100.0,0.0
3332,1672.0,172200.0,0.0
3333,1673.0,172300.0,0.0
3334,1674.0,172400.0,0.0
3335,1675.0,172500.0,0.0
3336,1676.0,172600.0,0.0
3337,1677.0,172700.0,0.0
3338,1678.0,172800.0,0.0
3339,1679.0,172900.0,0.0
3340,1670.0,172000.0,0.0
3341,1671.0,172100.0,0.0
3342,1672.0,172200.0,0.0
3343,1673.0,172300.0,0.0
3344,1674.0,172400.0,0.0
3345,1675.0,172500.0,0.0
3346,1676.0,172600.0,0.0
3347,1677.0,172700.0,0.0
3348,1678.0,172800.0,0.0
3349,1679.0,172900.0,0.0
3350,1680.0,173000.0,0.0
3351,1681.0,173100.0,0.0
3352,1682.0,173200.0,0.0
3353,1683.0,173300.0,0.0
3354,1684.0,173400.0,0.0
3355,1685.0,173500.0,0.0
3356,1686.0,173600.0,0.0
3357,1687.0,173700.0,0.0
3358,1688.0,173800.0,0.0
3359,1689.0,173900.0,0.0
