,timestamp,uv
0,5000.0,0.0
1,5100.0,0.0
2,5200.0,0.0
3,5300.0,0.0
4,5400.0,0.0
5,5500.0,0.0
6,5600.0,0.0
7,5700.0,0.0
8,5800.0,0.0
9,5900.0,0.0
10,6000.0,0.0
11,6100.0,0.0
12,6200.0,0.0
13,6300.0,0.0
14,6400.0,0.0
15,6500.0,0.0
16,6600.0,0.0
17,6700.0,0.0
18,6800.0,0.0
19,6900.0,0.0
20,7000.0,0.0
21,7100.0,0.0
22,7200.0,0.0
23,7300.0,0.0
24,7400.0,0.0
25,7500.0,0.0
26,7600.0,0.0
27,7700.0,0.0
28,7800.0,0.0
29,7900.0,0.0
30,8000.0,0.0
31,8100.0,0.0
32,8200.0,0.0
33,8300.0,0.0
34,8400.0,0.0
35,8500.0,0.0
36,8600.0,0.0
37,8700.0,0.0
38,8800.0,0.0
39,8900.0,0.0
40,9000.0,0.0
41,9100.0,0.0
42,9200.0,0.0
43,9300.0,0.0
44,9400.0,0.0
45,9500.0,0.0
46,9600.0,0.0
47,9700.0,0.0
48,9800.0,0.0
49,9900.0,0.0
50,10000.0,0.0
51,10100.0,0.0
52,10200.0,0.0
53,10300.0,0.0
54,10400.0,0.0
55,10500.0,0.0
56,10600.0,0.0
57,10700.0,0.0
58,10800.0,0.0
59,10900.0,0.0
60,11000.0,0.0
61,11100.0,0.0
62,11200.0,0.0
63,11300.0,0.0
64,11400.0,0.0
65,11500.0,0.0
66,11600.0,0.0
67,11700.0,0.0
68,11800.0,0.0
69,11900.0,0.0
70,12000.0,0.0
71,12100.0,0.0
72,12200.0,0.0
73,12300.0,0.0
74,12400.0,0.0
75,12500.0,0.0
76,12600.0,0.0
77,12700.0,0.0
78,12800.0,0.0
79,12900.0,0.0
80,13000.0,0.0
81,13100.0,0.0
82,13200.0,0.0
83,13300.0,0.0
84,13400.0,0.0
85,13500.0,0.0
86,13600.0,0.0
87,13700.0,0.0
88,13800.0,0.0
89,13900.0,0.0
90,14000.0,0.0
91,14100.0,0.0
92,14200.0,0.0
93,14300.0,0.0
94,14400.0,0.0
95,14500.0,0.0
96,14600.0,0.0
97,14700.0,0.0
98,14800.0,0.0
99,14900.0,0.0
100,15000.0,0.0
101,15100.0,0.0
102,15200.0,0.0
103,15300.0,0.0
104,15400.0,0.0
105,15500.0,0.0
106,15600.0,0.0
107,15700.0,0.0
108,15800.0,0.0
109,15900.0,0.0
110,16000.0,0.0
111,16100.0,0.0
112,16200.0,0.0
113,16300.0,0.0
114,16400.0,0.0
115,16500.0,0.0
116,16600.0,0.0
117,16700.0,0.0
118,16800.0,0.0
119,16900.0,0.0
120,17000.0,0.0
121,17100.0,0.0
122,17200.0,0.0
123,17300.0,0.0
124,17400.0,0.0
125,17500.0,0.0
126,17600.0,0.0
127,17700.0,0.0
128,17800.0,0.0
129,17900.0,0.0
130,18000.0,0.0
131,18100.0,0.0
132,18200.0,0.0
133,18300.0,0.0
134,18400.0,0.0
135,18500.0,0.0
136,18600.0,0.0
137,18700.0,0.0
138,18800.0,0.0
139,18900.0,0.0
140,19000.0,0.0
141,19100.0,0.0
142,19200.0,0.0
143,19300.0,0.0
144,19400.0,0.0
145,19500.0,0.0
146,19600.0,0.0
147,19700.0,0.0
148,19800.0,0.0
149,19900.0,0.0
150,20000.0,0.0
151,20100.0,0.0
152,20200.0,0.0
153,20300.0,0.0
154,20400.0,0.0
155,20500.0,0.0
156,20600.0,0.0
157,20700.0,0.0
158,20800.0,0.0
159,20900.0,0.0
160,21000.0,0.0
161,21100.0,0.0
162,21200.0,0.0
163,21300.0,0.0
164,21400.0,0.0
165,21500.0,0.0
166,21600.0,0.0
167,21700.0,0.0
168,21800.0,0.0
169,21900.0,0.0
170,22000.0,0.0
171,22100.0,0.0
172,22200.0,0.0
173,22300.0,0.0
174,22400.0,0.0
175,22500.0,0.0
176,22600.0,0.0
177,22700.0,0.0
178,22800.0,0.0
179,22900.0,0.0
180,23000.0,0.0
181,23100.0,0.0
182,23200.0,0.0
183,23300.0,0.0
184,23400.0,0.0
185,23500.0,0.0
186,23600.0,0.0
187,23700.0,0.0
188,23800.0,0.0
189,23900.0,0.0
190,24000.0,0.0
191,24100.0,0.0
192,24200.0,0.0
193,24300.0,0.0
194,24400.0,0.0
195,24500.0,0.0
196,24600.0,0.0
197,24700.0,0.0
198,24800.0,0.0
199,24900.0,0.0
200,25000.0,0.0
201,25100.0,0.0
202,25200.0,0.0
203,25300.0,0.0
204,25400.0,0.0
205,25500.0,0.0
206,25600.0,0.0
207,25700.0,0.0
208,25800.0,0.0
209,25900.0,0.0
210,26000.0,0.0
211,26100.0,0.0
212,26200.0,0.0
213,26300.0,0.0
214,26400.0,0.0
215,26500.0,0.0
216,26600.0,0.0
217,26700.0,0.0
218,26800.0,0.0
219,26900.0,0.0
220,27000.0,0.0
221,27100.0,0.0
222,27200.0,0.0
223,27300.0,0.0
224,27400.0,0.0
225,27500.0,0.0
226,27600.0,0.0
227,27700.0,0.0
228,27800.0,0.0
229,27900.0,0.0
230,28000.0,0.0
231,28100.0,0.0
232,28200.0,0.0
233,28300.0,0.0
234,28400.0,0.0
235,28500.0,0.0
236,28600.0,0.0
237,28700.0,0.0
238,28800.0,0.0
239,28900.0,0.0
240,29000.0,0.0
241,29100.0,0.0
242,29200.0,0.0
243,29300.0,0.0
244,29400.0,0.0
245,29500.0,0.0
246,29600.0,0.0
247,29700.0,0.0
248,29800.0,0.0
249,29900.0,0.0
250,30000.0,0.0
251,30100.0,0.0
252,30200.0,0.0
253,30300.0,0.0
254,30400.0,0.0
255,30500.0,0.0
256,30600.0,0.0
257,30700.0,0.0
258,30800.0,0.0
259,30900.0,0.0
260,31000.0,0.0
261,31100.0,0.0
262,31200.0,0.0
263,31300.0,0.0
264,31400.0,0.0
265,31500.0,0.0
266,31600.0,0.0
267,31700.0,0.0
268,31800.0,0.0
269,31900.0,0.0
270,32000.0,0.0
271,32100.0,0.0
272,32200.0,0.0
273,32300.0,0.0
274,32400.0,0.0
275,32500.0,0.0
276,32600.0,0.0
277,32700.0,0.0
278,32800.0,0.0
279,32900.0,0.0
280,33000.0,0.0
281,33100.0,0.0
282,33200.0,0.0
283,33300.0,0.0
284,33400.0,0.0
285,33500.0,0.0
286,33600.0,0.0
287,33700.0,0.0
288,33800.0,0.0
289,33900.0,0.0
290,34000.0,0.0
291,34100.0,0.0
292,34200.0,0.0
293,34300.0,0.0
294,34400.0,0.0
295,34500.0,0.0
296,34600.0,0.0
297,34700.0,0.0
298,34800.0,0.0
299,34900.0,0.0
300,35000.0,0.0
301,35100.0,0.0
302,35200.0,0.0
303,35300.0,0.0
304,35400.0,0.0
305,35500.0,0.0
306,35600.0,0.0
307,35700.0,0.0
308,35800.0,0.0
309,35900.0,0.0
310,36000.0,0.0
311,36100.0,0.0
312,36200.0,0.0
313,36300.0,0.0
314,36400.0,0.0
315,36500.0,0.0
316,36600.0,0.0
317,36700.0,0.0
318,36800.0,0.0
319,36900.0,0.0
320,37000.0,0.0
321,37100.0,0.0
322,37200.0,0.0
323,37300.0,0.0
324,37400.0,0.0
325,37500.0,0.0
326,37600.0,0.0
327,37700.0,0.0
328,37800.0,0.0
329,37900.0,0.0
330,38000.0,0.0
331,38100.0,0.0
332,38200.0,0.0
333,38300.0,0.0
334,38400.0,0.0
335,38500.0,0.0
336,38600.0,0.0
337,38700.0,0.0
338,38800.0,0.0
339,38900.0,0.0
340,39000.0,0.0
341,39100.0,0.0
342,39200.0,0.0
343,39300.0,0.0
344,39400.0,0.0
345,39500.0,0.0
346,39600.0,0.0
347,39700.0,0.0
348,39800.0,0.0
349,39900.0,0.0
350,40000.0,0.0
351,40100.0,0.0
352,40200.0,0.0
353,40300.0,0.0
354,40400.0,0.0
355,40500.0,0.0
356,40600.0,0.0
357,40700.0,0.0
358,40800.0,0.0
359,40900.0,0.0
360,41000.0,0.0
361,41100.0,0.0
362,41200.0,0.0
363,41300.0,0.0
364,41400.0,0.0
365,41500.0,0.0
366,41600.0,0.0
367,41700.0,0.0
368,41800.0,0.0
369,41900.0,0.0
370,42000.0,0.0
371,42100.0,0.0
372,42200.0,0.0
373,42300.0,0.0
374,42400.0,0.0
375,42500.0,0.0
376,42600.0,0.0
377,42700.0,0.0
378,42800.0,0.0
379,42900.0,0.0
380,43000.0,0.0
381,43100.0,0.0
382,43200.0,0.0
383,43300.0,0.0
384,43400.0,0.0
385,43500.0,0.0
386,43600.0,0.0
387,43700.0,0.0
388,43800.0,0.0
389,43900.0,0.0
390,44000.0,0.0
391,44100.0,0.0
392,44200.0,0.0
393,44300.0,0.0
394,44400.0,0.0
395,44500.0,0.0
396,44600.0,0.0
397,44700.0,0.0
398,44800.0,0.0
399,44900.0,0.0
400,45000.0,0.0
401,45100.0,0.0
402,45200.0,0.0
403,45300.0,0.0
404,45400.0,0.0
405,45500.0,0.0
406,45600.0,0.0
407,45700.0,0.0
408,45800.0,0.0
409,45900.0,0.0
410,46000.0,0.0
411,46100.0,0.0
412,46200.0,0.0
413,46300.0,0.0
414,46400.0,0.0
415,46500.0,0.0
416,46600.0,0.0
417,46700.0,0.0
418,46800.0,0.0
419,46900.0,0.0
420,47000.0,0.0
421,47100.0,0.0
422,47200.0,0.0
423,47300.0,0.0
424,47400.0,0.0
425,47500.0,0.0
426,47600.0,0.0
427,47700.0,0.0
428,47800.0,0.0
429,47900.0,0.0
430,48000.0,0.0
431,48100.0,0.0
432,48200.0,0.0
433,48300.0,0.0
434,48400.0,0.0
435,48500.0,0.0
436,48600.0,0.0
437,48700.0,0.0
438,48800.0,0.0
439,48900.0,0.0
440,49000.0,0.0
441,49100.0,0.0
442,49200.0,0.0
443,49300.0,0.0
444,49400.0,0.0
445,49500.0,0.0
446,49600.0,0.0
447,49700.0,0.0
448,49800.0,0.0
449,49900.0,0.0
450,50000.0,0.0
451,50100.0,0.0
452,50200.0,0.0
453,50300.0,0.0
454,50400.0,0.0
455,50500.0,0.0
456,50600.0,0.0
457,50700.0,0.0
458,50800.0,0.0
459,50900.0,0.0
460,51000.0,0.0
461,51100.0,0.0
462,51200.0,0.0
463,51300.0,0.0
464,51400.0,0.0
465,51500.0,0.0
466,51600.0,0.0
467,51700.0,0.0
468,51800.0,0.0
469,51900.0,0.0
470,52000.0,0.0
471,52100.0,0.0
472,52200.0,0.0
473,52300.0,0.0
474,52400.0,0.0
475,52500.0,0.0
476,52600.0,0.0
477,52700.0,0.0
478,52800.0,0.0
479,52900.0,0.0
480,53000.0,0.0
481,53100.0,0.0
482,53200.0,0.0
483,53300.0,0.0
484,53400.0,0.0
485,53500.0,0.0
486,53600.0,0.0
487,53700.0,0.0
488,53800.0,0.0
489,53900.0,0.0
490,54000.0,0.0
491,54100.0,0.0
492,54200.0,0.0
493,54300.0,0.0
494,54400.0,0.0
495,54500.0,0.0
496,54600.0,0.0
497,54700.0,0.0
498,54800.0,0.0
499,54900.0,0.0
500,55000.0,0.0
501,55100.0,0.0
502,55200.0,0.0
503,55300.0,0.0
504,55400.0,0.0
505,55500.0,0.0
506,55600.0,0.0
507,55700.0,0.0
508,55800.0,0.0
509,55900.0,0.0
510,56000.0,0.0
511,56100.0,0.0
512,56200.0,0.0
513,56300.0,0.0
514,56400.0,0.0
515,56500.0,0.0
516,56600.0,0.0
517,56700.0,0.0
518,56800.0,0.0
519,56900.0,0.0
520,57000.0,0.0
521,57100.0,0.0
522,57200.0,0.0
523,57300.0,0.0
524,57400.0,0.0
525,57500.0,0.0
526,57600.0,0.0
527,57700.0,0.0
528,57800.0,0.0
529,57900.0,0.0
530,58000.0,0.0
531,58100.0,0.0
532,58200.0,0.0
533,58300.0,0.0
534,58400.0,0.0
535,58500.0,0.0
536,58600.0,0.0
537,58700.0,0.0
538,58800.0,0.0
539,58900.0,0.0
540,59000.0,0.0
541,59100.0,0.0
542,59200.0,0.0
543,59300.0,0.0
544,59400.0,0.0
545,59500.0,0.0
546,59600.0,0.0
547,59700.0,0.0
548,59800.0,0.0
549,59900.0,0.0
550,60000.0,0.0
551,60100.0,0.0
552,60200.0,0.0
553,60300.0,0.0
554,60400.0,0.0
555,60500.0,0.0
556,60600.0,0.0
557,60700.0,0.0
558,60800.0,0.0
559,60900.0,0.0
560,61000.0,0.0
561,61100.0,0.0
562,61200.0,0.0
563,61300.0,0.0
564,61400.0,0.0
565,61500.0,0.0
566,61600.0,0.0
567,61700.0,0.0
568,61800.0,0.0
569,61900.0,0.0
570,62000.0,0.0
571,62100.0,0.0
572,62200.0,0.0
573,62300.0,0.0
574,62400.0,0.0
575,62500.0,0.0
576,62600.0,0.0
577,62700.0,0.0
578,62800.0,0.0
579,62900.0,0.0
580,63000.0,0.0
581,63100.0,0.0
582,63200.0,0.0
583,63300.0,0.0
584,63400.0,0.0
585,63500.0,0.0
586,63600.0,0.0
587,63700.0,0.0
588,63800.0,0.0
589,63900.0,0.0
590,64000.0,0.0
591,64100.0,0.0
592,64200.0,0.0
593,64300.0,0.0
594,64400.0,0.0
595,64500.0,0.0
596,64600.0,0.0
597,64700.0,0.0
598,64800.0,0.0
599,64900.0,0.0
600,65000.0,0.0
601,65100.0,0.0
602,65200.0,0.0
603,65300.0,0.0
604,65400.0,0.0
605,65500.0,0.0
606,65600.0,0.0
607,65700.0,0.0
608,65800.0,0.0
609,65900.0,0.0
610,66000.0,0.0
611,66100.0,0.0
612,66200.0,0.0
613,66300.0,0.0
614,66400.0,0.0
615,66500.0,0.0
616,66600.0,0.0
617,66700.0,0.0
618,66800.0,0.0
619,66900.0,0.0
620,67000.0,0.0
621,67100.0,0.0
622,67200.0,0.0
623,67300.0,0.0
624,67400.0,0.0
625,67500.0,0.0
626,67600.0,0.0
627,67700.0,0.0
628,67800.0,0.0
629,67900.0,0.0
630,68000.0,0.0
631,68100.0,0.0
632,68200.0,0.0
633,68300.0,0.0
634,68400.0,0.0
635,68500.0,0.0
636,68600.0,0.0
637,68700.0,0.0
638,68800.0,0.0
639,68900.0,0.0
640,69000.0,0.0
641,69100.0,0.0
642,69200.0,0.0
643,69300.0,0.0
644,69400.0,0.0
645,69500.0,0.0
646,69600.0,0.0
647,69700.0,0.0
648,69800.0,0.0
649,69900.0,0.0
650,70000.0,0.0
651,70100.0,0.0
652,70200.0,0.0
653,70300.0,0.0
654,70400.0,0.0
655,70500.0,0.0
656,70600.0,0.0
657,70700.0,0.0
658,70800.0,0.0
659,70900.0,0.0
660,71000.0,0.0
661,71100.0,0.0
662,71200.0,0.0
663,71300.0,0.0
664,71400.0,0.0
665,71500.0,0.0
666,71600.0,0.0
667,71700.0,0.0
668,71800.0,0.0
669,71900.0,0.0
670,72000.0,0.0
671,72100.0,0.0
672,72200.0,0.0
673,72300.0,0.0
674,72400.0,0.0
675,72500.0,0.0
676,72600.0,0.0
677,72700.0,0.0
678,72800.0,0.0
679,72900.0,0.0
680,73000.0,0.0
681,73100.0,0.0
682,73200.0,0.0
683,73300.0,0.0
684,73400.0,0.0
685,73500.0,0.0
686,73600.0,0.0
687,73700.0,0.0
688,73800.0,0.0
689,73900.0,0.0
690,74000.0,0.0
691,74100.0,0.0
692,74200.0,0.0
693,74300.0,0.0
694,74400.0,0.0
695,74500.0,0.0
696,74600.0,0.0
697,74700.0,0.0
698,74800.0,0.0
699,74900.0,0.0
700,75000.0,0.0
701,75100.0,0.0
702,75200.0,0.0
703,75300.0,0.0
704,75400.0,0.0
705,75500.0,0.0
706,75600.0,0.0
707,75700.0,0.0
708,75800.0,0.0
709,75900.0,0.0
710,76000.0,0.0
711,76100.0,0.0
712,76200.0,0.0
713,76300.0,0.0
714,76400.0,0.0
715,76500.0,0.0
716,76600.0,0.0
717,76700.0,0.0
718,76800.0,0.0
719,76900.0,0.0
720,77000.0,0.0
721,77100.0,0.0
722,77200.0,0.0
723,77300.0,0.0
724,77400.0,0.0
725,77500.0,0.0
726,77600.0,0.0
727,77700.0,0.0
728,77800.0,0.0
729,77900.0,0.0
730,78000.0,0.0
731,78100.0,0.0
732,78200.0,0.0
733,78300.0,0.0
734,78400.0,0.0
735,78500.0,0.0
736,78600.0,0.0
737,78700.0,0.0
738,78800.0,0.0
739,78900.0,0.0
740,79000.0,0.0
741,79100.0,0.0
742,79200.0,0.0
743,79300.0,0.0
744,79400.0,0.0
745,79500.0,0.0
746,79600.0,0.0
747,79700.0,0.0
748,79800.0,0.0
749,79900.0,0.0
750,80000.0,0.0
751,80100.0,0.0
752,80200.0,0.0
753,80300.0,0.0
754,80400.0,0.0
755,80500.0,0.0
756,80600.0,0.0
757,80700.0,0.0
758,80800.0,0.0
759,80900.0,0.0
760,81000.0,0.0
761,81100.0,0.0
762,81200.0,0.0
763,81300.0,0.0
764,81400.0,0.0
765,81500.0,0.0
766,81600.0,0.0
767,81700.0,0.0
768,81800.0,0.0
769,81900.0,0.0
770,82000.0,0.0
771,82100.0,0.0
772,82200.0,0.0
773,82300.0,0.0
774,82400.0,0.0
775,82500.0,0.0
776,82600.0,0.0
777,82700.0,0.0
778,82800.0,0.0
779,82900.0,0.0
780,83000.0,0.0
781,83100.0,0.0
782,83200.0,0.0
783,83300.0,0.0
784,83400.0,0.0
785,83500.0,0.0
786,83600.0,0.0
787,83700.0,0.0
788,83800.0,0.0
789,83900.0,0.0
790,84000.0,0.0
791,84100.0,0.0
792,84200.0,0.0
793,84300.0,0.0
794,84400.0,0.0
795,84500.0,0.0
796,84600.0,0.0
797,84700.0,0.0
798,84800.0,0.0
799,84900.0,0.0
800,85000.0,0.0
801,85100.0,0.0
802,85200.0,0.0
803,85300.0,0.0
804,85400.0,0.0
805,85500.0,0.0
806,85600.0,0.0
807,85700.0,0.0
808,85800.0,0.0
809,85900.0,0.0
810,86000.0,0.0
811,86100.0,0.0
812,86200.0,0.0
813,86300.0,0.0
814,86400.0,0.0
815,86500.0,0.0
816,86600.0,0.0
817,86700.0,0.0
818,86800.0,0.0
819,86900.0,0.0
820,87000.0,0.0
821,87100.0,0.0
822,87200.0,0.0
823,87300.0,0.0
824,87400.0,0.0
825,87500.0,0.0
826,87600.0,0.0
827,87700.0,0.0
828,87800.0,0.0
829,87900.0,0.0
830,88000.0,0.0
831,88100.0,0.0
832,88200.0,0.0
833,88300.0,0.0
834,88400.0,0.0
835,88500.0,0.0
836,88600.0,0.0
837,88700.0,0.0
838,88800.0,0.0
839,88900.0,0.0
840,89000.0,0.0
841,89100.0,0.0
842,89200.0,0.0
843,89300.0,0.0
844,89400.0,0.0
845,89500.0,0.0
846,89600.0,0.0
847,89700.0,0.0
848,89800.0,0.0
849,89900.0,0.0
850,90000.0,0.0
851,90100.0,0.0
852,90200.0,0.0
853,90300.0,0.0
854,90400.0,0.0
855,90500.0,0.0
856,90600.0,0.0
857,90700.0,0.0
858,90800.0,0.0
859,90900.0,0.0
860,91000.0,0.0
861,91100.0,0.0
862,91200.0,0.0
863,91300.0,0.0
864,91400.0,0.0
865,91500.0,0.0
866,91600.0,0.0
867,91700.0,0.0
868,91800.0,0.0
869,91900.0,0.0
870,92000.0,0.0
871,92100.0,0.0
872,92200.0,0.0
873,92300.0,0.0
874,92400.0,0.0
875,92500.0,0.0
876,92600.0,0.0
877,92700.0,0.0
878,92800.0,0.0
879,92900.0,0.0
880,93000.0,0.0
881,93100.0,0.0
882,93200.0,0.0
883,93300.0,0.0
884,93400.0,0.0
885,93500.0,0.0
886,93600.0,0.0
887,93700.0,0.0
888,93800.0,0.0
889,93900.0,0.0
890,94000.0,0.0
891,94100.0,0.0
892,94200.0,0.0
893,94300.0,0.0
894,94400.0,0.0
895,94500.0,0.0
896,94600.0,0.0
897,94700.0,0.0
898,94800.0,0.0
899,94900.0,0.0
900,95000.0,0.0
901,95100.0,0.0
902,95200.0,0.0
903,95300.0,0.0
904,95400.0,0.0
905,95500.0,0.0
906,95600.0,0.0
907,95700.0,0.0
908,95800.0,0.0
909,95900.0,0.0
910,96000.0,0.0
911,96100.0,0.0
912,96200.0,0.0
913,96300.0,0.0
914,96400.0,0.0
915,96500.0,0.0
916,96600.0,0.0
917,96700.0,0.0
918,96800.0,0.0
919,96900.0,0.0
920,97000.0,0.0
921,97100.0,0.0
922,97200.0,0.0
923,97300.0,0.0
924,97400.0,0.0
925,97500.0,0.0
926,97600.0,0.0
927,97700.0,0.0
928,97800.0,0.0
929,97900.0,0.0
930,98000.0,0.0
931,98100.0,0.0
932,98200.0,0.0
933,98300.0,0.0
934,98400.0,0.0
935,98500.0,0.0
936,98600.0,0.0
937,98700.0,0.0
938,98800.0,0.0
939,98900.0,0.0
940,99000.0,0.0
941,99100.0,0.0
942,99200.0,0.0
943,99300.0,0.0
944,99400.0,0.0
945,99500.0,0.0
946,99600.0,0.0
947,99700.0,0.0
948,99800.0,0.0
949,99900.0,0.0
950,100000.0,0.0
951,100100.0,0.0
952,100200.0,0.0
953,100300.0,0.0
954,100400.0,0.0
955,100500.0,0.0
956,100600.0,0.0
957,100700.0,0.0
958,100800.0,0.0
959,100900.0,0.0
960,101000.0,0.0
961,101100.0,0.0
962,101200.0,0.0
963,101300.0,0.0
964,101400.0,0.0
965,101500.0,0.0
966,101600.0,0.0
967,101700.0,0.0
968,101800.0,0.0
969,101900.0,0.0
970,102000.0,0.0
971,102100.0,0.0
972,102200.0,0.0
973,102300.0,0.0
974,102400.0,0.0
975,102500.0,0.0
976,102600.0,0.0
977,102700.0,0.0
978,102800.0,0.0
979,102900.0,0.0
980,103000.0,0.0
981,103100.0,0.0
982,103200.0,0.0
983,103300.0,0.0
984,103400.0,0.0
985,103500.0,0.0
986,103600.0,0.0
987,103700.0,0.0
988,103800.0,0.0
989,103900.0,0.0
990,104000.0,0.0
991,104100.0,0.0
992,104200.0,0.0
993,104300.0,0.0
994,104400.0,0.0
995,104500.0,0.0
996,104600.0,0.0
997,104700.0,0.0
998,104800.0,0.0
999,104900.0,0.0
1000,105000.0,0.0
1001,105100.0,0.0
1002,105200.0,0.0
1003,105300.0,0.0
1004,105400.0,0.0
1005,105500.0,0.0
1006,105600.0,0.0
1007,105700.0,0.0
1008,105800.0,0.0
1009,105900.0,0.0
1010,106000.0,0.0
1011,106100.0,0.0
1012,106200.0,0.0
1013,106300.0,0.0
1014,106400.0,0.0
1015,106500.0,0.0
1016,106600.0,0.0
1017,106700.0,0.0
1018,106800.0,0.0
1019,106900.0,0.0
1020,107000.0,0.0
1021,107100.0,0.0
1022,107200.0,0.0
1023,107300.0,0.0
1024,107400.0,0.0
1025,107500.0,0.0
1026,107600.0,0.0
1027,107700.0,0.0
1028,107800.0,0.0
1029,107900.0,0.0
1030,108000.0,0.0
1031,108100.0,0.0
1032,108200.0,0.0
1033,108300.0,0.0
1034,108400.0,0.0
1035,108500.0,0.0
1036,108600.0,0.0
1037,108700.0,0.0
1038,108800.0,0.0
1039,108900.0,0.0
1040,109000.0,0.0
1041,109100.0,0.0
1042,109200.0,0.0
1043,109300.0,0.0
1044,109400.0,0.0
1045,109500.0,0.0
1046,109600.0,0.0
1047,109700.0,0.0
1048,109800.0,0.0
1049,109900.0,0.0
1050,110000.0,0.0
1051,110100.0,0.0
1052,110200.0,0.0
1053,110300.0,0.0
1054,110400.0,0.0
1055,110500.0,0.0
1056,110600.0,0.0
1057,110700.0,0.0
1058,110800.0,0.0
1059,110900.0,0.0
1060,111000.0,0.0
1061,111100.0,0.0
1062,111200.0,0.0
1063,111300.0,0.0
1064,111400.0,0.0
1065,111500.0,0.0
1066,111600.0,0.0
1067,111700.0,0.0
1068,111800.0,0.0
1069,111900.0,0.0
1070,112000.0,0.0
1071,112100.0,0.0
1072,112200.0,0.0
1073,112300.0,0.0
1074,112400.0,0.0
1075,112500.0,0.0
1076,112600.0,0.0
1077,112700.0,0.0
1078,112800.0,0.0
1079,112900.0,0.0
1080,113000.0,0.0
1081,113100.0,0.0
1082,113200.0,0.0
1083,113300.0,0.0
1084,113400.0,0.0
1085,113500.0,0.0
1086,113600.0,0.0
1087,113700.0,0.0
1088,113800.0,0.0
1089,113900.0,0.0
1090,114000.0,0.0
1091,114100.0,0.0
1092,114200.0,0.0
1093,114300.0,0.0
1094,114400.0,0.0
1095,114500.0,0.0
1096,114600.0,0.0
1097,114700.0,0.0
1098,114800.0,0.0
1099,114900.0,0.0
1100,115000.0,0.0
1101,115100.0,0.0
1102,115200.0,0.0
1103,115300.0,0.0
1104,115400.0,0.0
1105,115500.0,0.0
1106,115600.0,0.0
1107,115700.0,0.0
1108,115800.0,0.0
1109,115900.0,0.0
1110,116000.0,0.0
1111,116100.0,0.0
1112,116200.0,0.0
1113,116300.0,0.0
1114,116400.0,0.0
1115,116500.0,0.0
1116,116600.0,0.0
1117,116700.0,0.0
1118,116800.0,0.0
1119,116900.0,0.0
1120,117000.0,0.0
1121,117100.0,0.0
1122,117200.0,0.0
1123,117300.0,0.0
1124,117400.0,0.0
1125,117500.0,0.0
1126,117600.0,0.0
1127,117700.0,0.0
1128,117800.0,0.0
1129,117900.0,0.0
1130,118000.0,0.0
1131,118100.0,0.0
1132,118200.0,0.0
1133,118300.0,0.0
1134,118400.0,0.0
1135,118500.0,0.0
1136,118600.0,0.0
1137,118700.0,0.0
1138,118800.0,0.0
1139,118900.0,0.0
1140,119000.0,0.0
1141,119100.0,0.0
1142,119200.0,0.0
1143,119300.0,0.0
1144,119400.0,0.0
1145,119500.0,0.0
1146,119600.0,0.0
1147,119700.0,0.0
1148,119800.0,0.0
1149,119900.0,0.0
1150,120000.0,0.0
1151,120100.0,0.0
1152,120200.0,0.0
1153,120300.0,0.0
1154,120400.0,0.0
1155,120500.0,0.0
1156,120600.0,0.0
1157,120700.0,0.0
1158,120800.0,0.0
1159,120900.0,0.0
1160,121000.0,0.0
1161,121100.0,0.0
1162,121200.0,0.0
1163,121300.0,0.0
1164,121400.0,0.0
1165,121500.0,0.0
1166,121600.0,0.0
1167,121700.0,0.0
1168,121800.0,0.0
1169,121900.0,0.0
1170,122000.0,0.0
1171,122100.0,0.0
1172,122200.0,0.0
1173,122300.0,0.0
1174,122400.0,0.0
1175,122500.0,0.0
1176,122600.0,0.0
1177,122700.0,0.0
1178,122800.0,0.0
1179,122900.0,0.0
1180,123000.0,0.0
1181,123100.0,0.0
1182,123200.0,0.0
1183,123300.0,0.0
1184,123400.0,0.0
1185,123500.0,0.0
1186,123600.0,0.0
1187,123700.0,0.0
1188,123800.0,0.0
1189,123900.0,0.0
1190,124000.0,0.0
1191,124100.0,0.0
1192,124200.0,0.0
1193,124300.0,0.0
1194,124400.0,0.0
1195,124500.0,0.0
1196,124600.0,0.0
1197,124700.0,0.0
1198,124800.0,0.0
1199,124900.0,0.0
1200,125000.0,0.0
1201,125100.0,0.0
1202,125200.0,0.0
1203,125300.0,0.0
1204,125400.0,0.0
1205,125500.0,0.0
1206,125600.0,0.0
1207,125700.0,0.0
1208,125800.0,0.0
1209,125900.0,0.0
1210,126000.0,0.0
1211,126100.0,0.0
1212,126200.0,0.0
1213,126300.0,0.0
1214,126400.0,0.0
1215,126500.0,0.0
1216,126600.0,0.0
1217,126700.0,0.0
1218,126800.0,0.0
1219,126900.0,0.0
1220,127000.0,0.0
1221,127100.0,0.0
1222,127200.0,0.0
1223,127300.0,0.0
1224,127400.0,0.0
1225,127500.0,0.0
1226,127600.0,0.0
1227,127700.0,0.0
1228,127800.0,0.0
1229,127900.0,0.0
1230,128000.0,0.0
1231,128100.0,0.0
1232,128200.0,0.0
1233,128300.0,0.0
1234,128400.0,0.0
1235,128500.0,0.0
1236,128600.0,0.0
1237,128700.0,0.0
1238,128800.0,0.0
1239,128900.0,0.0
1240,129000.0,0.0
1241,129100.0,0.0
1242,129200.0,0.0
1243,129300.0,0.0
1244,129400.0,0.0
1245,129500.0,0.0
1246,129600.0,0.0
1247,129700.0,0.0
1248,129800.0,0.0
1249,129900.0,0.0
1250,130000.0,0.0
1251,130100.0,0.0
1252,130200.0,0.0
1253,130300.0,0.0
1254,130400.0,0.0
1255,130500.0,0.0
1256,130600.0,0.0
1257,130700.0,0.0
1258,130800.0,0.0
1259,130900.0,0.0
1260,131000.0,0.0
1261,131100.0,0.0
1262,131200.0,0.0
1263,131300.0,0.0
1264,131400.0,0.0
1265,131500.0,0.0
1266,131600.0,0.0
1267,131700.0,0.0
1268,131800.0,0.0
1269,131900.0,0.0
1270,132000.0,0.0
1271,132100.0,0.0
1272,132200.0,0.0
1273,132300.0,0.0
1274,132400.0,0.0
1275,132500.0,0.0
1276,132600.0,0.0
1277,132700.0,0.0
1278,132800.0,0.0
1279,132900.0,0.0
1280,133000.0,0.0
1281,133100.0,0.0
1282,133200.0,0.0
1283,133300.0,0.0
1284,133400.0,0.0
1285,133500.0,0.0
1286,133600.0,0.0
1287,133700.0,0.0
1288,133800.0,0.0
1289,133900.0,0.0
1290,134000.0,0.0
1291,134100.0,0.0
1292,134200.0,0.0
1293,134300.0,0.0
1294,134400.0,0.0
1295,134500.0,0.0
1296,134600.0,0.0
1297,134700.0,0.0
1298,134800.0,0.0
1299,134900.0,0.0
1300,135000.0,0.0
1301,135100.0,0.0
1302,135200.0,0.0
1303,135300.0,0.0
1304,135400.0,0.0
1305,135500.0,0.0
1306,135600.0,0.0
1307,135700.0,0.0
1308,135800.0,0.0
1309,135900.0,0.0
1310,136000.0,0.0
1311,136100.0,0.0
1312,136200.0,0.0
1313,136300.0,0.0
1314,136400.0,0.0
1315,136500.0,0.0
1316,136600.0,0.0
1317,136700.0,0.0
1318,136800.0,0.0
1319,136900.0,0.0
1320,137000.0,0.0
1321,137100.0,0.0
1322,137200.0,0.0
1323,137300.0,0.0
1324,137400.0,0.0
1325,137500.0,0.0
1326,137600.0,0.0
1327,137700.0,0.0
1328,137800.0,0.0
1329,137900.0,0.0
1330,138000.0,0.0
1331,138100.0,0.0
1332,138200.0,0.0
1333,138300.0,0.0
1334,138400.0,0.0
1335,138500.0,0.0
1336,138600.0,0.0
1337,138700.0,0.0
1338,138800.0,0.0
1339,138900.0,0.0
1340,139000.0,0.0
1341,139100.0,0.0
1342,139200.0,0.0
1343,139300.0,0.0
1344,139400.0,0.0
1345,139500.0,0.0
1346,139600.0,0.0
1347,139700.0,0.0
1348,139800.0,0.0
1349,139900.0,0.0
1350,140000.0,0.0
1351,140100.0,0.0
1352,140200.0,0.0
1353,140300.0,0.0
1354,140400.0,0.0
1355,140500.0,0.0
1356,140600.0,0.0
1357,140700.0,0.0
1358,140800.0,0.0
1359,140900.0,0.0
1360,141000.0,0.0
1361,141100.0,0.0
1362,141200.0,0.0
1363,141300.0,0.0
1364,141400.0,0.0
1365,141500.0,0.0
1366,141600.0,0.0
1367,141700.0,0.0
1368,141800.0,0.0
1369,141900.0,0.0
1370,142000.0,0.0
1371,142100.0,0.0
1372,142200.0,0.0
1373,142300.0,0.0
1374,142400.0,0.0
1375,142500.0,0.0
1376,142600.0,0.0
1377,142700.0,0.0
1378,142800.0,0.0
1379,142900.0,0.0
1380,143000.0,0.0
1381,143100.0,0.0
1382,143200.0,0.0
1383,143300.0,0.0
1384,143400.0,0.0
1385,143500.0,0.0
1386,143600.0,0.0
1387,143700.0,0.0
1388,143800.0,0.0
1389,143900.0,0.0
1390,144000.0,0.0
1391,144100.0,0.0
1392,144200.0,0.0
1393,144300.0,0.0
1394,144400.0,0.0
1395,144500.0,0.0
1396,144600.0,0.0
1397,144700.0,0.0
1398,144800.0,0.0
1399,144900.0,0.0
1400,145000.0,0.0
1401,145100.0,0.0
1402,145200.0,0.0
1403,145300.0,0.0
1404,145400.0,0.0
1405,145500.0,0.0
1406,145600.0,0.0
1407,145700.0,0.0
1408,145800.0,0.0
1409,145900.0,0.0
1410,146000.0,0.0
1411,146100.0,0.0
1412,146200.0,0.0
1413,146300.0,0.0
1414,146400.0,0.0
1415,146500.0,0.0
1416,146600.0,0.0
1417,146700.0,0.0
1418,146800.0,0.0
1419,146900.0,0.0
1420,147000.0,0.0
1421,147100.0,0.0
1422,147200.0,0.0
1423,147300.0,0.0
1424,147400.0,0.0
1425,147500.0,0.0
1426,147600.0,0.0
1427,147700.0,0.0
1428,147800.0,0.0
1429,147900.0,0.0
1430,148000.0,0.0
1431,148100.0,0.0
1432,148200.0,0.0
1433,148300.0,0.0
1434,148400.0,0.0
1435,148500.0,0.0
1436,148600.0,0.0
1437,148700.0,0.0
1438,148800.0,0.0
1439,148900.0,0.0
1440,149000.0,0.0
1441,149100.0,0.0
1442,149200.0,0.0
1443,149300.0,0.0
1444,149400.0,0.0
1445,149500.0,0.0
1446,149600.0,0.0
1447,149700.0,0.0
1448,149800.0,0.0
1449,149900.0,0.0
1450,150000.0,0.0
1451,150100.0,0.0
1452,150200.0,0.0
1453,150300.0,0.0
1454,150400.0,0.0
1455,150500.0,0.0
1456,150600.0,0.0
1457,150700.0,0.0
1458,150800.0,0.0
1459,150900.0,0.0
1460,151000.0,0.0
1461,151100.0,0.0
1462,151200.0,0.0
1463,151300.0,0.0
1464,151400.0,0.0
1465,151500.0,0.0
1466,151600.0,0.0
1467,151700.0,0.0
1468,151800.0,0.0
1469,151900.0,0.0
1470,152000.0,0.0
1471,152100.0,0.0
1472,152200.0,0.0
1473,152300.0,0.0
1474,152400.0,0.0
1475,152500.0,0.0
1476,152600.0,0.0
1477,152700.0,0.0
1478,152800.0,0.0
1479,152900.0,0.0
1480,153000.0,0.0
1481,153100.0,0.0
1482,153200.0,0.0
1483,153300.0,0.0
1484,153400.0,0.0
1485,153500.0,0.0
1486,153600.0,0.0
1487,153700.0,0.0
1488,153800.0,0.0
1489,153900.0,0.0
1490,154000.0,0.0
1491,154100.0,0.0
1492,154200.0,0.0
1493,154300.0,0.0
1494,154400.0,0.0
1495,154500.0,0.0
1496,154600.0,0.0
1497,154700.0,0.0
1498,154800.0,0.0
1499,154900.0,0.0
1500,155000.0,0.0
1501,155100.0,0.0
1502,155200.0,0.0
1503,155300.0,0.0
1504,155400.0,0.0
1505,155500.0,0.0
1506,155600.0,0.0
1507,155700.0,0.0
1508,155800.0,0.0
1509,155900.0,0.0
1510,156000.0,0.0
1511,156100.0,0.0
1512,156200.0,0.0
1513,156300.0,0.0
1514,156400.0,0.0
1515,156500.0,0.0
1516,156600.0,0.0
1517,156700.0,0.0
1518,156800.0,0.0
1519,156900.0,0.0
1520,157000.0,0.0
1521,157100.0,0.0
1522,157200.0,0.0
1523,157300.0,0.0
1524,157400.0,0.0
1525,157500.0,0.0
1526,157600.0,0.0
1527,157700.0,0.0
1528,157800.0,0.0
1529,157900.0,0.0
1530,158000.0,0.0
1531,158100.0,0.0
1532,158200.0,0.0
1533,158300.0,0.0
1534,158400.0,0.0
1535,158500.0,0.0
1536,158600.0,0.0
1537,158700.0,0.0
1538,158800.0,0.0
1539,158900.0,0.0
1540,159000.0,0.0
1541,159100.0,0.0
1542,159200.0,0.0
1543,159300.0,0.0
1544,159400.0,0.0
1545,159500.0,0.0
1546,159600.0,0.0
1547,159700.0,0.0
1548,159800.0,0.0
1549,159900.0,0.0
1550,160000.0,0.0
1551,160100.0,0.0
1552,160200.0,0.0
1553,160300.0,0.0
1554,160400.0,0.0
1555,160500.0,0.0
1556,160600.0,0.0
1557,160700.0,0.0
1558,160800.0,0.0
1559,160900.0,0.0
1560,161000.0,0.0
1561,161100.0,0.0
1562,161200.0,0.0
1563,161300.0,0.0
1564,161400.0,0.0
1565,161500.0,0.0
1566,161600.0,0.0
1567,161700.0,0.0
1568,161800.0,0.0
1569,161900.0,0.0
1570,162000.0,0.0
1571,162100.0,0.0
1572,162200.0,0.0
1573,162300.0,0.0
1574,162400.0,0.0
1575,162500.0,0.0
1576,162600.0,0.0
1577,162700.0,0.0
1578,162800.0,0.0
1579,162900.0,0.0
1580,163000.0,0.0
1581,163100.0,0.0
1582,163200.0,0.0
1583,163300.0,0.0
1584,163400.0,0.0
1585,163500.0,0.0
1586,163600.0,0.0
1587,163700.0,0.0
1588,163800.0,0.0
1589,163900.0,0.0
1590,164000.0,0.0
1591,164100.0,0.0
1592,164200.0,0.0
1593,164300.0,0.0
1594,164400.0,0.0
1595,164500.0,0.0
1596,164600.0,0.0
1597,164700.0,0.0
1598,164800.0,0.0
1599,164900.0,0.0
1600,165000.0,0.0
1601,165100.0,0.0
1602,165200.0,0.0
1603,165300.0,0.0
1604,165400.0,0.0
1605,165500.0,0.0
1606,165600.0,0.0
1607,165700.0,0.0
1608,165800.0,0.0
1609,165900.0,0.0
1610,166000.0,0.0
1611,166100.0,0.0
1612,166200.0,0.0
1613,166300.0,0.0
1614,166400.0,0.0
1615,166500.0,0.0
1616,166600.0,0.0
1617,166700.0,0.0
1618,166800.0,0.0
1619,166900.0,0.0
1620,167000.0,0.0
1621,167100.0,0.0
1622,167200.0,0.0
1623,167300.0,0.0
1624,167400.0,0.0
1625,167500.0,0.0
1626,167600.0,0.0
1627,167700.0,0.0
1628,167800.0,0.0
1629,167900.0,0.0
1630,168000.0,0.0
1631,168100.0,0.0
1632,168200.0,0.0
1633,168300.0,0.0
1634,168400.0,0.0
1635,168500.0,0.0
1636,168600.0,0.0
1637,168700.0,0.0
1638,168800.0,0.0
1639,168900.0,0.0
1640,169000.0,0.0
1641,169100.0,0.0
1642,169200.0,0.0
1643,169300.0,0.0
1644,169400.0,0.0
1645,169500.0,0.0
1646,169600.0,0.0
1647,169700.0,0.0
1648,169800.0,0.0
1649,169900.0,0.0
1650,170000.0,0.0
1651,170100.0,0.0
1652,170200.0,0.0
1653,170300.0,0.0
1654,170400.0,0.0
1655,170500.0,0.0
1656,170600.0,0.0
1657,170700.0,0.0
1658,170800.0,0.0
1659,170900.0,0.0
1660,171000.0,0.0
1661,171100.0,0.0
1662,171200.0,0.0
1663,171300.0,0.0
1664,171400.0,0.0
1665,171500.0,0.0
1666,171600.0,0.0
1667,171700.0,0.0
1668,171800.0,0.0
1669,171900.0,0.0
1670,172000.0,0.0
1671,172100.0,0.0
1672,172200.0,0.0
1673,172300.0,0.0
1674,172400.0,0.0
1675,172500.0,0.0
1676,172600.0,0.0
1677,172700.0,0.0
1678,172800.0,0.0
1679,172900.0,0.0
1680,173000.0,0.0
1681,173100.0,0.0
1682,173200.0,0.0
1683,173300.0,0.0
1684,173400.0,0.0
1685,173500.0,0.0
1686,173600.0,0.0
1687,173700.0,0.0
1688,173800.0,0.0
1689,173900.0,0.0
1690,174000.0,0.0
1691,174100.0,0.0
1692,174200.0,0.0
1693,174300.0,0.0
1694,174400.0,0.0
