timestamp,ax,ay,az
1483083331517,3.617947816848755,6.1256256103515625,-9.45164966583252
1483083331757,1.0001999139785767,2.5914268493652344,-9.985249519348145
1483083331960,-0.6412764191627502,2.335394859313965,-5.362315654754639
1483083332189,-2.9766712188720703,6.9344000816345215,-4.01037073135376
1483083332428,-1.3208380937576294,7.932207107543945,-4.369294166564941
1483083332668,-5.43170690536499,9.437292098999023,2.3736801147460938
1483083332907,-6.312265872955322,5.687739372253418,-0.7968099117279053
1483083333157,-4.766502857208252,7.618747234344482,-0.5599204897880554
1483083333386,-7.862814903259277,7.740781307220459,-1.2011969089508057
1483083333630,-2.9288151264190674,8.236095428466797,-1.931007981300354
1483083333866,-5.546562671661377,7.389035701751709,-2.2061824798583984
1483083334105,-5.158926010131836,6.994220733642578,-4.01037073135376
1483083334355,-5.091926097869873,6.276373863220215,-5.606383323669434
1483083334584,-5.048855781555176,5.383851051330566,-6.783651828765869
1483083334827,-5.101497650146484,6.872186660766602,-4.90528678894043
1483083335063,-5.178067684173584,8.358129501342773,-2.400001049041748
1483083335303,-5.044069766998291,8.11406135559082,-1.430907964706421
1483083335554,-5.14456844329834,7.884350299835205,-2.65842604637146
1483083335781,-5.010570526123047,8.274380683898926,-1.94297194480896
1483083336024,-4.981856822967529,8.178668022155762,-2.407179594039917
1483083336262,-5.0201416015625,8.10688304901123,-2.321038007736206
1483083336500,-5.082355499267578,8.226524353027344,-2.038684844970703
1483083336750,-4.948357105255127,8.891729354858398,-1.2705888748168945
1483083336978,-5.063212871551514,8.659625053405762,-1.6534404754638672
1483083337179,-5.058426856994629,8.432307243347168,-1.2993026971817017
1483083337419,-5.034498691558838,8.50887680053711,-1.2083754539489746
1483083337660,-4.953143119812012,8.444271087646484,-1.521835207939148
1483083337897,-5.0009989738464355,8.372486114501953,-1.9166508913040161
1483083338146,-5.015356063842773,8.327022552490234,-2.273181438446045
1483083338347,-4.986642360687256,8.329416275024414,-2.524427890777588
1483083338576,-4.948357105255127,8.312665939331055,-2.7565319538116455
1483083338816,-4.953143119812012,7.542177200317383,-3.3882367610931396
1483083339055,-5.0009989738464355,7.836494445800781,-3.397808313369751
1483083339294,-4.90528678894043,7.628318786621094,-3.6370904445648193
1483083339543,-4.886143684387207,7.518248558044434,-4.247260093688965
1483083339773,-4.900500774383545,7.420143127441406,-4.144368648529053
1483083340014,-5.010570526123047,5.824130058288574,-6.15673303604126
1483083340253,-4.814359188079834,6.0610198974609375,-5.733203411102295
1483083340492,-4.666004180908203,7.491927623748779,-4.749752521514893
1483083340742,-4.862215518951416,7.652246475219727,-3.8811583518981934
1483083340970,-4.948357105255127,6.8482584953308105,-4.752145767211914
1483083341211,-4.713860511779785,6.0466628074646,-5.907878875732422
1483083341451,-4.383650779724121,6.62333345413208,-5.374279499053955
1483083341690,-4.378865718841553,7.850851535797119,2.9383859634399414
1483083341942,-6.6520466804504395,9.073582649230957,4.438685894012451
1483083342171,-2.9527432918548584,3.799802303314209,-3.7160534858703613
1483083342408,-1.3591231107711792,-3.4911282062530518,-11.736795425415039
1483083342652,-1.7994027137756348,-1.8041881322860718,-11.600403785705566
1483083342887,-3.5509488582611084,0.2871387302875519,-7.867600917816162
1483083343139,-6.245267391204834,8.216952323913574,-0.2512463629245758
1483083343369,-4.675575256347656,9.159724235534668,0.3206382095813751
1483083343606,-5.283352375030518,8.22413158416748,-1.758724570274353
1483083343847,-5.149354457855225,7.7383880615234375,-1.8065810203552246
1483083344085,-5.039284706115723,8.501699447631836,-1.8544375896453857
1483083344334,-5.005784511566162,8.286344528198242,-2.3066811561584473
1483083344536,-4.8813581466674805,8.200202941894531,-2.084148406982422
1483083344767,-4.910072326660156,8.477770805358887,-1.947757601737976
1483083345003,-4.742574691772461,8.47298526763916,-1.9286150932312012
1483083345247,-4.742574691772461,8.219346046447754,-2.062613010406494
1483083345483,-4.766502857208252,8.910871505737305,-1.636690616607666
1483083345730,-4.689932346343994,8.358129501342773,-1.7156537771224976
1483083345933,-4.823930263519287,8.58305549621582,-1.495514154434204
1483083346161,-4.689932346343994,8.48734188079834,-1.6079767942428589
1483083346400,-4.465007305145264,8.482556343078613,-1.648654818534851
1483083346644,-4.838287353515625,8.640481948852539,-1.5170495510101318
1483083346878,-4.713860511779785,8.506484031677246,-1.4811571836471558
1483083347079,-4.852644443511963,8.401200294494629,-1.4141581058502197
1483083347330,-4.709074974060059,8.49691390991211,-1.574477195739746
1483083347559,-4.776073932647705,8.441878318786621,-1.576870083808899
1483083347797,-4.9292144775390625,8.370094299316406,-1.5409778356552124
1483083348038,-4.804787635803223,8.499305725097656,-1.6127625703811646
1483083348279,-4.876572608947754,8.518448829650879,-1.6869399547576904
1483083348528,-4.804787635803223,8.5160551071167,-1.7850456237792969
1483083348755,-4.627718925476074,8.5160551071167,-1.7395820617675781
1483083348956,-4.7473602294921875,8.530412673950195,-1.674975872039795
1483083349195,-4.800002098083496,8.451449394226074,-1.6342979669570923
1483083349434,-4.914857387542725,8.676375389099121,-1.6414762735366821
1483083349674,-4.800002098083496,8.47298526763916,-1.7132610082626343
1483083349925,-4.800002098083496,8.389235496520996,-1.5649060010910034
1483083350155,-4.785645484924316,8.47298526763916,-1.636690616607666
1483083350393,-4.833501815795898,8.551947593688965,-1.6630116701126099
1483083350633,-4.8191447257995605,8.45862865447998,-1.5912269353866577
1483083350871,-4.919642925262451,8.449056625366211,-1.6247265338897705
1483083351123,-4.843072891235352,8.551947593688965,-1.4045867919921875
1483083351355,-4.780859470367432,8.47059154510498,-1.4021940231323242
1483083351591,-4.852644443511963,8.482556343078613,-1.3782659769058228
1483083351830,-4.728217601776123,8.420342445373535,-1.4787644147872925
1483083352070,-4.843072891235352,8.501699447631836,-1.430907964706421
1483083352320,-4.900500774383545,8.523234367370605,-1.423729419708252
1483083352549,-4.761716842651367,8.528019905090332,-1.3782659769058228
1483083352787,-4.7712883949279785,8.554340362548828,-1.37587308883667
1483083353027,-4.833501815795898,8.441878318786621,-1.4500504732131958
1483083353270,-4.790431022644043,8.475377082824707,-1.5361920595169067
1483083353517,-4.876572608947754,8.566305160522461,-1.5361920595169067
1483083353745,-4.804787635803223,8.3629150390625,-1.4859429597854614
1483083353989,-4.852644443511963,8.47298526763916,-1.34476637840271
1483083354225,-4.862215518951416,8.606983184814453,-1.4165509939193726
1483083354468,-4.6995038986206055,8.542377471923828,-1.8065810203552246
1483083354719,-4.7473602294921875,8.415557861328125,-2.084148406982422
1483083354942,-4.919642925262451,8.331808090209961,-2.7349963188171387
1483083355144,-4.728217601776123,7.735995292663574,-3.5030922889709473
1483083355383,-4.709074974060059,7.934599876403809,-3.589233875274658
1483083355621,-4.704289436340332,7.891529560089111,-3.548555850982666
1483083355864,-4.689932346343994,7.980063438415527,-3.5748770236968994
1483083356113,-4.680361270904541,7.980063438415527,-3.4791641235351562
1483083356341,-4.65643310546875,7.908278465270996,-3.38105845451355
1483083356581,-4.6995038986206055,8.202595710754395,-3.3308091163635254
1483083356819,-4.570291519165039,7.22871732711792,-4.790431022644043
1483083357060,-4.398008346557617,6.632904052734375,-6.149554252624512
1483083357311,-4.35972261428833,6.750153064727783,-5.644669055938721
1483083357539,-4.488935470581055,6.891329765319824,-5.271388053894043
1483083357779,-4.742574691772461,6.8650078773498535,-4.989035129547119
1483083358018,-4.785645484924316,7.216752529144287,-4.893322467803955
1483083358257,-4.627718925476074,6.123232841491699,-5.5106706619262695
1483083358508,-4.59421968460083,5.142175674438477,-6.750153064727783
1483083358735,-4.828716278076172,8.221738815307617,-4.039084434509277
1483083358979,-5.469992637634277,9.078369140625,1.129412293434143
1483083359215,-6.929614543914795,6.589833736419678,3.2542388439178467
1483083359455,-3.728017807006836,4.01754903793335,-5.907878875732422
1483083359704,-2.0673987865448,-2.452643394470215,-10.006784439086914
1483083359933,-1.727617859840393,-0.2871387302875519,-12.270394325256348
1483083360177,-4.177868366241455,-0.3613162040710449,-8.248059272766113
1483083360413,-5.2354960441589355,4.7952165603637695,-6.008377552032471
1483083360653,-4.9435715675354,9.34157943725586,1.3495519161224365
1483083360903,-4.469792366027832,9.530611991882324,0.3254238963127136
1483083361131,-4.709074974060059,8.82233715057373,-1.5984054803848267
1483083361371,-4.618147850036621,8.796016693115234,-0.3397807776927948
1483083361611,-4.8574299812316895,8.721837997436523,-0.4043869972229004
1483083361870,-4.876572608947754,8.563912391662598,-0.6221339106559753
1483083362101,-4.7234320640563965,8.449056625366211,-0.6221339106559753
1483083362329,-4.756931304931641,8.482556343078613,-0.552742063999176
1483083362569,-4.867001533508301,8.350951194763184,-0.37806597352027893
1483083362807,-4.804787635803223,8.592625617980957,-0.47617170214653015
1483083363048,-4.895715236663818,8.499305725097656,-0.37088751792907715
1483083363299,-4.914857387542725,8.585447311401367,-0.45224347710609436
1483083363527,-4.910072326660156,8.539983749389648,-0.5886343717575073
1483083363765,-4.919642925262451,8.578269004821777,-0.4905286431312561
1483083363966,-5.053641319274902,8.532805442810059,-0.4450649619102478
1483083364205,-4.876572608947754,8.561518669128418,-0.5814558863639832
1483083364445,-4.948357105255127,8.346165657043457,-0.7226324081420898
1483083364695,-5.101497650146484,8.37727165222168,-0.8327022790908813
1483083364924,-5.048855781555176,8.628519058227539,-0.7417750358581543
1483083365165,-4.886143684387207,8.429913520812988,-0.8398807048797607
1483083365404,-5.0009989738464355,8.501699447631836,-0.7513462901115417
1483083365641,-4.871786594390869,8.35573673248291,-0.9212367534637451
1483083365843,-4.991428375244141,8.489734649658203,-0.8255237936973572
1483083366093,-5.0201416015625,8.544770240783691,-0.763310432434082
1483083366322,-4.924428939819336,8.640481948852539,-0.6508477926254272
1483083366561,-5.0201416015625,8.48016357421875,-0.7489535212516785
1483083366800,-5.0871405601501465,8.360522270202637,-0.9547362923622131
1483083367040,-4.996213912963867,8.379664421081543,-0.851844847202301
1483083367290,-5.111069202423096,8.47298526763916,-0.8159525394439697
1483083367519,-5.091926097869873,8.415557861328125,-0.8159525394439697
1483083367758,-5.048855781555176,8.499305725097656,-0.763310432434082
1483083368002,-5.120640754699707,8.415557861328125,-0.8757730722427368
1483083368238,-5.063212871551514,8.422735214233398,-0.8039883971214294
1483083368489,-5.115854740142822,8.427520751953125,-0.7106683850288391
1483083368718,-5.048855781555176,8.468198776245117,-0.6939185857772827
1483083368956,-5.125426292419434,8.293522834777832,-0.638883650302887
1483083369200,-5.134997367858887,8.396414756774902,-0.6412764191627502
1483083369435,-5.149354457855225,8.334200859069824,-0.5958128571510315
1483083369684,-5.182853698730469,8.3629150390625,-0.6005984544754028
1483083369885,-5.230710506439209,8.446663856506348,-0.5647061467170715
1483083370113,-5.149354457855225,8.24566650390625,-0.6891329884529114
1483083370353,-5.139782905578613,8.444271087646484,-0.696311354637146
1483083370596,-5.111069202423096,8.38444995880127,-0.7657032012939453
1483083370833,-5.197210788726807,8.389235496520996,-0.638883650302887
1483083371083,-5.120640754699707,8.341379165649414,-0.6173481941223145
1483083371310,-5.206782341003418,8.453842163085938,-0.6508477926254272
1483083371552,-5.230710506439209,8.408378601074219,-0.7274181246757507
1483083371790,-5.139782905578613,8.2695951461792,-0.9044869542121887
1483083372031,-5.139782905578613,8.446663856506348,-0.7513462901115417
1483083372280,-5.187639236450195,8.420342445373535,-0.7034898400306702
1483083372508,-5.173282146453857,8.396414756774902,-0.6005984544754028
1483083372749,-5.254639148712158,8.34855842590332,-0.6221339106559753
1483083372988,-5.2977094650268555,8.346165657043457,-0.6580261588096619
1483083373228,-5.14456844329834,8.286344528198242,-0.6149553656578064
1483083373478,-5.302494525909424,8.492127418518066,-0.5647061467170715
1483083373710,-5.216352939605713,8.279166221618652,-0.7345964908599854
1483083373946,-5.139782905578613,8.149953842163086,-1.5409778356552124
1483083374189,-5.201996326446533,8.410772323608398,-1.4452648162841797
1483083374425,-5.1637115478515625,8.188239097595215,-1.9262222051620483
1483083374676,-5.221138954162598,8.178668022155762,-2.00518536567688
1483083374904,-5.192424774169922,8.133204460144043,-1.8281164169311523
1483083375144,-5.053641319274902,8.109275817871094,-2.2851457595825195
1483083375387,-4.9435715675354,8.159524917602539,-2.423929214477539
1483083375622,-4.972285747528076,8.23130989074707,-2.612962245941162
1483083375873,-5.134997367858887,8.195417404174805,-2.366501569747925
1483083376102,-5.024927616119385,8.082954406738281,-2.6249265670776367
1483083376342,-5.048855781555176,8.12123966217041,-2.6321046352386475
1483083376583,-4.953143119812012,7.865207672119141,-2.971885919570923
1483083376820,-5.010570526123047,7.913064479827881,-2.967100143432617
1483083377073,-5.230710506439209,8.00399112701416,-2.8905296325683594
1483083377300,-5.048855781555176,7.692924976348877,-3.3260233402252197
1483083377539,-5.173282146453857,7.8317084312438965,-3.2303104400634766
1483083377779,-5.115854740142822,7.599604606628418,-3.38105845451355
1483083378020,-5.14456844329834,7.613961696624756,-3.390629768371582
1483083378271,-5.245067596435547,7.8795647621154785,-3.3714869022369385
1483083378497,-5.254639148712158,7.587640762329102,-3.263810157775879
1483083378736,-5.2115678787231445,7.410572052001953,-3.7232320308685303
1483083378976,-5.283352375030518,7.104290962219238,-4.673182487487793
1483083379218,-5.096712112426758,6.38165807723999,-5.48674201965332
1483083379468,-4.441079139709473,7.042076587677002,-5.520241737365723
1483083379697,-4.8574299812316895,7.317252159118652,-3.562912940979004
1483083379934,-4.8813581466674805,9.29611587524414,1.9142580032348633
1483083380174,-4.465007305145264,8.133204460144043,-1.3950155973434448
1483083380414,-6.068198204040527,9.06879711151123,3.8979082107543945
1483083380664,-4.484149932861328,7.080362319946289,-1.4572290182113647
1483083380893,-2.187039852142334,-2.7876384258270264,-10.396815299987793
1483083381132,-2.196611166000366,-2.232503652572632,-11.468798637390137
1483083381372,-4.441079139709473,1.0791629552841187,-7.6737823486328125
1483083381612,-4.34536600112915,7.984848976135254,0.7920243144035339
1483083381862,-3.9864425659179688,9.7005033493042,0.3397807776927948
1483083382090,-5.115854740142822,7.987241268157959,-1.1006983518600464
1483083382330,-5.048855781555176,8.614161491394043,-0.8327022790908813
1483083382569,-5.0009989738464355,8.396414756774902,-1.5409778356552124
1483083382811,-5.106283187866211,8.248059272766113,-1.56969153881073
1483083383060,-5.197210788726807,8.324630737304688,-1.674975872039795
1483083383288,-5.2115678787231445,8.104490280151367,-1.8185452222824097
1483083383528,-5.187639236450195,8.216952323913574,-1.7515461444854736
1483083383765,-5.154139995574951,8.417949676513672,-1.4093725681304932
1483083383966,-5.125426292419434,8.2695951461792,-1.3519448041915894
1483083384208,-5.216352939605713,8.346165657043457,-1.3710873126983643
1483083384457,-5.187639236450195,8.315058708190918,-1.4165509939193726
1483083384685,-5.2977094650268555,8.35573673248291,-1.373480200767517
1483083384925,-5.206782341003418,8.240880966186523,-1.37587308883667
1483083385133,-5.168497085571289,8.291130065917969,-1.4500504732131958
1483083385364,-5.240281581878662,7.951349258422852,-2.043470621109009
1483083385607,-5.154139995574951,8.161917686462402,-1.7324036359786987
1483083385854,-5.192424774169922,8.34855842590332,-1.7539390325546265
1483083386082,-5.120640754699707,8.183453559875488,-1.7706886529922485
1483083386322,-5.139782905578613,8.23130989074707,-1.7156537771224976
1483083386561,-5.149354457855225,8.288737297058105,-1.7682960033416748
1483083386801,-5.120640754699707,8.200202941894531,-1.6797614097595215
1483083387052,-5.149354457855225,8.240880966186523,-1.6677974462509155
1483083387280,-5.221138954162598,8.286344528198242,-1.6989041566848755
1483083387523,-5.173282146453857,8.190631866455078,-1.6677974462509155
1483083387759,-5.158926010131836,8.204988479614258,-1.6630116701126099
1483083387999,-5.173282146453857,8.250452041625977,-1.6654045581817627
1483083388249,-5.197210788726807,8.212166786193848,-1.6869399547576904
1483083388478,-5.096712112426758,8.212166786193848,-1.7467604875564575
1483083388679,-5.106283187866211,8.370094299316406,-1.8975083827972412
1483083388919,-5.2115678787231445,8.157133102416992,-1.6701902151107788
1483083389156,-5.245067596435547,8.085347175598145,-1.703689694404602
1483083389400,-5.216352939605713,8.23130989074707,-1.5936198234558105
1483083389651,-5.14456844329834,8.233702659606934,-1.4883356094360352
1483083389875,-5.225924491882324,8.293522834777832,-1.3950155973434448
1483083390119,-5.14456844329834,8.161917686462402,-1.4404792785644531
1483083390355,-5.192424774169922,8.281558990478516,-1.392622709274292
1483083390597,-5.091926097869873,8.350951194763184,-1.3998013734817505
1483083390844,-5.283352375030518,8.310273170471191,-1.4021940231323242
1483083391072,-5.2115678787231445,8.425127983093262,-1.3519448041915894
1483083391313,-5.187639236450195,8.358129501342773,-1.3782659769058228
1483083391553,-5.225924491882324,8.298308372497559,-1.3519448041915894
1483083391791,-5.187639236450195,8.25284481048584,-1.4069796800613403
1483083392042,-5.139782905578613,8.240880966186523,-1.3902300596237183
1483083392270,-5.225924491882324,8.204988479614258,-1.4333008527755737
1483083392510,-5.2115678787231445,8.243274688720703,-1.2729815244674683
1483083392747,-5.14456844329834,8.350951194763184,-1.495514154434204
1483083392949,-5.26899528503418,8.226524353027344,-1.3950155973434448
1483083393188,-5.058426856994629,8.216952323913574,-1.4548362493515015
1483083393438,-5.048855781555176,8.410772323608398,-1.495514154434204
1483083393667,-4.948357105255127,8.367700576782227,-1.4045867919921875
1483083393907,-5.024927616119385,8.425127983093262,-1.5361920595169067
1483083394146,-4.977071285247803,8.365307807922363,-1.526620864868164
1483083394386,-4.9435715675354,8.154739379882812,-1.852044701576233
1483083394637,-4.95792818069458,8.01356315612793,-2.266003131866455
1483083394865,-4.8813581466674805,8.257630348205566,-2.4119651317596436
1483083395105,-5.101497650146484,8.461020469665527,-2.1296122074127197
1483083395344,-4.833501815795898,7.357929229736328,-4.7234320640563965
1483083395584,-4.73300313949585,6.900900363922119,-5.283352375030518
1483083395834,-4.809573650360107,6.819544315338135,-5.2354960441589355
1483083396063,-4.900500774383545,7.960920810699463,-3.8572301864624023
1483083396306,-4.685146808624268,7.154539585113525,-4.5822553634643555
1483083396542,-4.9435715675354,6.486942291259766,-5.759523868560791
1483083396781,-4.7473602294921875,6.02512788772583,-6.474977493286133
1483083397033,-4.59421968460083,5.824130058288574,-5.623133182525635
1483083397261,-5.335994720458984,7.271787643432617,-2.3258235454559326
1483083397500,-3.7663028240203857,10.420742988586426,2.3090739250183105
1483083397738,-6.498906135559082,7.896315097808838,2.3306093215942383
1483083397939,-4.421936511993408,6.460620880126953,-1.9836499691009521
1483083398147,-2.8809585571289062,1.4787644147872925,-8.317451477050781
1483083398378,-2.8139593601226807,-1.4859429597854614,-10.442277908325195
1483083398629,-3.8811583518981934,-0.6699903011322021,-8.551947593688965
1483083398857,-3.7184462547302246,9.080761909484863,-2.5674986839294434
1483083399097,-4.493720531463623,9.741181373596191,-0.2751745879650116
1483083399339,-4.589433670043945,9.966106414794922,0.6125625967979431
1483083399576,-4.823930263519287,8.781659126281738,-0.48574298620224
1483083399823,-4.996213912963867,8.279166221618652,-1.3830513954162598
1483083400025,-5.158926010131836,8.343771934509277,0.07417750358581543
1483083400254,-5.082355499267578,8.09252643585205,0.8925228118896484
1483083400494,-5.206782341003418,8.408378601074219,0.784845769405365
1483083400732,-5.096712112426758,8.271987915039062,0.6508477926254272
1483083400934,-5.178067684173584,8.396414756774902,0.5288137793540955
1483083401172,-5.187639236450195,8.305487632751465,0.14356936514377594
1483083401421,-5.154139995574951,8.360522270202637,0.2512463629245758
1483083401651,-5.096712112426758,8.449056625366211,0.37088751792907715
1483083401891,-5.063212871551514,8.444271087646484,0.21296121180057526
1483083402131,-5.168497085571289,8.482556343078613,0.4809573292732239
1483083402370,-5.139782905578613,8.34855842590332,0.33738797903060913
1483083402620,-5.14456844329834,8.401200294494629,0.5120640397071838
1483083402851,-5.115854740142822,8.62612533569336,0.5383850932121277
1483083403089,-5.106283187866211,8.396414756774902,0.5455635190010071
1483083403329,-5.082355499267578,8.408378601074219,0.09092726558446884
1483083403568,-5.139782905578613,8.547162055969238,0.5024927258491516
1483083403817,-5.115854740142822,8.382057189941406,0.5694918036460876
1483083404048,-5.168497085571289,8.528019905090332,0.4618147313594818
1483083404285,-5.120640754699707,8.48016357421875,0.5359922647476196
1483083404486,-5.14456844329834,8.525627136230469,0.5503491759300232
1483083404727,-5.187639236450195,8.398807525634766,0.5862415432929993
1483083404965,-5.115854740142822,8.506484031677246,0.5599204897880554
1483083405215,-5.1637115478515625,8.432307243347168,0.6173481941223145
1483083405444,-5.149354457855225,8.441878318786621,0.5144568681716919
1483083405683,-5.154139995574951,8.432307243347168,0.5312066078186035
1483083405927,-5.154139995574951,8.420342445373535,0.5479563474655151
1483083406163,-5.2115678787231445,8.341379165649414,0.5766702890396118
1483083406414,-5.197210788726807,8.427520751953125,0.5862415432929993
1483083406642,-5.173282146453857,8.374878883361816,0.6125625967979431
1483083406881,-5.192424774169922,8.417949676513672,0.5575276613235474
1483083407124,-5.182853698730469,8.38684368133545,0.5455635190010071
1483083407362,-5.216352939605713,8.391629219055176,0.6245267391204834
1483083407612,-5.221138954162598,8.367700576782227,0.5910272002220154
1483083407839,-5.245067596435547,8.415557861328125,0.5623133182525635
1483083408082,-5.154139995574951,8.367700576782227,0.5551348924636841
1483083408319,-5.178067684173584,8.346165657043457,0.5575276613235474
1483083408520,-5.245067596435547,8.441878318786621,0.638883650302887
1483083408756,-5.230710506439209,8.315058708190918,0.638883650302887
1483083409008,-5.26899528503418,8.329416275024414,0.7202396392822266
1483083409236,-5.149354457855225,8.23130989074707,0.6819544434547424
1483083409476,-5.187639236450195,8.451449394226074,0.6580261588096619
1483083409716,-5.115854740142822,8.315058708190918,0.7202396392822266
1483083409955,-5.14456844329834,8.37727165222168,0.729810893535614
1483083410205,-5.14456844329834,8.401200294494629,0.7776673436164856
1483083410438,-5.192424774169922,8.394021987915039,0.3517449200153351
1483083410674,-5.168497085571289,8.566305160522461,-0.42352959513664246
1483083410913,-4.986642360687256,8.011170387268066,-2.1056838035583496
1483083411114,-4.8574299812316895,7.695317268371582,-3.751945972442627
1483083411353,-4.862215518951416,7.247859954833984,-3.9672999382019043
1483083411604,-4.756931304931641,7.913064479827881,-3.81655216217041
1483083411832,-4.766502857208252,7.982456684112549,-4.1970109939575195
1483083412072,-4.685146808624268,6.920042991638184,-5.467599868774414
1483083412311,-4.709074974060059,6.403193473815918,-5.314458847045898
1483083412550,-4.59421968460083,5.860023021697998,-6.649653911590576
1483083412802,-4.527220726013184,5.328815937042236,-6.393621921539307
1483083413029,-4.728217601776123,6.063412666320801,-6.345765590667725
1483083413271,-5.101497650146484,8.3629150390625,-2.447857618331909
1483083413508,-4.460221290588379,7.855636119842529,-1.9238293170928955
1483083413747,-7.034898281097412,8.14516830444336,3.531806230545044
1483083413998,-2.6560330390930176,0.97148597240448,-6.939186096191406
1483083414227,-1.8089739084243774,-0.9762716889381409,-12.098111152648926
1483083414469,-1.6271194219589233,-0.062213387340307236,-9.047262191772461
1483083414706,-5.010570526123047,2.376072883605957,-5.651846885681152
1483083414949,-3.9146575927734375,8.882158279418945,3.541377305984497
1483083415199,-4.225724697113037,9.396614074707031,1.246660590171814
1483083415432,-4.6372904777526855,9.154938697814941,-0.4043869972229004
1483083415664,-4.948357105255127,8.554340362548828,-0.6699903011322021
1483083415903,-4.804787635803223,8.50887680053711,-0.27756744623184204
1483083416147,-4.886143684387207,8.729016304016113,-0.6029912829399109
1483083416397,-5.029713153839111,8.587841033935547,-0.3158525824546814
1483083416622,-5.2115678787231445,8.353343963623047,-0.27756744623184204
1483083416862,-5.359922409057617,8.219346046447754,-0.6580261588096619
1483083417102,-5.2977094650268555,8.09252643585205,-0.5168496966362
1483083417345,-5.26899528503418,8.662017822265625,-0.4091726541519165
1483083417592,-5.245067596435547,8.190631866455078,-0.7226324081420898
1483083417820,-5.2977094650268555,8.437092781066895,-0.5718846321105957
1483083418060,-5.178067684173584,8.396414756774902,-0.44027936458587646
1483083418299,-5.178067684173584,8.360522270202637,-0.48574298620224
1483083418504,-5.187639236450195,8.394021987915039,-0.4498506784439087
1483083418737,-5.125426292419434,8.34855842590332,-0.35413774847984314
1483083418986,-4.986642360687256,8.681159973144531,-0.4666004180908203
1483083419189,-5.4556355476379395,8.616554260253906,-0.06699903309345245
1483083419417,-5.168497085571289,8.37727165222168,-0.2751745879650116
1483083419660,-5.197210788726807,8.425127983093262,-0.25363919138908386
1483083419895,-5.130211353302002,8.341379165649414,-0.17946170270442963
1483083420135,-5.197210788726807,8.48016357421875,-0.3278167247772217
1483083420385,-5.225924491882324,8.343771934509277,-0.2512463629245758
1483083420613,-5.225924491882324,8.398807525634766,-0.35892340540885925
1483083420857,-5.178067684173584,8.530412673950195,-0.2392822504043579
1483083421093,-5.029713153839111,8.288737297058105,-0.24885354936122894
1483083421333,-5.111069202423096,8.370094299316406,-0.23688943684101105
1483083421584,-5.245067596435547,8.535198211669922,-0.2225324809551239
1483083421812,-5.206782341003418,8.415557861328125,-0.2225324809551239
1483083422055,-5.0871405601501465,8.350951194763184,-0.18185453116893768
1483083422290,-5.125426292419434,8.317451477050781,-0.4498506784439087
1483083422531,-5.206782341003418,8.389235496520996,-0.2512463629245758
1483083422779,-5.158926010131836,8.360522270202637,-0.2105683833360672
1483083423009,-5.149354457855225,8.446663856506348,-0.2273181527853012
1483083423249,-5.245067596435547,8.391629219055176,-0.28953152894973755
1483083423490,-5.149354457855225,8.374878883361816,-0.20578275620937347
1483083423727,-5.1637115478515625,8.401200294494629,-0.11964112520217896
1483083423976,-5.192424774169922,8.365307807922363,-0.2392822504043579
1483083424179,-5.2115678787231445,8.429913520812988,-0.14117653667926788
1483083424405,-5.245067596435547,8.298308372497559,-0.18903298676013947
1483083424606,-5.125426292419434,8.33898639678955,-0.2512463629245758
1483083424846,-5.168497085571289,8.549554824829102,-0.14356936514377594
1483083425085,-5.149354457855225,8.446663856506348,-0.08614162355661392
1483083425324,-5.168497085571289,8.336593627929688,-0.07178468257188797
1483083425526,-5.149354457855225,8.45862865447998,0.031106693670153618
1483083425772,-5.173282146453857,8.506484031677246,0.11246266961097717
1483083425975,-5.201996326446533,8.492127418518066,-0.009571290574967861
1483083426203,-5.201996326446533,8.358129501342773,-0.04785645008087158
1483083426443,-5.130211353302002,8.38684368133545,-0.05982056260108948
1483083426683,-5.034498691558838,8.319844245910645,-0.27278175950050354
1483083426921,-5.106283187866211,8.159524917602539,-0.25363919138908386
1483083427171,-5.130211353302002,8.46341323852539,-0.11006984114646912
1483083427372,-5.034498691558838,8.317451477050781,-0.15314064919948578
1483083427599,-5.154139995574951,8.504091262817383,0.011964112520217896
1483083427800,-5.173282146453857,8.61894702911377,-0.0263210479170084
1483083428002,-5.044069766998291,8.47298526763916,-0.13878372311592102
1483083428239,-5.096712112426758,8.288737297058105,-0.12681959569454193
1483083428479,-4.910072326660156,7.764709949493408,-3.1752755641937256
1483083428717,-4.910072326660156,7.561319828033447,-4.096512317657471
1483083428969,-4.642076015472412,6.384050369262695,-5.757131576538086
1483083429199,-4.560719966888428,5.288137912750244,-7.477570533752441
1483083429437,-4.570291519165039,6.168696403503418,-6.039484024047852
1483083429680,-4.570291519165039,8.69791030883789,-0.9236294627189636
1483083429916,-7.518248558044434,7.245467185974121,4.366901397705078
1483083430166,-2.909672498703003,4.108476161956787,-2.71346116065979
1483083430398,-0.430708110332489,-0.5862415432929993,-16.122838973999023
1483083430634,-2.6560330390930176,-0.24646073579788208,-9.389435768127441
1483083430874,-1.3208380937576294,1.093519926071167,-10.779664993286133
1483083431114,-4.7234320640563965,4.500899314880371,-3.507878065109253
1483083431365,-5.101497650146484,8.066205024719238,-1.7180466651916504
1483083431593,-5.048855781555176,8.312665939331055,-0.24646073579788208
1483083431831,-4.828716278076172,8.614161491394043,-0.8063812851905823
1483083432076,-4.967499732971191,8.312665939331055,-0.8997013568878174
1483083432312,-5.106283187866211,8.623733520507812,0.6484549045562744
1483083432563,-5.340780735015869,8.068597793579102,-0.27278175950050354
1483083432790,-5.254639148712158,8.403593063354492,-0.40677985548973083
1483083433030,-5.115854740142822,8.559126853942871,-0.2512463629245758
1483083433270,-5.125426292419434,8.449056625366211,-0.3756731450557709
1483083433511,-5.259423732757568,8.563912391662598,-0.2751745879650116
1483083433758,-4.981856822967529,8.389235496520996,-0.5024927258491516
1483083433988,-5.005784511566162,8.410772323608398,-0.33020952343940735
1483083434227,-5.139782905578613,8.12841796875,-0.2991028428077698
1483083434467,-5.072784423828125,8.504091262817383,-0.2632104754447937
1483083434709,-5.0009989738464355,8.501699447631836,-0.3158525824546814
1483083434956,-4.962714195251465,8.422735214233398,-0.5120640397071838
1483083435157,-4.981856822967529,8.382057189941406,-0.27278175950050354
1483083435385,-5.101497650146484,8.60219669342041,-0.3661018908023834
1483083435625,-5.125426292419434,8.437092781066895,-0.672383189201355
1483083435864,-5.2115678787231445,8.439485549926758,-0.5264209508895874
1483083436104,-5.101497650146484,8.530412673950195,-0.794417142868042
1483083436354,-5.125426292419434,8.434700012207031,-0.794417142868042
1483083436586,-5.077569961547852,8.417949676513672,-0.8805587291717529
1483083436823,-5.139782905578613,8.434700012207031,-0.7489535212516785
1483083437061,-5.072784423828125,8.429913520812988,-0.6556334495544434
1483083437302,-5.111069202423096,8.45862865447998,-0.6652047038078308
1483083437552,-5.0009989738464355,8.422735214233398,-0.6915256977081299
1483083437780,-5.082355499267578,8.415557861328125,-0.6556334495544434
1483083438024,-5.029713153839111,8.556733131408691,-0.5982056856155396
1483083438259,-4.9435715675354,8.544770240783691,-0.6221339106559753
1483083438499,-5.044069766998291,8.599804878234863,-0.46420758962631226
1483083438749,-5.005784511566162,8.511269569396973,-0.5168496966362
1483083438978,-4.967499732971191,8.544770240783691,-0.5312066078186035
1483083439220,-5.082355499267578,8.489734649658203,-0.5096712112426758
1483083439458,-5.048855781555176,8.482556343078613,-0.44745784997940063
1483083439700,-5.048855781555176,8.561518669128418,-0.3900300860404968
1483083439947,-4.996213912963867,8.528019905090332,-0.5718846321105957
1483083440175,-4.991428375244141,8.3629150390625,-0.4809573292732239
1483083440413,-5.015356063842773,8.525627136230469,-0.6699903011322021
1483083440615,-5.082355499267578,8.456235885620117,-0.5312066078186035
1483083440854,-5.058426856994629,8.590232849121094,-0.6173481941223145
1483083441097,-5.230710506439209,8.434700012207031,-0.4666004180908203
1483083441348,-5.111069202423096,8.169095993041992,-0.5024927258491516
1483083441573,-5.26899528503418,8.322237014770508,-0.5096712112426758
1483083441813,-5.278566360473633,8.396414756774902,-0.6269195079803467
1483083442052,-5.225924491882324,8.382057189941406,-0.5096712112426758
1483083442295,-5.182853698730469,8.346165657043457,-0.5048855543136597
1483083442543,-5.312066078186035,8.255237579345703,-0.5647061467170715
1483083442770,-5.292923927307129,8.461020469665527,-0.5335994362831116
1483083443010,-5.2115678787231445,8.300702095031738,-0.47617170214653015
1483083443248,-5.2115678787231445,8.403593063354492,-0.49292147159576416
1483083443450,-5.120640754699707,8.307880401611328,-0.46899324655532837
1483083443689,-5.149354457855225,8.37727165222168,-0.430708110332489
1483083443939,-5.072784423828125,8.465806007385254,-0.3924228847026825
1483083444168,-5.0201416015625,8.425127983093262,-0.4498506784439087
1483083444411,-5.120640754699707,8.343771934509277,-0.3613162040710449
1483083444647,-5.187639236450195,8.389235496520996,-0.34217363595962524
1483083444886,-5.096712112426758,8.434700012207031,-0.3565305471420288
1483083445137,-5.096712112426758,8.556733131408691,-0.38285160064697266
1483083445365,-5.14456844329834,8.520841598510742,-0.3900300860404968
1483083445607,-5.091926097869873,8.422735214233398,-0.4809573292732239
1483083445858,-5.091926097869873,8.334200859069824,-0.5910272002220154
1483083446085,-5.134997367858887,8.240880966186523,-1.2035897970199585
1483083446336,-5.111069202423096,8.401200294494629,-1.1676974296569824
1483083446562,-5.149354457855225,8.221738815307617,-1.643869161605835
1483083446803,-5.063212871551514,8.346165657043457,-1.2011969089508057
1483083447043,-5.063212871551514,8.123632431030273,-2.2995026111602783
1483083447282,-5.187639236450195,8.11406135559082,-2.287538528442383
1483083447534,-5.130211353302002,7.240681171417236,-3.823730707168579
1483083447759,-5.0201416015625,6.972684860229492,-4.500899314880371
1483083447960,-4.919642925262451,6.6352972984313965,-5.400600433349609
1483083448203,-4.713860511779785,6.872186660766602,-5.288137912750244
1483083448442,-4.6995038986206055,6.687938690185547,-5.608776092529297
1483083448679,-4.737788677215576,6.092126369476318,-6.221338748931885
1483083448929,-4.646861553192139,5.943771839141846,-6.350551128387451
1483083449159,-4.589433670043945,6.005984783172607,-6.606583118438721
1483083449398,-4.6372904777526855,6.022734642028809,-6.57547664642334
1483083449640,-4.962714195251465,6.960721015930176,-4.357330322265625
1483083449876,-4.900500774383545,7.920242786407471,-2.3856441974639893
1483083450125,-7.408178806304932,8.504091262817383,4.3142595291137695
1483083450327,-4.852644443511963,6.628118515014648,1.574477195739746
1483083450555,-2.71346116065979,0.24885354936122894,-8.788837432861328
1483083450795,-2.6847469806671143,-1.3112668991088867,-9.937392234802246
1483083450998,-2.967100143432617,2.0554347038269043,-7.88913631439209
1483083451234,-5.039284706115723,6.31944465637207,-5.960521221160889
1483083451473,-4.058227062225342,10.908878326416016,1.868794322013855
1483083451721,-4.914857387542725,8.877371788024902,0.8925228118896484
1483083451924,-5.264209270477295,8.396414756774902,1.038485050201416
1483083452152,-5.446063995361328,8.511269569396973,2.0506489276885986
1483083452392,-5.292923927307129,8.233702659606934,1.588834285736084
1483083452632,-5.245067596435547,8.085347175598145,1.289731502532959
1483083452869,-5.072784423828125,8.372486114501953,1.2418749332427979
1483083453070,-5.139782905578613,8.281558990478516,1.0959126949310303
1483083453321,-5.168497085571289,8.46341323852539,1.1413763761520386
1483083453548,-5.134997367858887,8.37727165222168,1.007378339767456
1483083453788,-5.254639148712158,8.37727165222168,1.112662434577942
1483083454028,-5.230710506439209,8.181060791015625,0.882951557636261
1483083454268,-5.130211353302002,8.319844245910645,1.1676974296569824
1483083454519,-5.230710506439209,8.293522834777832,1.2011969089508057
1483083454747,-5.201996326446533,8.439485549926758,1.0767701864242554
1483083454988,-5.245067596435547,8.37727165222168,1.0815558433532715
1483083455230,-5.312066078186035,8.185846328735352,1.2059825658798218
1483083455466,-5.307280540466309,8.257630348205566,0.9236294627189636
1483083455716,-5.383851051330566,8.188239097595215,1.0001999139785767
1483083455944,-5.422136306762695,8.271987915039062,0.8015955686569214
1483083456184,-5.460421085357666,8.140382766723633,0.8087739944458008
1483083456427,-5.436492443084717,8.291130065917969,0.7728817462921143
1483083456663,-5.450850009918213,8.197811126708984,0.7704889178276062
1483083456913,-5.4556355476379395,8.212166786193848,0.8327022790908813
1483083457142,-5.508277893066406,8.075776100158691,0.8973084688186646
1483083457382,-5.42692232131958,8.178668022155762,0.906879723072052
1483083457621,-5.43170690536499,8.288737297058105,0.8422735333442688
1483083457861,-5.441278457641602,8.197811126708984,0.8470591902732849
1483083458113,-5.422136306762695,8.118846893310547,0.7824530005455017
1483083458340,-5.4795637130737305,8.271987915039062,0.8327022790908813
1483083458581,-5.517848491668701,8.250452041625977,0.763310432434082
1483083458818,-5.436492443084717,8.200202941894531,0.6556334495544434
1483083459062,-5.522634029388428,8.216952323913574,0.662811815738678
1483083459311,-5.489135265350342,8.133204460144043,0.7202396392822266
1483083459537,-5.551348686218262,8.274380683898926,0.6101697683334351
1483083459775,-5.551348686218262,7.999206066131592,0.6532405614852905
1483083460017,-5.61834716796875,8.298308372497559,0.6293123364448547
1483083460259,-5.474778175354004,8.164310455322266,0.5144568681716919
1483083460510,-5.508277893066406,8.200202941894531,0.5312066078186035
1483083460733,-5.54177713394165,8.104490280151367,0.6101697683334351
1483083460935,-5.513063907623291,8.126025199890137,0.7585247755050659
1483083461174,-5.4556355476379395,8.315058708190918,0.7657032012939453
1483083461414,-5.383851051330566,8.190631866455078,0.7752745151519775
1483083461657,-5.436492443084717,8.24566650390625,0.9595218896865845
1483083461904,-5.43170690536499,8.350951194763184,1.0528419017791748
1483083462132,-5.335994720458984,8.185846328735352,0.9284151792526245
1483083462372,-5.335994720458984,8.212166786193848,0.973878800868988
1483083462610,-5.350350856781006,8.178668022155762,1.0432707071304321
1483083462811,-5.350350856781006,8.126025199890137,0.9906285405158997
1483083463051,-5.359922409057617,8.030312538146973,0.5120640397071838
1483083463301,-5.302494525909424,8.154739379882812,0.11246266961097717
1483083463529,-5.446063995361328,8.293522834777832,0.4618147313594818
1483083463777,-5.450850009918213,8.331808090209961,0.4019941985607147
1483083464009,-5.4556355476379395,8.382057189941406,0.062213387340307236
1483083464248,-5.4556355476379395,8.140382766723633,-0.818345308303833
1483083464499,-5.26899528503418,8.183453559875488,-1.5361920595169067
1483083464726,-5.259423732757568,7.908278465270996,-2.132004976272583
1483083464970,-5.264209270477295,7.805387496948242,-2.524427890777588
1483083465206,-5.077569961547852,7.898707389831543,-2.8905296325683594
1483083465446,-5.154139995574951,8.051848411560059,-2.9168508052825928
1483083465695,-5.034498691558838,7.125825881958008,-4.228117942810059
1483083465923,-5.14456844329834,7.271787643432617,-4.1659040451049805
1483083466124,-5.010570526123047,7.240681171417236,-4.005585193634033
1483083466368,-5.206782341003418,7.23589563369751,-3.9672999382019043
1483083466603,-5.115854740142822,7.408178806304932,-4.012763977050781
1483083466843,-5.173282146453857,7.001399040222168,-4.587040901184082
1483083467095,-5.240281581878662,7.491927623748779,-4.039084434509277
1483083467322,-5.063212871551514,7.460821151733398,-4.144368648529053
1483083467566,-5.015356063842773,7.379465103149414,-4.156332969665527
1483083467801,-5.130211353302002,7.716853141784668,-3.617947816848755
1483083468041,-5.0201416015625,7.401000499725342,-3.912264823913574
1483083468292,-5.178067684173584,7.195217609405518,-4.333401679992676
1483083468520,-4.972285747528076,7.274180889129639,-4.685146808624268
1483083468759,-4.823930263519287,5.623133182525635,-6.448657035827637
1483083469001,-4.852644443511963,5.37906551361084,-6.436692714691162
1483083469238,-4.53200626373291,4.9363932609558105,-7.063612461090088
1483083469489,-4.996213912963867,6.7692952156066895,-2.9455647468566895
1483083469718,-5.355136871337891,7.066005229949951,-0.3445664942264557
1483083469957,-6.580262184143066,6.297908782958984,2.5842485427856445
1483083470200,-2.8522443771362305,2.3186452388763428,-7.692924976348877
1483083470436,-2.861815929412842,-0.7082754969596863,-9.80100154876709
1483083470684,-3.4648072719573975,1.5337992906570435,-8.834300994873047
1483083470914,-5.139782905578613,3.7663028240203857,-5.412564754486084
1483083471155,-4.484149932861328,11.717653274536133,3.8285160064697266
1483083471397,-4.522434711456299,9.080761909484863,1.6917256116867065
1483083471634,-5.173282146453857,8.733802795410156,1.0217353105545044
1483083471882,-5.312066078186035,8.475377082824707,0.011964112520217896
1483083472083,-5.589633941650391,8.12841796875,0.13160523772239685
1483083472311,-5.3934221267700195,8.102097511291504,-0.3900300860404968
1483083472552,-5.50349235534668,7.984848976135254,-0.2153540551662445
1483083472792,-5.623133182525635,8.190631866455078,-0.11964112520217896
1483083473033,-5.517848491668701,7.910671234130859,-0.18903298676013947
1483083473281,-5.790630340576172,7.984848976135254,-0.20099709928035736
1483083473510,-5.742774486541748,7.917850017547607,-0.2225324809551239
1483083473749,-5.800201892852783,7.984848976135254,-0.15074782073497772
1483083473987,-5.828916072845459,7.8795647621154785,-0.22971096634864807
1483083474189,-5.824130058288574,7.783851623535156,-0.22971096634864807
1483083474429,-5.9676995277404785,8.094919204711914,-0.20099709928035736
1483083474680,-5.852844715118408,7.9585280418396,-0.2105683833360672
1483083474907,-5.771488666534424,8.054241180419922,-0.11724831163883209
1483083475147,-5.723631858825684,7.968099594116211,-0.18185453116893768
1483083475386,-5.776273727416992,8.059026718139648,-0.24167509377002716
1483083475592,-5.7619171142578125,7.9896345138549805,-0.02871387079358101
1483083475825,-5.804987907409668,8.032705307006836,-0.06939186155796051
1483083476075,-5.790630340576172,8.008777618408203,-0.0526420958340168
1483083476306,-5.800201892852783,7.8819580078125,-0.17946170270442963
1483083476544,-5.838487148284912,7.915457248687744,-0.21774686872959137
1483083476784,-5.848058700561523,7.994420051574707,-0.10767702758312225
1483083476986,-5.824130058288574,7.860422611236572,-0.14117653667926788
1483083477223,-5.91505765914917,7.999206066131592,-0.014356935396790504
1483083477473,-5.857630252838135,7.891529560089111,-0.12681959569454193
1483083477705,-5.848058700561523,7.898707389831543,-0.05742774158716202
1483083477942,-5.828916072845459,7.994420051574707,-0.08614162355661392
1483083478181,-5.752345561981201,7.920242786407471,-0.06699903309345245
1483083478420,-5.766702175140381,7.874779224395752,-0.20099709928035736
1483083478670,-5.8097734451293945,8.094919204711914,-0.02871387079358101
1483083478899,-5.891129493713379,7.934599876403809,-0.05982056260108948
1483083479141,-5.771488666534424,7.999206066131592,-0.06939186155796051
1483083479379,-5.857630252838135,8.02791976928711,-0.05503492057323456
1483083479618,-5.843273162841797,8.042276382446289,-0.0023928226437419653
1483083479868,-5.819344997406006,8.01356315612793,-0.07178468257188797
1483083480097,-5.891129493713379,7.872386455535889,-0.08614162355661392
1483083480340,-5.905486583709717,7.980063438415527,0.04785645008087158
1483083480576,-5.785844802856445,7.858029365539551,-0.08614162355661392
1483083480817,-5.790630340576172,8.059026718139648,-0.18185453116893768
1483083481067,-5.632704257965088,8.11406135559082,-0.08374878764152527
1483083481295,-5.498706817626953,8.166703224182129,-0.5096712112426758
1483083481538,-5.450850009918213,7.94177770614624,-0.4713860750198364
1483083481774,-5.42692232131958,8.307880401611328,-0.4019941985607147
1483083482013,-5.469992637634277,8.104490280151367,-0.7202396392822266
1483083482265,-5.50349235534668,8.236095428466797,-0.6269195079803467
1483083482492,-5.460421085357666,8.243274688720703,-0.6556334495544434
1483083482730,-5.513063907623291,8.13798999786377,-0.5288137793540955
1483083482931,-5.5274200439453125,8.130810737609863,-0.430708110332489
1483083483172,-5.546562671661377,8.283952713012695,-0.6221339106559753
1483083483410,-5.484349250793457,8.283952713012695,-0.5958128571510315
1483083483660,-5.469992637634277,8.379664421081543,-0.6101697683334351
1483083483889,-5.536991596221924,8.226524353027344,-0.5862415432929993
1483083484129,-5.556134223937988,8.15234661102295,-0.3924228847026825
1483083484367,-5.436492443084717,8.303093910217285,-0.4498506784439087
1483083484568,-5.436492443084717,8.181060791015625,-0.3086740970611572
1483083484807,-5.50349235534668,8.243274688720703,-0.42352959513664246
1483083485055,-5.493920803070068,8.178668022155762,-0.5814558863639832
1483083485257,-5.575276851654053,8.13798999786377,-0.5790630578994751
1483083485486,-5.560920238494873,8.056633949279785,-0.5407779216766357
1483083485724,-5.603990077972412,8.154739379882812,-0.5216353535652161
1483083485926,-5.603990077972412,8.082954406738281,-0.6580261588096619
1483083486165,-5.599205493927002,8.061419486999512,-0.7106683850288391
1483083486404,-5.613561630249023,8.066205024719238,-0.6819544434547424
1483083486653,-5.580062389373779,7.977671146392822,-0.8877372145652771
1483083486855,-5.613561630249023,8.111669540405273,-0.7728817462921143
1483083487083,-5.627918720245361,8.147561073303223,-0.6867401003837585
1483083487323,-5.493920803070068,8.063812255859375,-0.8901299238204956
1483083487562,-5.575276851654053,8.228917121887207,-0.9762716889381409
1483083487800,-5.441278457641602,8.183453559875488,-1.0408778190612793
1483083488001,-5.441278457641602,8.044669151306152,-1.2323036193847656
1483083488253,-5.43170690536499,8.382057189941406,-1.2681961059570312
1483083488479,-5.345565319061279,8.109275817871094,-1.5242280960083008
1483083488718,-5.335994720458984,7.841279983520508,-2.8354949951171875
1483083488920,-5.082355499267578,7.240681171417236,-4.689932346343994
1483083489159,-4.867001533508301,6.128018856048584,-5.785844802856445
1483083489399,-5.082355499267578,5.675775527954102,-6.159125804901123
1483083489650,-5.1637115478515625,5.86720085144043,-5.991628170013428
1483083489879,-4.996213912963867,6.056234359741211,-5.941378593444824
1483083490117,-5.130211353302002,5.063212871551514,-6.771688461303711
1483083490360,-5.096712112426758,4.713860511779785,-7.056434154510498
1483083490596,-5.039284706115723,4.390829563140869,-7.240681171417236
1483083490845,-5.0201416015625,4.41475772857666,-6.972684860229492
1483083491079,-5.005784511566162,4.560719966888428,-7.097111701965332
1483083491315,-5.125426292419434,5.084747791290283,-6.604190349578857
1483083491558,-4.919642925262451,5.331209182739258,-6.649653911590576
1483083491793,-5.245067596435547,7.082754611968994,-3.2279179096221924
1483083492045,-5.053641319274902,8.882158279418945,-3.084348201751709
1483083492275,-7.030113220214844,8.032705307006836,3.0077781677246094
1483083492513,-4.551148891448975,3.3547375202178955,-5.132604122161865
1483083492751,-3.7423744201660156,-1.6677974462509155,-10.174281120300293
1483083492992,-3.641876220703125,-1.239482045173645,-9.647860527038574
1483083493241,-5.024927616119385,2.0578274726867676,-6.642475128173828
1483083493471,-5.173282146453857,8.011170387268066,-2.352144718170166
1483083493712,-4.876572608947754,9.757929801940918,2.935993194580078
1483083493949,-4.895715236663818,7.802994728088379,2.6153552532196045
1483083494193,-5.37906551361084,8.197811126708984,-0.2679961323738098
1483083494440,-5.3694939613342285,8.288737297058105,-1.184447169303894
1483083494668,-5.484349250793457,7.898707389831543,-1.4021940231323242
1483083494908,-5.355136871337891,8.066205024719238,-1.3782659769058228
1483083495147,-5.417350769042969,8.063812255859375,-1.447657585144043
1483083495390,-5.355136871337891,8.075776100158691,-1.3136597871780396
1483083495641,-5.422136306762695,8.212166786193848,-1.2538390159606934
1483083495866,-5.465207099914551,8.22413158416748,-1.1653046607971191
1483083496105,-5.489135265350342,8.288737297058105,-1.430907964706421
1483083496345,-5.3934221267700195,8.149953842163086,-1.435693621635437
1483083496588,-5.465207099914551,8.082954406738281,-1.2610174417495728
1483083496837,-5.546562671661377,8.142775535583496,-1.3016955852508545
1483083497063,-5.551348686218262,8.164310455322266,-1.1700903177261353
1483083497303,-5.474778175354004,8.00399112701416,-1.4069796800613403
1483083497542,-5.603990077972412,8.025527954101562,-1.3902300596237183
1483083497782,-5.565705299377441,8.00399112701416,-1.3878371715545654
1483083498032,-5.580062389373779,8.209774017333984,-1.1988041400909424
1483083498262,-5.575276851654053,7.975277900695801,-1.2251251935958862
1483083498501,-5.6901326179504395,8.051848411560059,-1.3519448041915894
1483083498739,-5.513063907623291,7.9896345138549805,-1.2801601886749268
1483083498980,-5.613561630249023,8.051848411560059,-1.289731502532959
1483083499230,-5.603990077972412,8.157133102416992,-1.2370892763137817
1483083499459,-5.565705299377441,7.970492362976074,-1.2681961059570312
1483083499698,-5.513063907623291,7.984848976135254,-1.191625714302063
1483083499937,-5.556134223937988,8.049454689025879,-1.191625714302063
1483083500177,-5.584848403930664,8.123632431030273,-1.0169496536254883
1483083500427,-5.513063907623291,8.14516830444336,-1.0456634759902954
1483083500656,-5.460421085357666,8.011170387268066,-0.5288137793540955
1483083500899,-5.632704257965088,8.130810737609863,-0.7369893789291382
1483083501134,-5.623133182525635,8.360522270202637,-0.763310432434082
1483083501375,-5.599205493927002,7.992027282714844,-0.7824530005455017
1483083501626,-5.565705299377441,8.085347175598145,-0.7513462901115417
1483083501853,-5.627918720245361,8.171488761901855,-0.6029912829399109
1483083502094,-5.546562671661377,8.02791976928711,-0.6293123364448547
1483083502333,-5.613561630249023,8.22413158416748,-0.5000999569892883
1483083502573,-5.651846885681152,8.097311973571777,-0.5718846321105957
1483083502823,-5.584848403930664,8.190631866455078,-0.6005984544754028
1483083503053,-5.551348686218262,8.001599311828613,-0.607776939868927
1483083503291,-5.608776092529297,8.271987915039062,-0.47617170214653015
1483083503530,-5.522634029388428,7.908278465270996,-0.6125625967979431
1483083503770,-5.642275810241699,8.157133102416992,-0.5264209508895874
1483083504021,-5.580062389373779,8.315058708190918,-0.39481574296951294
1483083504250,-5.61834716796875,8.09970474243164,-0.5216353535652161
1483083504489,-5.599205493927002,8.09252643585205,-0.5431707501411438
1483083504730,-5.469992637634277,8.193024635314941,-0.4043869972229004
1483083504968,-5.532205581665039,8.109275817871094,-0.47617170214653015
1483083505218,-5.66620397567749,8.12841796875,-0.4259224236011505
1483083505449,-5.489135265350342,8.190631866455078,-0.3661018908023834
1483083505686,-5.575276851654053,8.015955924987793,-0.6029912829399109
1483083505928,-5.675775527954102,8.094919204711914,-0.4163511395454407
1483083506165,-5.50349235534668,8.130810737609863,-0.5407779216766357
1483083506416,-5.54177713394165,8.087740898132324,-0.5144568681716919
1483083506644,-5.513063907623291,8.197811126708984,-0.5431707501411438
1483083506883,-5.584848403930664,8.209774017333984,-0.5000999569892883
1483083507084,-5.560920238494873,8.080562591552734,-0.5407779216766357
1483083507327,-5.5274200439453125,8.102097511291504,-0.4809573292732239
1483083507563,-5.398207664489746,8.090132713317871,-0.5048855543136597
1483083507813,-5.37906551361084,8.310273170471191,-0.3158525824546814
1483083508042,-5.245067596435547,8.341379165649414,-0.30149564146995544
1483083508281,-5.498706817626953,8.410772323608398,-0.44027936458587646
1483083508524,-5.42692232131958,8.169095993041992,-0.6436693072319031
1483083508759,-5.532205581665039,8.276773452758789,-0.5742774605751038
1483083509013,-5.493920803070068,8.23848819732666,-0.5766702890396118
1483083509239,-5.489135265350342,6.003591537475586,-4.680361270904541
1483083509479,-5.0009989738464355,5.565705299377441,-6.486942291259766
1483083509716,-4.886143684387207,6.113661766052246,-5.785844802856445
1483083509918,-4.914857387542725,5.860023021697998,-6.1399827003479
1483083510161,-4.843072891235352,5.680561065673828,-6.393621921539307
1483083510411,-4.852644443511963,4.383650779724121,-7.17368221282959
1483083510637,-5.101497650146484,10.04985523223877,2.5674986839294434
1483083510876,-7.116254806518555,6.9320068359375,3.1034913063049316
1483083511115,-2.919243574142456,2.117647886276245,-9.812965393066406
1483083511359,-3.8763725757598877,-1.2418749332427979,-10.336994171142578
1483083511605,-3.13938307762146,2.957528829574585,-8.281558990478516
1483083511836,-3.957728624343872,1.215553879737854,-7.609175682067871
1483083512074,-4.474578380584717,7.118647575378418,3.2853453159332275
1483083512314,-4.962714195251465,8.853443145751953,1.210768222808838
1483083512557,-5.3694939613342285,8.578269004821777,-0.07417750358581543
1483083512800,-5.5274200439453125,8.3629150390625,-0.17228324711322784
1483083513003,-5.436492443084717,8.157133102416992,-0.3900300860404968
1483083513232,-5.417350769042969,8.22413158416748,-0.39481574296951294
1483083513472,-5.54177713394165,8.434700012207031,-0.48574298620224
1483083513711,-5.402993679046631,8.379664421081543,-0.5647061467170715
1483083513950,-5.388636112213135,8.295915603637695,-0.5982056856155396
1483083514200,-5.465207099914551,8.255237579345703,-0.5647061467170715
1483083514429,-5.594419479370117,8.166703224182129,-0.5240281224250793
1483083514672,-5.532205581665039,8.12123966217041,-0.5599204897880554
1483083514908,-5.589633941650391,8.279166221618652,-0.3278167247772217
1483083515148,-5.522634029388428,7.948956489562988,-0.5647061467170715
1483083515399,-5.489135265350342,8.078168869018555,-0.4833501875400543
1483083515627,-5.50349235534668,8.24566650390625,-0.44267216324806213
1483083515870,-5.594419479370117,8.147561073303223,-0.4498506784439087
1483083516106,-5.493920803070068,8.073383331298828,-0.3924228847026825
1483083516346,-5.589633941650391,8.140382766723633,-0.44267216324806213
1483083516595,-5.546562671661377,8.073383331298828,-0.42352959513664246
1483083516823,-5.565705299377441,8.288737297058105,-0.3924228847026825
1483083517024,-5.589633941650391,8.178668022155762,-0.2225324809551239
1483083517267,-5.623133182525635,8.068597793579102,-0.4259224236011505
1483083517503,-5.580062389373779,8.164310455322266,-0.31824538111686707
1483083517742,-5.613561630249023,8.149953842163086,-0.3684946894645691
1483083517993,-5.532205581665039,8.183453559875488,-0.3326023519039154
1483083518222,-5.4795637130737305,8.09252643585205,-0.4666004180908203
1483083518464,-5.565705299377441,8.185846328735352,-0.38763725757598877
1483083518703,-5.551348686218262,8.276773452758789,-0.38763725757598877
1483083518940,-5.560920238494873,8.047062873840332,-0.3756731450557709
1483083519191,-5.522634029388428,8.271987915039062,-0.35413774847984314
1483083519420,-5.560920238494873,8.123632431030273,-0.4259224236011505
1483083519659,-5.680561065673828,8.166703224182129,-0.32303106784820557
1483083519898,-5.637490272521973,8.11406135559082,-0.3493521213531494
1483083520138,-5.608776092529297,8.054241180419922,-0.39960137009620667
1483083520389,-5.632704257965088,8.22413158416748,-0.3493521213531494
1483083520617,-5.560920238494873,8.102097511291504,-0.2632104754447937
1483083520856,-5.54177713394165,8.109275817871094,-0.37806597352027893
1483083521057,-5.580062389373779,8.202595710754395,-0.34217363595962524
1483083521304,-5.513063907623291,8.082954406738281,-0.26560330390930176
1483083521535,-5.536991596221924,8.181060791015625,-0.27756744623184204
1483083521783,-5.575276851654053,8.181060791015625,-0.2871387302875519