,Unnamed: 0,timestamp,uv
0,0.0,5000.0,0.0
1,1.0,5100.0,0.0
2,2.0,5200.0,0.0
3,3.0,5300.0,0.0
4,4.0,5400.0,0.0
5,5.0,5500.0,0.0
6,6.0,5600.0,0.0
7,7.0,5700.0,0.0
8,8.0,5800.0,0.0
9,9.0,5900.0,0.0
10,10.0,6000.0,0.0
11,11.0,6100.0,0.0
12,12.0,6200.0,0.0
13,13.0,6300.0,0.0
14,14.0,6400.0,0.0
15,15.0,6500.0,0.0
16,16.0,6600.0,0.0
17,17.0,6700.0,0.0
18,18.0,6800.0,0.0
19,19.0,6900.0,0.0
20,10.0,6000.0,0.0
21,11.0,6100.0,0.0
22,12.0,6200.0,0.0
23,13.0,6300.0,0.0
24,14.0,6400.0,0.0
25,15.0,6500.0,0.0
26,16.0,6600.0,0.0
27,17.0,6700.0,0.0
28,18.0,6800.0,0.0
29,19.0,6900.0,0.0
30,20.0,7000.0,0.0
31,21.0,7100.0,0.0
32,22.0,7200.0,0.0
33,23.0,7300.0,0.0
34,24.0,7400.0,0.0
35,25.0,7500.0,0.0
36,26.0,7600.0,0.0
37,27.0,7700.0,0.0
38,28.0,7800.0,0.0
39,29.0,7900.0,0.0
40,20.0,7000.0,0.0
41,21.0,7100.0,0.0
42,22.0,7200.0,0.0
43,23.0,7300.0,0.0
44,24.0,7400.0,0.0
45,25.0,7500.0,0.0
46,26.0,7600.0,0.0
47,27.0,7700.0,0.0
48,28.0,7800.0,0.0
49,29.0,7900.0,0.0
50,30.0,8000.0,0.0
51,31.0,8100.0,0.0
52,32.0,8200.0,0.0
53,33.0,8300.0,0.0
54,34.0,8400.0,0.0
55,35.0,8500.0,0.0
56,36.0,8600.0,0.0
57,37.0,8700.0,0.0
58,38.0,8800.0,0.0
59,39.0,8900.0,0.0
60,30.0,8000.0,0.0
61,31.0,8100.0,0.0
62,32.0,8200.0,0.0
63,33.0,8300.0,0.0
64,34.0,8400.0,0.0
65,35.0,8500.0,0.0
66,36.0,8600.0,0.0
67,37.0,8700.0,0.0
68,38.0,8800.0,0.0
69,39.0,8900.0,0.0
70,40.0,9000.0,0.0
71,41.0,9100.0,0.0
72,42.0,9200.0,0.0
73,43.0,9300.0,0.0
74,44.0,9400.0,0.0
75,45.0,9500.0,0.0
76,46.0,9600.0,0.0
77,47.0,9700.0,0.0
78,48.0,9800.0,0.0
79,49.0,9900.0,0.0
80,40.0,9000.0,0.0
81,41.0,9100.0,0.0
82,42.0,9200.0,0.0
83,43.0,9300.0,0.0
84,44.0,9400.0,0.0
85,45.0,9500.0,0.0
86,46.0,9600.0,0.0
87,47.0,9700.0,0.0
88,48.0,9800.0,0.0
89,49.0,9900.0,0.0
90,50.0,10000.0,0.0
91,51.0,10100.0,0.0
92,52.0,10200.0,0.0
93,53.0,10300.0,0.0
94,54.0,10400.0,0.0
95,55.0,10500.0,0.0
96,56.0,10600.0,0.0
97,57.0,10700.0,0.0
98,58.0,10800.0,0.0
99,59.0,10900.0,0.0
100,50.0,10000.0,0.0
101,51.0,10100.0,0.0
102,52.0,10200.0,0.0
103,53.0,10300.0,0.0
104,54.0,10400.0,0.0
105,55.0,10500.0,0.0
106,56.0,10600.0,0.0
107,57.0,10700.0,0.0
108,58.0,10800.0,0.0
109,59.0,10900.0,0.0
110,60.0,11000.0,0.0
111,61.0,11100.0,0.0
112,62.0,11200.0,0.0
113,74.0,12400.0,0.0
114,75.0,12500.0,0.0
115,76.0,12600.0,0.0
116,77.0,12700.0,0.0
117,78.0,12800.0,0.0
118,79.0,12900.0,0.0
119,80.0,13000.0,0.0
120,60.0,11000.0,0.0
121,61.0,11100.0,0.0
122,62.0,11200.0,0.0
123,74.0,12400.0,0.0
124,75.0,12500.0,0.0
125,76.0,12600.0,0.0
126,77.0,12700.0,0.0
127,78.0,12800.0,0.0
128,79.0,12900.0,0.0
129,80.0,13000.0,0.0
130,81.0,13100.0,0.0
131,82.0,13200.0,0.0
132,83.0,13300.0,0.0
133,84.0,13400.0,0.0
134,85.0,13500.0,0.0
135,86.0,13600.0,0.0
136,87.0,13700.0,0.0
137,88.0,13800.0,0.0
138,89.0,13900.0,0.0
139,90.0,14000.0,0.0
140,81.0,13100.0,0.0
141,82.0,13200.0,0.0
142,83.0,13300.0,0.0
143,84.0,13400.0,0.0
144,85.0,13500.0,0.0
145,86.0,13600.0,0.0
146,87.0,13700.0,0.0
147,88.0,13800.0,0.0
148,89.0,13900.0,0.0
149,90.0,14000.0,0.0
150,91.0,14100.0,0.0
151,92.0,14200.0,0.0
152,93.0,14300.0,0.0
153,94.0,14400.0,0.0
154,95.0,14500.0,0.0
155,96.0,14600.0,0.0
156,97.0,14700.0,0.0
157,98.0,14800.0,0.0
158,99.0,14900.0,0.0
159,100.0,15000.0,0.0
160,91.0,14100.0,0.0
161,92.0,14200.0,0.0
162,93.0,14300.0,0.0
163,94.0,14400.0,0.0
164,95.0,14500.0,0.0
165,96.0,14600.0,0.0
166,97.0,14700.0,0.0
167,98.0,14800.0,0.0
168,99.0,14900.0,0.0
169,100.0,15000.0,0.0
170,101.0,15100.0,0.0
171,102.0,15200.0,0.0
172,103.0,15300.0,0.0
173,104.0,15400.0,0.0
174,105.0,15500.0,0.0
175,106.0,15600.0,0.0
176,107.0,15700.0,0.0
177,108.0,15800.0,0.0
178,109.0,15900.0,0.0
179,110.0,16000.0,0.0
180,101.0,15100.0,0.0
181,102.0,15200.0,0.0
182,103.0,15300.0,0.0
183,104.0,15400.0,0.0
184,105.0,15500.0,0.0
185,106.0,15600.0,0.0
186,107.0,15700.0,0.0
187,108.0,15800.0,0.0
188,109.0,15900.0,0.0
189,110.0,16000.0,0.0
190,111.0,16100.0,0.0
191,112.0,16200.0,0.0
192,113.0,16300.0,0.0
193,114.0,16400.0,0.0
194,126.0,17600.0,0.0
195,127.0,17700.0,0.0
196,128.0,17800.0,0.0
197,129.0,17900.0,0.0
198,130.0,18000.0,0.0
199,131.0,18100.0,0.0
200,111.0,16100.0,0.0
201,112.0,16200.0,0.0
202,113.0,16300.0,0.0
203,114.0,16400.0,0.0
204,126.0,17600.0,0.0
205,127.0,17700.0,0.0
206,128.0,17800.0,0.0
207,129.0,17900.0,0.0
208,130.0,18000.0,0.0
209,131.0,18100.0,0.0
210,132.0,18200.0,0.0
211,146.0,19600.0,0.0
212,147.0,19700.0,0.0
213,148.0,19800.0,0.0
214,149.0,19900.0,0.0
215,150.0,20000.0,0.0
216,182.0,23200.0,0.0
217,183.0,23300.0,0.0
218,184.0,23400.0,0.0
219,220.0,27000.0,0.0
220,132.0,18200.0,0.0
221,146.0,19600.0,0.0
222,147.0,19700.0,0.0
223,148.0,19800.0,0.0
224,149.0,19900.0,0.0
225,150.0,20000.0,0.0
226,182.0,23200.0,0.0
227,183.0,23300.0,0.0
228,184.0,23400.0,0.0
229,220.0,27000.0,0.0
230,221.0,27100.0,0.0
231,222.0,27200.0,0.0
232,223.0,27300.0,0.0
233,224.0,27400.0,0.0
234,234.0,28400.0,0.0
235,235.0,28500.0,0.0
236,236.0,28600.0,0.0
237,237.0,28700.0,0.0
238,238.0,28800.0,0.0
239,239.0,28900.0,0.0
240,221.0,27100.0,0.0
241,222.0,27200.0,0.0
242,223.0,27300.0,0.0
243,224.0,27400.0,0.0
244,234.0,28400.0,0.0
245,235.0,28500.0,0.0
246,236.0,28600.0,0.0
247,237.0,28700.0,0.0
248,238.0,28800.0,0.0
249,239.0,28900.0,0.0
250,240.0,29000.0,0.0
251,241.0,29100.0,0.0
252,242.0,29200.0,0.0
253,243.0,29300.0,0.0
254,244.0,29400.0,0.0
255,245.0,29500.0,0.0
256,246.0,29600.0,0.0
257,247.0,29700.0,0.0
258,248.0,29800.0,0.0
259,249.0,29900.0,0.0
260,240.0,29000.0,0.0
261,241.0,29100.0,0.0
262,242.0,29200.0,0.0
263,243.0,29300.0,0.0
264,244.0,29400.0,0.0
265,245.0,29500.0,0.0
266,246.0,29600.0,0.0
267,247.0,29700.0,0.0
268,248.0,29800.0,0.0
269,249.0,29900.0,0.0
270,250.0,30000.0,0.0
271,251.0,30100.0,0.0
272,252.0,30200.0,0.0
273,266.0,31600.0,0.0
274,267.0,31700.0,0.0
275,268.0,31800.0,0.0
276,269.0,31900.0,0.0
277,270.0,32000.0,0.0
278,271.0,32100.0,0.0
279,272.0,32200.0,0.0
280,250.0,30000.0,0.0
281,251.0,30100.0,0.0
282,252.0,30200.0,0.0
283,266.0,31600.0,0.0
284,267.0,31700.0,0.0
285,268.0,31800.0,0.0
286,269.0,31900.0,0.0
287,270.0,32000.0,0.0
288,271.0,32100.0,0.0
289,272.0,32200.0,0.0
290,273.0,32300.0,0.0
291,274.0,32400.0,0.0
292,275.0,32500.0,0.0
293,276.0,32600.0,0.0
294,277.0,32700.0,0.0
295,278.0,32800.0,0.0
296,279.0,32900.0,0.0
297,280.0,33000.0,0.0
298,281.0,33100.0,0.0
299,282.0,33200.0,0.0
300,273.0,32300.0,0.0
301,274.0,32400.0,0.0
302,275.0,32500.0,0.0
303,276.0,32600.0,0.0
304,277.0,32700.0,0.0
305,278.0,32800.0,0.0
306,279.0,32900.0,0.0
307,280.0,33000.0,0.0
308,281.0,33100.0,0.0
309,282.0,33200.0,0.0
310,283.0,33300.0,0.0
311,284.0,33400.0,0.0
312,312.0,36200.0,0.0
313,313.0,36300.0,0.0
314,314.0,36400.0,0.0
315,315.0,36500.0,0.0
316,316.0,36600.0,0.0
317,317.0,36700.0,0.0
318,318.0,36800.0,0.0
319,319.0,36900.0,0.0
320,283.0,33300.0,0.0
321,284.0,33400.0,0.0
322,312.0,36200.0,0.0
323,313.0,36300.0,0.0
324,314.0,36400.0,0.0
325,315.0,36500.0,0.0
326,316.0,36600.0,0.0
327,317.0,36700.0,0.0
328,318.0,36800.0,0.0
329,319.0,36900.0,0.0
330,320.0,37000.0,0.0
331,336.0,38600.0,0.0
332,337.0,38700.0,0.0
333,338.0,38800.0,0.0
334,352.0,40200.0,0.0
335,353.0,40300.0,0.0
336,354.0,40400.0,0.0
337,355.0,40500.0,0.0
338,356.0,40600.0,0.0
339,357.0,40700.0,0.0
340,320.0,37000.0,0.0
341,336.0,38600.0,0.0
342,337.0,38700.0,0.0
343,338.0,38800.0,0.0
344,352.0,40200.0,0.0
345,353.0,40300.0,0.0
346,354.0,40400.0,0.0
347,355.0,40500.0,0.0
348,356.0,40600.0,0.0
349,357.0,40700.0,0.0
350,358.0,40800.0,0.0
351,359.0,40900.0,0.0
352,360.0,41000.0,0.0
353,361.0,41100.0,0.0
354,362.0,41200.0,0.0
355,363.0,41300.0,0.0
356,364.0,41400.0,0.0
357,365.0,41500.0,0.0
358,366.0,41600.0,0.0
359,367.0,41700.0,0.0
360,358.0,40800.0,0.0
361,359.0,40900.0,0.0
362,360.0,41000.0,0.0
363,361.0,41100.0,0.0
364,362.0,41200.0,0.0
365,363.0,41300.0,0.0
366,364.0,41400.0,0.0
367,365.0,41500.0,0.0
368,366.0,41600.0,0.0
369,367.0,41700.0,0.0
370,368.0,41800.0,0.0
371,369.0,41900.0,0.0
372,370.0,42000.0,0.0
373,371.0,42100.0,0.0
374,372.0,42200.0,0.0
375,373.0,42300.0,0.0
376,374.0,42400.0,0.0
377,375.0,42500.0,0.0
378,376.0,42600.0,0.0
379,377.0,42700.0,0.0
380,368.0,41800.0,0.0
381,369.0,41900.0,0.0
382,370.0,42000.0,0.0
383,371.0,42100.0,0.0
384,372.0,42200.0,0.0
385,373.0,42300.0,0.0
386,374.0,42400.0,0.0
387,375.0,42500.0,0.0
388,376.0,42600.0,0.0
389,377.0,42700.0,0.0
390,378.0,42800.0,0.0
391,379.0,42900.0,0.0
392,380.0,43000.0,0.0
393,381.0,43100.0,0.0
394,382.0,43200.0,0.0
395,383.0,43300.0,0.0
396,384.0,43400.0,0.0
397,385.0,43500.0,0.0
398,386.0,43600.0,0.0
399,387.0,43700.0,0.0
400,378.0,42800.0,0.0
401,379.0,42900.0,0.0
402,380.0,43000.0,0.0
403,381.0,43100.0,0.0
404,382.0,43200.0,0.0
405,383.0,43300.0,0.0
406,384.0,43400.0,0.0
407,385.0,43500.0,0.0
408,386.0,43600.0,0.0
409,387.0,43700.0,0.0
410,388.0,43800.0,0.0
411,389.0,43900.0,0.0
412,390.0,44000.0,0.0
413,391.0,44100.0,0.0
414,392.0,44200.0,0.0
415,393.0,44300.0,0.0
416,394.0,44400.0,0.0
417,406.0,45600.0,0.0
418,407.0,45700.0,0.0
419,408.0,45800.0,0.0
420,388.0,43800.0,0.0
421,389.0,43900.0,0.0
422,390.0,44000.0,0.0
423,391.0,44100.0,0.0
424,392.0,44200.0,0.0
425,393.0,44300.0,0.0
426,394.0,44400.0,0.0
427,406.0,45600.0,0.0
428,407.0,45700.0,0.0
429,408.0,45800.0,0.0
430,409.0,45900.0,0.0
431,410.0,46000.0,0.0
432,411.0,46100.0,0.0
433,412.0,46200.0,0.0
434,413.0,46300.0,0.0
435,414.0,46400.0,0.0
436,415.0,46500.0,0.0
437,416.0,46600.0,0.0
438,417.0,46700.0,0.0
439,418.0,46800.0,0.0
440,409.0,45900.0,0.0
441,410.0,46000.0,0.0
442,411.0,46100.0,0.0
443,412.0,46200.0,0.0
444,413.0,46300.0,0.0
445,414.0,46400.0,0.0
446,415.0,46500.0,0.0
447,416.0,46600.0,0.0
448,417.0,46700.0,0.0
449,418.0,46800.0,0.0
450,419.0,46900.0,0.0
451,420.0,47000.0,0.0
452,421.0,47100.0,0.0
453,422.0,47200.0,0.0
454,423.0,47300.0,0.0
455,424.0,47400.0,0.0
456,425.0,47500.0,0.0
457,426.0,47600.0,0.0
458,427.0,47700.0,0.0
459,428.0,47800.0,0.0
460,419.0,46900.0,0.0
461,420.0,47000.0,0.0
462,421.0,47100.0,0.0
463,422.0,47200.0,0.0
464,423.0,47300.0,0.0
465,424.0,47400.0,0.0
466,425.0,47500.0,0.0
467,426.0,47600.0,0.0
468,427.0,47700.0,0.0
469,428.0,47800.0,0.0
470,438.0,48800.0,0.0
471,439.0,48900.0,0.0
472,440.0,49000.0,0.0
473,441.0,49100.0,0.0
474,442.0,49200.0,0.0
475,443.0,49300.0,0.0
476,444.0,49400.0,0.0
477,445.0,49500.0,0.0
478,446.0,49600.0,0.0
479,447.0,49700.0,0.0
480,438.0,48800.0,0.0
481,439.0,48900.0,0.0
482,440.0,49000.0,0.0
483,441.0,49100.0,0.0
484,442.0,49200.0,0.0
485,443.0,49300.0,0.0
486,444.0,49400.0,0.0
487,445.0,49500.0,0.0
488,446.0,49600.0,0.0
489,447.0,49700.0,0.0
490,448.0,49800.0,0.0
491,449.0,49900.0,0.0
492,450.0,50000.0,0.0
493,451.0,50100.0,0.0
494,452.0,50200.0,0.0
495,453.0,50300.0,0.0
496,454.0,50400.0,0.0
497,455.0,50500.0,0.0
498,456.0,50600.0,0.0
499,457.0,50700.0,0.0
500,448.0,49800.0,0.0
501,449.0,49900.0,0.0
502,450.0,50000.0,0.0
503,451.0,50100.0,0.0
504,452.0,50200.0,0.0
505,453.0,50300.0,0.0
506,454.0,50400.0,0.0
507,455.0,50500.0,0.0
508,456.0,50600.0,0.0
509,457.0,50700.0,0.0
510,458.0,50800.0,0.0
511,459.0,50900.0,0.0
512,460.0,51000.0,0.0
513,461.0,51100.0,0.0
514,462.0,51200.0,0.0
515,463.0,51300.0,0.0
516,464.0,51400.0,0.0
517,465.0,51500.0,0.0
518,466.0,51600.0,0.0
519,467.0,51700.0,0.0
520,458.0,50800.0,0.0
521,459.0,50900.0,0.0
522,460.0,51000.0,0.0
523,461.0,51100.0,0.0
524,462.0,51200.0,0.0
525,463.0,51300.0,0.0
526,464.0,51400.0,0.0
527,465.0,51500.0,0.0
528,466.0,51600.0,0.0
529,467.0,51700.0,0.0
530,468.0,51800.0,0.0
531,469.0,51900.0,0.0
532,470.0,52000.0,0.0
533,471.0,52100.0,0.0
534,472.0,52200.0,0.0
535,473.0,52300.0,0.0
536,474.0,52400.0,0.0
537,493.0,54300.0,0.0
538,494.0,54400.0,0.0
539,495.0,54500.0,0.0
540,468.0,51800.0,0.0
541,469.0,51900.0,0.0
542,470.0,52000.0,0.0
543,471.0,52100.0,0.0
544,472.0,52200.0,0.0
545,473.0,52300.0,0.0
546,474.0,52400.0,0.0
547,493.0,54300.0,0.0
548,494.0,54400.0,0.0
549,495.0,54500.0,0.0
550,496.0,54600.0,0.0
551,497.0,54700.0,0.0
552,517.0,56700.0,0.0
553,518.0,56800.0,0.0
554,519.0,56900.0,0.0
555,520.0,57000.0,0.0
556,521.0,57100.0,0.0
557,522.0,57200.0,0.0
558,523.0,57300.0,0.0
559,524.0,57400.0,0.0
560,496.0,54600.0,0.0
561,497.0,54700.0,0.0
562,517.0,56700.0,0.0
563,518.0,56800.0,0.0
564,519.0,56900.0,0.0
565,520.0,57000.0,0.0
566,521.0,57100.0,0.0
567,522.0,57200.0,0.0
568,523.0,57300.0,0.0
569,524.0,57400.0,0.0
570,525.0,57500.0,0.0
571,526.0,57600.0,0.0
572,527.0,57700.0,0.0
573,528.0,57800.0,0.0
574,529.0,57900.0,0.0
575,530.0,58000.0,0.0
576,531.0,58100.0,0.0
577,532.0,58200.0,0.0
578,533.0,58300.0,0.0
579,534.0,58400.0,0.0
580,525.0,57500.0,0.0
581,526.0,57600.0,0.0
582,527.0,57700.0,0.0
583,528.0,57800.0,0.0
584,529.0,57900.0,0.0
585,530.0,58000.0,0.0
586,531.0,58100.0,0.0
587,532.0,58200.0,0.0
588,533.0,58300.0,0.0
589,534.0,58400.0,0.0
590,535.0,58500.0,0.0
591,536.0,58600.0,0.0
592,537.0,58700.0,0.0
593,561.0,61100.0,0.0
594,562.0,61200.0,0.0
595,563.0,61300.0,0.0
596,564.0,61400.0,0.0
597,565.0,61500.0,0.0
598,566.0,61600.0,0.0
599,567.0,61700.0,0.0
600,535.0,58500.0,0.0
601,536.0,58600.0,0.0
602,537.0,58700.0,0.0
603,561.0,61100.0,0.0
604,562.0,61200.0,0.0
605,563.0,61300.0,0.0
606,564.0,61400.0,0.0
607,565.0,61500.0,0.0
608,566.0,61600.0,0.0
609,567.0,61700.0,0.0
610,568.0,61800.0,0.0
611,569.0,61900.0,0.0
612,570.0,62000.0,0.0
613,571.0,62100.0,0.0
614,572.0,62200.0,0.0
615,573.0,62300.0,0.0
616,574.0,62400.0,0.0
617,575.0,62500.0,0.0
618,576.0,62600.0,0.0
619,577.0,62700.0,0.0
620,568.0,61800.0,0.0
621,569.0,61900.0,0.0
622,570.0,62000.0,0.0
623,571.0,62100.0,0.0
624,572.0,62200.0,0.0
625,573.0,62300.0,0.0
626,574.0,62400.0,0.0
627,575.0,62500.0,0.0
628,576.0,62600.0,0.0
629,577.0,62700.0,0.0
630,578.0,62800.0,0.0
631,579.0,62900.0,0.0
632,580.0,63000.0,0.0
633,581.0,63100.0,0.0
634,582.0,63200.0,0.0
635,583.0,63300.0,0.0
636,607.0,65700.0,0.0
637,608.0,65800.0,0.0
638,609.0,65900.0,0.0
639,610.0,66000.0,0.0
640,578.0,62800.0,0.0
641,579.0,62900.0,0.0
642,580.0,63000.0,0.0
643,581.0,63100.0,0.0
644,582.0,63200.0,0.0
645,583.0,63300.0,0.0
646,607.0,65700.0,0.0
647,608.0,65800.0,0.0
648,609.0,65900.0,0.0
649,610.0,66000.0,0.0
650,611.0,66100.0,0.0
651,612.0,66200.0,0.0
652,613.0,66300.0,0.0
653,614.0,66400.0,0.0
654,615.0,66500.0,0.0
655,616.0,66600.0,0.0
656,617.0,66700.0,0.0
657,618.0,66800.0,0.0
658,619.0,66900.0,0.0
659,620.0,67000.0,0.0
660,611.0,66100.0,0.0
661,612.0,66200.0,0.0
662,613.0,66300.0,0.0
663,614.0,66400.0,0.0
664,615.0,66500.0,0.0
665,616.0,66600.0,0.0
666,617.0,66700.0,0.0
667,618.0,66800.0,0.0
668,619.0,66900.0,0.0
669,620.0,67000.0,0.0
670,621.0,67100.0,0.0
671,622.0,67200.0,0.0
672,623.0,67300.0,0.0
673,624.0,67400.0,0.0
674,625.0,67500.0,0.0
675,626.0,67600.0,0.0
676,627.0,67700.0,0.0
677,628.0,67800.0,0.0
678,629.0,67900.0,0.0
679,630.0,68000.0,0.0
680,621.0,67100.0,0.0
681,622.0,67200.0,0.0
682,623.0,67300.0,0.0
683,624.0,67400.0,0.0
684,625.0,67500.0,0.0
685,626.0,67600.0,0.0
686,627.0,67700.0,0.0
687,628.0,67800.0,0.0
688,629.0,67900.0,0.0
689,630.0,68000.0,0.0
690,631.0,68100.0,0.0
691,632.0,68200.0,0.0
692,633.0,68300.0,0.0
693,634.0,68400.0,0.0
694,635.0,68500.0,0.0
695,636.0,68600.0,0.0
696,637.0,68700.0,0.0
697,638.0,68800.0,0.0
698,639.0,68900.0,0.0
699,640.0,69000.0,0.0
700,631.0,68100.0,0.0
701,632.0,68200.0,0.0
702,633.0,68300.0,0.0
703,634.0,68400.0,0.0
704,635.0,68500.0,0.0
705,636.0,68600.0,0.0
706,637.0,68700.0,0.0
707,638.0,68800.0,0.0
708,639.0,68900.0,0.0
709,640.0,69000.0,0.0
710,641.0,69100.0,0.0
711,642.0,69200.0,0.0
712,643.0,69300.0,0.0
713,644.0,69400.0,0.0
714,645.0,69500.0,0.0
715,646.0,69600.0,0.0
716,647.0,69700.0,0.0
717,648.0,69800.0,0.0
718,649.0,69900.0,0.0
719,650.0,70000.0,0.0
720,641.0,69100.0,0.0
721,642.0,69200.0,0.0
722,643.0,69300.0,0.0
723,644.0,69400.0,0.0
724,645.0,69500.0,0.0
725,646.0,69600.0,0.0
726,647.0,69700.0,0.0
727,648.0,69800.0,0.0
728,649.0,69900.0,0.0
729,650.0,70000.0,0.0
730,651.0,70100.0,0.0
731,652.0,70200.0,0.0
732,653.0,70300.0,0.0
733,654.0,70400.0,0.0
734,655.0,70500.0,0.0
735,656.0,70600.0,0.0
736,657.0,70700.0,0.0
737,658.0,70800.0,0.0
738,659.0,70900.0,0.0
739,660.0,71000.0,0.0
740,651.0,70100.0,0.0
741,652.0,70200.0,0.0
742,653.0,70300.0,0.0
743,654.0,70400.0,0.0
744,655.0,70500.0,0.0
745,656.0,70600.0,0.0
746,657.0,70700.0,0.0
747,658.0,70800.0,0.0
748,659.0,70900.0,0.0
749,660.0,71000.0,0.0
750,661.0,71100.0,0.0
751,671.0,72100.0,0.0
752,672.0,72200.0,0.0
753,673.0,72300.0,0.0
754,674.0,72400.0,0.0
755,675.0,72500.0,0.0
756,676.0,72600.0,0.0
757,677.0,72700.0,0.0
758,678.0,72800.0,0.0
759,679.0,72900.0,0.0
760,661.0,71100.0,0.0
761,671.0,72100.0,0.0
762,672.0,72200.0,0.0
763,673.0,72300.0,0.0
764,674.0,72400.0,0.0
765,675.0,72500.0,0.0
766,676.0,72600.0,0.0
767,677.0,72700.0,0.0
768,678.0,72800.0,0.0
769,679.0,72900.0,0.0
770,680.0,73000.0,0.0
771,681.0,73100.0,0.0
772,682.0,73200.0,0.0
773,683.0,73300.0,0.0
774,684.0,73400.0,0.0
775,685.0,73500.0,0.0
776,686.0,73600.0,0.0
777,687.0,73700.0,0.0
778,688.0,73800.0,0.0
779,689.0,73900.0,0.0
780,680.0,73000.0,0.0
781,681.0,73100.0,0.0
782,682.0,73200.0,0.0
783,683.0,73300.0,0.0
784,684.0,73400.0,0.0
785,685.0,73500.0,0.0
786,686.0,73600.0,0.0
787,687.0,73700.0,0.0
788,688.0,73800.0,0.0
789,689.0,73900.0,0.0
790,690.0,74000.0,0.0
791,691.0,74100.0,0.0
792,715.0,76500.0,0.0
793,716.0,76600.0,0.0
794,717.0,76700.0,0.0
795,718.0,76800.0,0.0
796,719.0,76900.0,0.0
797,720.0,77000.0,0.0
798,721.0,77100.0,0.0
799,722.0,77200.0,0.0
800,690.0,74000.0,0.0
801,691.0,74100.0,0.0
802,715.0,76500.0,0.0
803,716.0,76600.0,0.0
804,717.0,76700.0,0.0
805,718.0,76800.0,0.0
806,719.0,76900.0,0.0
807,720.0,77000.0,0.0
808,721.0,77100.0,0.0
809,722.0,77200.0,0.0
810,723.0,77300.0,0.0
811,724.0,77400.0,0.0
812,725.0,77500.0,0.0
813,726.0,77600.0,0.0
814,727.0,77700.0,0.0
815,728.0,77800.0,0.0
816,729.0,77900.0,0.0
817,730.0,78000.0,0.0
818,731.0,78100.0,0.0
819,732.0,78200.0,0.0
820,723.0,77300.0,0.0
821,724.0,77400.0,0.0
822,725.0,77500.0,0.0
823,726.0,77600.0,0.0
824,727.0,77700.0,0.0
825,728.0,77800.0,0.0
826,729.0,77900.0,0.0
827,730.0,78000.0,0.0
828,731.0,78100.0,0.0
829,732.0,78200.0,0.0
830,733.0,78300.0,0.0
831,751.0,80100.0,0.0
832,752.0,80200.0,0.0
833,753.0,80300.0,0.0
834,754.0,80400.0,0.0
835,755.0,80500.0,0.0
836,813.0,86300.0,0.0
837,814.0,86400.0,0.0
838,815.0,86500.0,0.0
839,816.0,86600.0,0.0
840,733.0,78300.0,0.0
841,751.0,80100.0,0.0
842,752.0,80200.0,0.0
843,753.0,80300.0,0.0
844,754.0,80400.0,0.0
845,755.0,80500.0,0.0
846,813.0,86300.0,0.0
847,814.0,86400.0,0.0
848,815.0,86500.0,0.0
849,816.0,86600.0,0.0
850,817.0,86700.0,0.0
851,818.0,86800.0,0.0
852,819.0,86900.0,0.0
853,820.0,87000.0,0.0
854,821.0,87100.0,0.0
855,822.0,87200.0,0.0
856,823.0,87300.0,0.0
857,824.0,87400.0,0.0
858,825.0,87500.0,0.0
859,826.0,87600.0,0.0
860,817.0,86700.0,0.0
861,818.0,86800.0,0.0
862,819.0,86900.0,0.0
863,820.0,87000.0,0.0
864,821.0,87100.0,0.0
865,822.0,87200.0,0.0
866,823.0,87300.0,0.0
867,824.0,87400.0,0.0
868,825.0,87500.0,0.0
869,826.0,87600.0,0.0
870,827.0,87700.0,0.0
871,828.0,87800.0,0.0
872,829.0,87900.0,0.0
873,830.0,88000.0,0.0
874,831.0,88100.0,0.0
875,832.0,88200.0,0.0
876,833.0,88300.0,0.0
877,834.0,88400.0,0.0
878,835.0,88500.0,0.0
879,836.0,88600.0,0.0
880,827.0,87700.0,0.0
881,828.0,87800.0,0.0
882,829.0,87900.0,0.0
883,830.0,88000.0,0.0
884,831.0,88100.0,0.0
885,832.0,88200.0,0.0
886,833.0,88300.0,0.0
887,834.0,88400.0,0.0
888,835.0,88500.0,0.0
889,836.0,88600.0,0.0
890,837.0,88700.0,0.0
891,838.0,88800.0,0.0
892,839.0,88900.0,0.0
893,840.0,89000.0,0.0
894,841.0,89100.0,0.0
895,867.0,91700.0,0.0
896,868.0,91800.0,0.0
897,869.0,91900.0,0.0
898,870.0,92000.0,0.0
899,871.0,92100.0,0.0
900,837.0,88700.0,0.0
901,838.0,88800.0,0.0
902,839.0,88900.0,0.0
903,840.0,89000.0,0.0
904,841.0,89100.0,0.0
905,867.0,91700.0,0.0
906,868.0,91800.0,0.0
907,869.0,91900.0,0.0
908,870.0,92000.0,0.0
909,871.0,92100.0,0.0
910,883.0,93300.0,0.0
911,884.0,93400.0,0.0
912,885.0,93500.0,0.0
913,886.0,93600.0,0.0
914,887.0,93700.0,0.0
915,911.0,96100.0,0.0
916,912.0,96200.0,0.0
917,913.0,96300.0,0.0
918,914.0,96400.0,0.0
919,915.0,96500.0,0.0
920,883.0,93300.0,0.0
921,884.0,93400.0,0.0
922,885.0,93500.0,0.0
923,886.0,93600.0,0.0
924,887.0,93700.0,0.0
925,911.0,96100.0,0.0
926,912.0,96200.0,0.0
927,913.0,96300.0,0.0
928,914.0,96400.0,0.0
929,915.0,96500.0,0.0
930,960.0,101000.0,0.0
931,961.0,101100.0,0.0
932,962.0,101200.0,0.0
933,963.0,101300.0,0.0
934,964.0,101400.0,0.0
935,965.0,101500.0,0.0
936,966.0,101600.0,0.0
937,978.0,102800.0,0.0
938,979.0,102900.0,0.0
939,980.0,103000.0,0.0
940,960.0,101000.0,0.0
941,961.0,101100.0,0.0
942,962.0,101200.0,0.0
943,963.0,101300.0,0.0
944,964.0,101400.0,0.0
945,965.0,101500.0,0.0
946,966.0,101600.0,0.0
947,978.0,102800.0,0.0
948,979.0,102900.0,0.0
949,980.0,103000.0,0.0
950,981.0,103100.0,0.0
951,982.0,103200.0,0.0
952,983.0,103300.0,0.0
953,984.0,103400.0,0.0
954,985.0,103500.0,0.0
955,986.0,103600.0,0.0
956,987.0,103700.0,0.0
957,988.0,103800.0,0.0
958,989.0,103900.0,0.0
959,990.0,104000.0,0.0
960,981.0,103100.0,0.0
961,982.0,103200.0,0.0
962,983.0,103300.0,0.0
963,984.0,103400.0,0.0
964,985.0,103500.0,0.0
965,986.0,103600.0,0.0
966,987.0,103700.0,0.0
967,988.0,103800.0,0.0
968,989.0,103900.0,0.0
969,990.0,104000.0,0.0
970,991.0,104100.0,0.0
971,992.0,104200.0,0.0
972,993.0,104300.0,0.0
973,994.0,104400.0,0.0
974,995.0,104500.0,0.0
975,996.0,104600.0,0.0
976,997.0,104700.0,0.0
977,998.0,104800.0,0.0
978,999.0,104900.0,0.0
979,1018.0,106800.0,0.0
980,991.0,104100.0,0.0
981,992.0,104200.0,0.0
982,993.0,104300.0,0.0
983,994.0,104400.0,0.0
984,995.0,104500.0,0.0
985,996.0,104600.0,0.0
986,997.0,104700.0,0.0
987,998.0,104800.0,0.0
988,999.0,104900.0,0.0
989,1018.0,106800.0,0.0
990,1019.0,106900.0,0.0
991,1020.0,107000.0,0.0
992,1021.0,107100.0,0.0
993,1022.0,107200.0,0.0
994,1023.0,107300.0,0.0
995,1024.0,107400.0,0.0
996,1025.0,107500.0,0.0
997,1026.0,107600.0,0.0
998,1027.0,107700.0,0.0
999,1028.0,107800.0,0.0
1000,1019.0,106900.0,0.0
1001,1020.0,107000.0,0.0
1002,1021.0,107100.0,0.0
1003,1022.0,107200.0,0.0
1004,1023.0,107300.0,0.0
1005,1024.0,107400.0,0.0
1006,1025.0,107500.0,0.0
1007,1026.0,107600.0,0.0
1008,1027.0,107700.0,0.0
1009,1028.0,107800.0,0.0
1010,1029.0,107900.0,0.0
1011,1030.0,108000.0,0.0
1012,1031.0,108100.0,0.0
1013,1032.0,108200.0,0.0
1014,1033.0,108300.0,0.0
1015,1034.0,108400.0,0.0
1016,1044.0,109400.0,0.0
1017,1045.0,109500.0,0.0
1018,1046.0,109600.0,0.0
1019,1047.0,109700.0,0.0
1020,1029.0,107900.0,0.0
1021,1030.0,108000.0,0.0
1022,1031.0,108100.0,0.0
1023,1032.0,108200.0,0.0
1024,1033.0,108300.0,0.0
1025,1034.0,108400.0,0.0
1026,1044.0,109400.0,0.0
1027,1045.0,109500.0,0.0
1028,1046.0,109600.0,0.0
1029,1047.0,109700.0,0.0
1030,1048.0,109800.0,0.0
1031,1062.0,111200.0,0.0
1032,1063.0,111300.0,0.0
1033,1064.0,111400.0,0.0
1034,1065.0,111500.0,0.0
1035,1066.0,111600.0,0.0
1036,1067.0,111700.0,0.0
1037,1068.0,111800.0,0.0
1038,1069.0,111900.0,0.0
1039,1070.0,112000.0,0.0
1040,1048.0,109800.0,0.0
1041,1062.0,111200.0,0.0
1042,1063.0,111300.0,0.0
1043,1064.0,111400.0,0.0
1044,1065.0,111500.0,0.0
1045,1066.0,111600.0,0.0
1046,1067.0,111700.0,0.0
1047,1068.0,111800.0,0.0
1048,1069.0,111900.0,0.0
1049,1070.0,112000.0,0.0
1050,1071.0,112100.0,0.0
1051,1072.0,112200.0,0.0
1052,1073.0,112300.0,0.0
1053,1074.0,112400.0,0.0
1054,1075.0,112500.0,0.0
1055,1076.0,112600.0,0.0
1056,1077.0,112700.0,0.0
1057,1078.0,112800.0,0.0
1058,1079.0,112900.0,0.0
1059,1080.0,113000.0,0.0
1060,1071.0,112100.0,0.0
1061,1072.0,112200.0,0.0
1062,1073.0,112300.0,0.0
1063,1074.0,112400.0,0.0
1064,1075.0,112500.0,0.0
1065,1076.0,112600.0,0.0
1066,1077.0,112700.0,0.0
1067,1078.0,112800.0,0.0
1068,1079.0,112900.0,0.0
1069,1080.0,113000.0,0.0
1070,1081.0,113100.0,0.0
1071,1082.0,113200.0,0.0
1072,1083.0,113300.0,0.0
1073,1084.0,113400.0,0.0
1074,1085.0,113500.0,0.0
1075,1086.0,113600.0,0.0
1076,1087.0,113700.0,0.0
1077,1088.0,113800.0,0.0
1078,1089.0,113900.0,0.0
1079,1090.0,114000.0,0.0
1080,1081.0,113100.0,0.0
1081,1082.0,113200.0,0.0
1082,1083.0,113300.0,0.0
1083,1084.0,113400.0,0.0
1084,1085.0,113500.0,0.0
1085,1086.0,113600.0,0.0
1086,1087.0,113700.0,0.0
1087,1088.0,113800.0,0.0
1088,1089.0,113900.0,0.0
1089,1090.0,114000.0,0.0
1090,1091.0,114100.0,0.0
1091,1092.0,114200.0,0.0
1092,1093.0,114300.0,0.0
1093,1094.0,114400.0,0.0
1094,1095.0,114500.0,0.0
1095,1096.0,114600.0,0.0
1096,1097.0,114700.0,0.0
1097,1098.0,114800.0,0.0
1098,1099.0,114900.0,0.0
1099,1100.0,115000.0,0.0
1100,1091.0,114100.0,0.0
1101,1092.0,114200.0,0.0
1102,1093.0,114300.0,0.0
1103,1094.0,114400.0,0.0
1104,1095.0,114500.0,0.0
1105,1096.0,114600.0,0.0
1106,1097.0,114700.0,0.0
1107,1098.0,114800.0,0.0
1108,1099.0,114900.0,0.0
1109,1100.0,115000.0,0.0
1110,1101.0,115100.0,0.0
1111,1102.0,115200.0,0.0
1112,1103.0,115300.0,0.0
1113,1104.0,115400.0,0.0
1114,1105.0,115500.0,0.0
1115,1106.0,115600.0,0.0
1116,1107.0,115700.0,0.0
1117,1108.0,115800.0,0.0
1118,1109.0,115900.0,0.0
1119,1110.0,116000.0,0.0
1120,1101.0,115100.0,0.0
1121,1102.0,115200.0,0.0
1122,1103.0,115300.0,0.0
1123,1104.0,115400.0,0.0
1124,1105.0,115500.0,0.0
1125,1106.0,115600.0,0.0
1126,1107.0,115700.0,0.0
1127,1108.0,115800.0,0.0
1128,1109.0,115900.0,0.0
1129,1110.0,116000.0,0.0
1130,1111.0,116100.0,0.0
1131,1112.0,116200.0,0.0
1132,1113.0,116300.0,0.0
1133,1114.0,116400.0,0.0
1134,1115.0,116500.0,0.0
1135,1116.0,116600.0,0.0
1136,1117.0,116700.0,0.0
1137,1118.0,116800.0,0.0
1138,1119.0,116900.0,0.0
1139,1120.0,117000.0,0.0
1140,1111.0,116100.0,0.0
1141,1112.0,116200.0,0.0
1142,1113.0,116300.0,0.0
1143,1114.0,116400.0,0.0
1144,1115.0,116500.0,0.0
1145,1116.0,116600.0,0.0
1146,1117.0,116700.0,0.0
1147,1118.0,116800.0,0.0
1148,1119.0,116900.0,0.0
1149,1120.0,117000.0,0.0
1150,1121.0,117100.0,0.0
1151,1122.0,117200.0,0.0
1152,1123.0,117300.0,0.0
1153,1124.0,117400.0,0.0
1154,1125.0,117500.0,0.0
1155,1126.0,117600.0,0.0
1156,1138.0,118800.0,0.0
1157,1139.0,118900.0,0.0
1158,1140.0,119000.0,0.0
1159,1141.0,119100.0,0.0
1160,1121.0,117100.0,0.0
1161,1122.0,117200.0,0.0
1162,1123.0,117300.0,0.0
1163,1124.0,117400.0,0.0
1164,1125.0,117500.0,0.0
1165,1126.0,117600.0,0.0
1166,1138.0,118800.0,0.0
1167,1139.0,118900.0,0.0
1168,1140.0,119000.0,0.0
1169,1141.0,119100.0,0.0
1170,1142.0,119200.0,0.0
1171,1143.0,119300.0,0.0
1172,1144.0,119400.0,0.0
1173,1145.0,119500.0,0.0
1174,1146.0,119600.0,0.0
1175,1147.0,119700.0,0.0
1176,1148.0,119800.0,0.0
1177,1149.0,119900.0,0.0
1178,1150.0,120000.0,0.0
1179,1151.0,120100.0,0.0
1180,1142.0,119200.0,0.0
1181,1143.0,119300.0,0.0
1182,1144.0,119400.0,0.0
1183,1145.0,119500.0,0.0
1184,1146.0,119600.0,0.0
1185,1147.0,119700.0,0.0
1186,1148.0,119800.0,0.0
1187,1149.0,119900.0,0.0
1188,1150.0,120000.0,0.0
1189,1151.0,120100.0,0.0
1190,1152.0,120200.0,0.0
1191,1153.0,120300.0,0.0
1192,1154.0,120400.0,0.0
1193,1155.0,120500.0,0.0
1194,1156.0,120600.0,0.0
1195,1157.0,120700.0,0.0
1196,1158.0,120800.0,0.0
1197,1159.0,120900.0,0.0
1198,1160.0,121000.0,0.0
1199,1161.0,121100.0,0.0
1200,1152.0,120200.0,0.0
1201,1153.0,120300.0,0.0
1202,1154.0,120400.0,0.0
1203,1155.0,120500.0,0.0
1204,1156.0,120600.0,0.0
1205,1157.0,120700.0,0.0
1206,1158.0,120800.0,0.0
1207,1159.0,120900.0,0.0
1208,1160.0,121000.0,0.0
1209,1161.0,121100.0,0.0
1210,1162.0,121200.0,0.0
1211,1163.0,121300.0,0.0
1212,1164.0,121400.0,0.0
1213,1165.0,121500.0,0.0
1214,1166.0,121600.0,0.0
1215,1167.0,121700.0,0.0
1216,1168.0,121800.0,0.0
1217,1198.0,124800.0,0.0
1218,1199.0,124900.0,0.0
1219,1200.0,125000.0,0.0
1220,1162.0,121200.0,0.0
1221,1163.0,121300.0,0.0
1222,1164.0,121400.0,0.0
1223,1165.0,121500.0,0.0
1224,1166.0,121600.0,0.0
1225,1167.0,121700.0,0.0
1226,1168.0,121800.0,0.0
1227,1198.0,124800.0,0.0
1228,1199.0,124900.0,0.0
1229,1200.0,125000.0,0.0
1230,1201.0,125100.0,0.0
1231,1202.0,125200.0,0.0
1232,1203.0,125300.0,0.0
1233,1204.0,125400.0,0.0
1234,1205.0,125500.0,0.0
1235,1206.0,125600.0,0.0
1236,1207.0,125700.0,0.0
1237,1208.0,125800.0,0.0
1238,1209.0,125900.0,0.0
1239,1210.0,126000.0,0.0
1240,1201.0,125100.0,0.0
1241,1202.0,125200.0,0.0
1242,1203.0,125300.0,0.0
1243,1204.0,125400.0,0.0
1244,1205.0,125500.0,0.0
1245,1206.0,125600.0,0.0
1246,1207.0,125700.0,0.0
1247,1208.0,125800.0,0.0
1248,1209.0,125900.0,0.0
1249,1210.0,126000.0,0.0
1250,1211.0,126100.0,0.0
1251,1212.0,126200.0,0.0
1252,1213.0,126300.0,0.0
1253,1214.0,126400.0,0.0
1254,1215.0,126500.0,0.0
1255,1216.0,126600.0,0.0
1256,1217.0,126700.0,0.0
1257,1218.0,126800.0,0.0
1258,1219.0,126900.0,0.0
1259,1220.0,127000.0,0.0
1260,1211.0,126100.0,0.0
1261,1212.0,126200.0,0.0
1262,1213.0,126300.0,0.0
1263,1214.0,126400.0,0.0
1264,1215.0,126500.0,0.0
1265,1216.0,126600.0,0.0
1266,1217.0,126700.0,0.0
1267,1218.0,126800.0,0.0
1268,1219.0,126900.0,0.0
1269,1220.0,127000.0,0.0
1270,1221.0,127100.0,0.0
1271,1222.0,127200.0,0.0
1272,1223.0,127300.0,0.0
1273,1224.0,127400.0,0.0
1274,1225.0,127500.0,0.0
1275,1226.0,127600.0,0.0
1276,1227.0,127700.0,0.0
1277,1228.0,127800.0,0.0
1278,1242.0,129200.0,0.0
1279,1243.0,129300.0,0.0
1280,1221.0,127100.0,0.0
1281,1222.0,127200.0,0.0
1282,1223.0,127300.0,0.0
1283,1224.0,127400.0,0.0
1284,1225.0,127500.0,0.0
1285,1226.0,127600.0,0.0
1286,1227.0,127700.0,0.0
1287,1228.0,127800.0,0.0
1288,1242.0,129200.0,0.0
1289,1243.0,129300.0,0.0
1290,1244.0,129400.0,0.0
1291,1245.0,129500.0,0.0
1292,1246.0,129600.0,0.0
1293,1272.0,132200.0,0.0
1294,1273.0,132300.0,0.0
1295,1274.0,132400.0,0.0
1296,1275.0,132500.0,0.0
1297,1276.0,132600.0,0.0
1298,1277.0,132700.0,0.0
1299,1278.0,132800.0,0.0
1300,1244.0,129400.0,0.0
1301,1245.0,129500.0,0.0
1302,1246.0,129600.0,0.0
1303,1272.0,132200.0,0.0
1304,1273.0,132300.0,0.0
1305,1274.0,132400.0,0.0
1306,1275.0,132500.0,0.0
1307,1276.0,132600.0,0.0
1308,1277.0,132700.0,0.0
1309,1278.0,132800.0,0.0
1310,1279.0,132900.0,0.0
1311,1280.0,133000.0,0.0
1312,1281.0,133100.0,0.0
1313,1282.0,133200.0,0.0
1314,1283.0,133300.0,0.0
1315,1284.0,133400.0,0.0
1316,1285.0,133500.0,0.0
1317,1286.0,133600.0,0.0
1318,1287.0,133700.0,0.0
1319,1288.0,133800.0,0.0
1320,1279.0,132900.0,0.0
1321,1280.0,133000.0,0.0
1322,1281.0,133100.0,0.0
1323,1282.0,133200.0,0.0
1324,1283.0,133300.0,0.0
1325,1284.0,133400.0,0.0
1326,1285.0,133500.0,0.0
1327,1286.0,133600.0,0.0
1328,1287.0,133700.0,0.0
1329,1288.0,133800.0,0.0
1330,1289.0,133900.0,0.0
1331,1290.0,134000.0,0.0
1332,1291.0,134100.0,0.0
1333,1292.0,134200.0,0.0
1334,1293.0,134300.0,0.0
1335,1294.0,134400.0,0.0
1336,1330.0,138000.0,0.0
1337,1331.0,138100.0,0.0
1338,1332.0,138200.0,0.0
1339,1333.0,138300.0,0.0
1340,1289.0,133900.0,0.0
1341,1290.0,134000.0,0.0
1342,1291.0,134100.0,0.0
1343,1292.0,134200.0,0.0
1344,1293.0,134300.0,0.0
1345,1294.0,134400.0,0.0
1346,1330.0,138000.0,0.0
1347,1331.0,138100.0,0.0
1348,1332.0,138200.0,0.0
1349,1333.0,138300.0,0.0
1350,1334.0,138400.0,0.0
1351,1335.0,138500.0,0.0
1352,1336.0,138600.0,0.0
1353,1337.0,138700.0,0.0
1354,1338.0,138800.0,0.0
1355,1339.0,138900.0,0.0
1356,1340.0,139000.0,0.0
1357,1341.0,139100.0,0.0
1358,1342.0,139200.0,0.0
1359,1343.0,139300.0,0.0
1360,1334.0,138400.0,0.0
1361,1335.0,138500.0,0.0
1362,1336.0,138600.0,0.0
1363,1337.0,138700.0,0.0
1364,1338.0,138800.0,0.0
1365,1339.0,138900.0,0.0
1366,1340.0,139000.0,0.0
1367,1341.0,139100.0,0.0
1368,1342.0,139200.0,0.0
1369,1343.0,139300.0,0.0
1370,1344.0,139400.0,0.0
1371,1345.0,139500.0,0.0
1372,1346.0,139600.0,0.0
1373,1347.0,139700.0,0.0
1374,1348.0,139800.0,0.0
1375,1349.0,139900.0,0.0
1376,1350.0,140000.0,0.0
1377,1351.0,140100.0,0.0
1378,1352.0,140200.0,0.0
1379,1353.0,140300.0,0.0
1380,1344.0,139400.0,0.0
1381,1345.0,139500.0,0.0
1382,1346.0,139600.0,0.0
1383,1347.0,139700.0,0.0
1384,1348.0,139800.0,0.0
1385,1349.0,139900.0,0.0
1386,1350.0,140000.0,0.0
1387,1351.0,140100.0,0.0
1388,1352.0,140200.0,0.0
1389,1353.0,140300.0,0.0
1390,1354.0,140400.0,0.0
1391,1355.0,140500.0,0.0
1392,1356.0,140600.0,0.0
1393,1357.0,140700.0,0.0
1394,1358.0,140800.0,0.0
1395,1359.0,140900.0,0.0
1396,1360.0,141000.0,0.0
1397,1361.0,141100.0,0.0
1398,1362.0,141200.0,0.0
1399,1363.0,141300.0,0.0
1400,1354.0,140400.0,0.0
1401,1355.0,140500.0,0.0
1402,1356.0,140600.0,0.0
1403,1357.0,140700.0,0.0
1404,1358.0,140800.0,0.0
1405,1359.0,140900.0,0.0
1406,1360.0,141000.0,0.0
1407,1361.0,141100.0,0.0
1408,1362.0,141200.0,0.0
1409,1363.0,141300.0,0.0
1410,1364.0,141400.0,0.0
1411,1365.0,141500.0,0.0
1412,1366.0,141600.0,0.0
1413,1380.0,143000.0,0.0
1414,1381.0,143100.0,0.0
1415,1382.0,143200.0,0.0
1416,1383.0,143300.0,0.0
1417,1384.0,143400.0,0.0
1418,1385.0,143500.0,0.0
1419,1386.0,143600.0,0.0
1420,1364.0,141400.0,0.0
1421,1365.0,141500.0,0.0
1422,1366.0,141600.0,0.0
1423,1380.0,143000.0,0.0
1424,1381.0,143100.0,0.0
1425,1382.0,143200.0,0.0
1426,1383.0,143300.0,0.0
1427,1384.0,143400.0,0.0
1428,1385.0,143500.0,0.0
1429,1386.0,143600.0,0.0
1430,1387.0,143700.0,0.0
1431,1388.0,143800.0,0.0
1432,1389.0,143900.0,0.0
1433,1390.0,144000.0,0.0
1434,1406.0,145600.0,0.0
1435,1407.0,145700.0,0.0
1436,1408.0,145800.0,0.0
1437,1409.0,145900.0,0.0
1438,1410.0,146000.0,0.0
1439,1507.0,155700.0,0.0
1440,1387.0,143700.0,0.0
1441,1388.0,143800.0,0.0
1442,1389.0,143900.0,0.0
1443,1390.0,144000.0,0.0
1444,1406.0,145600.0,0.0
1445,1407.0,145700.0,0.0
1446,1408.0,145800.0,0.0
1447,1409.0,145900.0,0.0
1448,1410.0,146000.0,0.0
1449,1507.0,155700.0,0.0
1450,1508.0,155800.0,0.0
1451,1509.0,155900.0,0.0
1452,1510.0,156000.0,0.0
1453,1511.0,156100.0,0.0
1454,1512.0,156200.0,0.0
1455,1513.0,156300.0,0.0
1456,1514.0,156400.0,0.0
1457,1515.0,156500.0,0.0
1458,1516.0,156600.0,0.0
1459,1517.0,156700.0,0.0
1460,1508.0,155800.0,0.0
1461,1509.0,155900.0,0.0
1462,1510.0,156000.0,0.0
1463,1511.0,156100.0,0.0
1464,1512.0,156200.0,0.0
1465,1513.0,156300.0,0.0
1466,1514.0,156400.0,0.0
1467,1515.0,156500.0,0.0
1468,1516.0,156600.0,0.0
1469,1517.0,156700.0,0.0
1470,1518.0,156800.0,0.0
1471,1519.0,156900.0,0.0
1472,1520.0,157000.0,0.0
1473,1521.0,157100.0,0.0
1474,1522.0,157200.0,0.0
1475,1523.0,157300.0,0.0
1476,1524.0,157400.0,0.0
1477,1525.0,157500.0,0.0
1478,1543.0,159300.0,0.0
1479,1544.0,159400.0,0.0
1480,1518.0,156800.0,0.0
1481,1519.0,156900.0,0.0
1482,1520.0,157000.0,0.0
1483,1521.0,157100.0,0.0
1484,1522.0,157200.0,0.0
1485,1523.0,157300.0,0.0
1486,1524.0,157400.0,0.0
1487,1525.0,157500.0,0.0
1488,1543.0,159300.0,0.0
1489,1544.0,159400.0,0.0
1490,1545.0,159500.0,0.0
1491,1546.0,159600.0,0.0
1492,1547.0,159700.0,0.0
1493,1559.0,160900.0,0.0
1494,1560.0,161000.0,0.0
1495,1561.0,161100.0,0.0
1496,1562.0,161200.0,0.0
1497,1563.0,161300.0,0.0
1498,1564.0,161400.0,0.0
1499,1565.0,161500.0,0.0
1500,1545.0,159500.0,0.0
1501,1546.0,159600.0,0.0
1502,1547.0,159700.0,0.0
1503,1559.0,160900.0,0.0
1504,1560.0,161000.0,0.0
1505,1561.0,161100.0,0.0
1506,1562.0,161200.0,0.0
1507,1563.0,161300.0,0.0
1508,1564.0,161400.0,0.0
1509,1565.0,161500.0,0.0
1510,1566.0,161600.0,0.0
1511,1567.0,161700.0,0.0
1512,1568.0,161800.0,0.0
1513,1593.0,164300.0,0.0
1514,1594.0,164400.0,0.0
1515,1595.0,164500.0,0.0
1516,1596.0,164600.0,0.0
1517,1597.0,164700.0,0.0
1518,1598.0,164800.0,0.0
1519,1599.0,164900.0,0.0
1520,1566.0,161600.0,0.0
1521,1567.0,161700.0,0.0
1522,1568.0,161800.0,0.0
1523,1593.0,164300.0,0.0
1524,1594.0,164400.0,0.0
1525,1595.0,164500.0,0.0
1526,1596.0,164600.0,0.0
1527,1597.0,164700.0,0.0
1528,1598.0,164800.0,0.0
1529,1599.0,164900.0,0.0
1530,1600.0,165000.0,0.0
1531,1601.0,165100.0,0.0
1532,1602.0,165200.0,0.0
1533,1603.0,165300.0,0.0
1534,1604.0,165400.0,0.0
1535,1605.0,165500.0,0.0
1536,1615.0,166500.0,0.0
1537,1616.0,166600.0,0.0
1538,1617.0,166700.0,0.0
1539,1618.0,166800.0,0.0
1540,1600.0,165000.0,0.0
1541,1601.0,165100.0,0.0
1542,1602.0,165200.0,0.0
1543,1603.0,165300.0,0.0
1544,1604.0,165400.0,0.0
1545,1605.0,165500.0,0.0
1546,1615.0,166500.0,0.0
1547,1616.0,166600.0,0.0
1548,1617.0,166700.0,0.0
1549,1618.0,166800.0,0.0
1550,1619.0,166900.0,0.0
1551,1635.0,168500.0,0.0
1552,1636.0,168600.0,0.0
1553,1637.0,168700.0,0.0
1554,1638.0,168800.0,0.0
1555,1639.0,168900.0,0.0
1556,1640.0,169000.0,0.0
1557,1641.0,169100.0,0.0
1558,1642.0,169200.0,0.0
1559,1643.0,169300.0,0.0
1560,1619.0,166900.0,0.0
1561,1635.0,168500.0,0.0
1562,1636.0,168600.0,0.0
1563,1637.0,168700.0,0.0
1564,1638.0,168800.0,0.0
1565,1639.0,168900.0,0.0
1566,1640.0,169000.0,0.0
1567,1641.0,169100.0,0.0
1568,1642.0,169200.0,0.0
1569,1643.0,169300.0,0.0
1570,1644.0,169400.0,0.0
1571,1645.0,169500.0,0.0
1572,1646.0,169600.0,0.0
1573,1647.0,169700.0,0.0
1574,1648.0,169800.0,0.0
1575,1649.0,169900.0,0.0
1576,1650.0,170000.0,0.0
1577,1651.0,170100.0,0.0
1578,1652.0,170200.0,0.0
1579,1653.0,170300.0,0.0
1580,1644.0,169400.0,0.0
1581,1645.0,169500.0,0.0
1582,1646.0,169600.0,0.0
1583,1647.0,169700.0,0.0
1584,1648.0,169800.0,0.0
1585,1649.0,169900.0,0.0
1586,1650.0,170000.0,0.0
1587,1651.0,170100.0,0.0
1588,1652.0,170200.0,0.0
1589,1653.0,170300.0,0.0
1590,1654.0,170400.0,0.0
1591,1655.0,170500.0,0.0
1592,1656.0,170600.0,0.0
1593,1657.0,170700.0,0.0
1594,1658.0,170800.0,0.0
1595,1659.0,170900.0,0.0
1596,1660.0,171000.0,0.0
1597,1661.0,171100.0,0.0
1598,1662.0,171200.0,0.0
1599,1663.0,171300.0,0.0
1600,1654.0,170400.0,0.0
1601,1655.0,170500.0,0.0
1602,1656.0,170600.0,0.0
1603,1657.0,170700.0,0.0
1604,1658.0,170800.0,0.0
1605,1659.0,170900.0,0.0
1606,1660.0,171000.0,0.0
1607,1661.0,171100.0,0.0
1608,1662.0,171200.0,0.0
1609,1663.0,171300.0,0.0
1610,1664.0,171400.0,0.0
1611,1665.0,171500.0,0.0
1612,1666.0,171600.0,0.0
1613,1667.0,171700.0,0.0
1614,1668.0,171800.0,0.0
1615,1669.0,171900.0,0.0
1616,1670.0,172000.0,0.0
1617,1671.0,172100.0,0.0
1618,1672.0,172200.0,0.0
1619,1673.0,172300.0,0.0
1620,1664.0,171400.0,0.0
1621,1665.0,171500.0,0.0
1622,1666.0,171600.0,0.0
1623,1667.0,171700.0,0.0
1624,1668.0,171800.0,0.0
1625,1669.0,171900.0,0.0
1626,1670.0,172000.0,0.0
1627,1671.0,172100.0,0.0
1628,1672.0,172200.0,0.0
1629,1673.0,172300.0,0.0
1630,1674.0,172400.0,0.0
1631,1675.0,172500.0,0.0
1632,1676.0,172600.0,0.0
1633,1677.0,172700.0,0.0
1634,1678.0,172800.0,0.0
1635,1679.0,172900.0,0.0
1636,1680.0,173000.0,0.0
1637,1681.0,173100.0,0.0
1638,1682.0,173200.0,0.0
1639,1683.0,173300.0,0.0
1640,1674.0,172400.0,0.0
1641,1675.0,172500.0,0.0
1642,1676.0,172600.0,0.0
1643,1677.0,172700.0,0.0
1644,1678.0,172800.0,0.0
1645,1679.0,172900.0,0.0
1646,1680.0,173000.0,0.0
1647,1681.0,173100.0,0.0
1648,1682.0,173200.0,0.0
1649,1683.0,173300.0,0.0
1650,1684.0,173400.0,0.0
1651,1685.0,173500.0,0.0
1652,1686.0,173600.0,0.0
1653,1687.0,173700.0,0.0
1654,1688.0,173800.0,0.0
1655,1689.0,173900.0,0.0
1656,1690.0,174000.0,0.0
1657,1691.0,174100.0,0.0
1658,1692.0,174200.0,0.0
1659,1693.0,174300.0,0.0
1660,1684.0,173400.0,0.0
1661,1685.0,173500.0,0.0
1662,1686.0,173600.0,0.0
1663,1687.0,173700.0,0.0
1664,1688.0,173800.0,0.0
1665,1689.0,173900.0,0.0
1666,1690.0,174000.0,0.0
1667,1691.0,174100.0,0.0
1668,1692.0,174200.0,0.0
1669,1693.0,174300.0,0.0
1670,1694.0,174400.0,0.0
1671,1695.0,174500.0,0.0
1672,1696.0,174600.0,0.0
1673,1697.0,174700.0,0.0
1674,1698.0,174800.0,0.0
1675,1699.0,174900.0,0.0
1676,1700.0,175000.0,0.0
1677,1701.0,175100.0,0.0
1678,1702.0,175200.0,0.0
1679,1703.0,175300.0,0.0
1680,1694.0,174400.0,0.0
1681,1695.0,174500.0,0.0
1682,1696.0,174600.0,0.0
1683,1697.0,174700.0,0.0
1684,1698.0,174800.0,0.0
1685,1699.0,174900.0,0.0
1686,1700.0,175000.0,0.0
1687,1701.0,175100.0,0.0
1688,1702.0,175200.0,0.0
1689,1703.0,175300.0,0.0
1690,1704.0,175400.0,0.0
1691,1705.0,175500.0,0.0
1692,1706.0,175600.0,0.0
1693,1707.0,175700.0,0.0
1694,1708.0,175800.0,0.0
1695,1709.0,175900.0,0.0
1696,1710.0,176000.0,0.0
1697,1711.0,176100.0,0.0
1698,1712.0,176200.0,0.0
1699,1713.0,176300.0,0.0
1700,1704.0,175400.0,0.0
1701,1705.0,175500.0,0.0
1702,1706.0,175600.0,0.0
1703,1707.0,175700.0,0.0
1704,1708.0,175800.0,0.0
1705,1709.0,175900.0,0.0
1706,1710.0,176000.0,0.0
1707,1711.0,176100.0,0.0
1708,1712.0,176200.0,0.0
1709,1713.0,176300.0,0.0
1710,1714.0,176400.0,0.0
1711,1715.0,176500.0,0.0
1712,1716.0,176600.0,0.0
1713,1717.0,176700.0,0.0
1714,1718.0,176800.0,0.0
1715,1719.0,176900.0,0.0
1716,1720.0,177000.0,0.0
1717,1721.0,177100.0,0.0
1718,1722.0,177200.0,0.0
1719,1723.0,177300.0,0.0
1720,1714.0,176400.0,0.0
1721,1715.0,176500.0,0.0
1722,1716.0,176600.0,0.0
1723,1717.0,176700.0,0.0
1724,1718.0,176800.0,0.0
1725,1719.0,176900.0,0.0
1726,1720.0,177000.0,0.0
1727,1721.0,177100.0,0.0
1728,1722.0,177200.0,0.0
1729,1723.0,177300.0,0.0
1730,1724.0,177400.0,0.0
1731,1725.0,177500.0,0.0
1732,1726.0,177600.0,0.0
1733,1727.0,177700.0,0.0
1734,1728.0,177800.0,0.0
1735,1729.0,177900.0,0.0
1736,1730.0,178000.0,0.0
1737,1731.0,178100.0,0.0
1738,1732.0,178200.0,0.0
1739,1733.0,178300.0,0.0
1740,1724.0,177400.0,0.0
1741,1725.0,177500.0,0.0
1742,1726.0,177600.0,0.0
1743,1727.0,177700.0,0.0
1744,1728.0,177800.0,0.0
1745,1729.0,177900.0,0.0
1746,1730.0,178000.0,0.0
1747,1731.0,178100.0,0.0
1748,1732.0,178200.0,0.0
1749,1733.0,178300.0,0.0
1750,1734.0,178400.0,0.0
1751,1735.0,178500.0,0.0
1752,1736.0,178600.0,0.0
1753,1737.0,178700.0,0.0
1754,1738.0,178800.0,0.0
1755,1739.0,178900.0,0.0
1756,1740.0,179000.0,0.0
1757,1741.0,179100.0,0.0
1758,1742.0,179200.0,0.0
1759,1743.0,179300.0,0.0
1760,1734.0,178400.0,0.0
1761,1735.0,178500.0,0.0
1762,1736.0,178600.0,0.0
1763,1737.0,178700.0,0.0
1764,1738.0,178800.0,0.0
1765,1739.0,178900.0,0.0
1766,1740.0,179000.0,0.0
1767,1741.0,179100.0,0.0
1768,1742.0,179200.0,0.0
1769,1743.0,179300.0,0.0
1770,1744.0,179400.0,0.0
1771,1745.0,179500.0,0.0
1772,1746.0,179600.0,0.0
1773,1747.0,179700.0,0.0
1774,1748.0,179800.0,0.0
1775,1749.0,179900.0,0.0
1776,1750.0,180000.0,0.0
1777,1751.0,180100.0,0.0
1778,1752.0,180200.0,0.0
1779,1753.0,180300.0,0.0
1780,1744.0,179400.0,0.0
1781,1745.0,179500.0,0.0
1782,1746.0,179600.0,0.0
1783,1747.0,179700.0,0.0
1784,1748.0,179800.0,0.0
1785,1749.0,179900.0,0.0
1786,1750.0,180000.0,0.0
1787,1751.0,180100.0,0.0
1788,1752.0,180200.0,0.0
1789,1753.0,180300.0,0.0
1790,1754.0,180400.0,0.0
1791,1755.0,180500.0,0.0
1792,1756.0,180600.0,0.0
1793,1757.0,180700.0,0.0
1794,1758.0,180800.0,0.0
1795,1759.0,180900.0,0.0
1796,1760.0,181000.0,0.0
1797,1761.0,181100.0,0.0
1798,1762.0,181200.0,0.0
1799,1763.0,181300.0,0.0
1800,1754.0,180400.0,0.0
1801,1755.0,180500.0,0.0
1802,1756.0,180600.0,0.0
1803,1757.0,180700.0,0.0
1804,1758.0,180800.0,0.0
1805,1759.0,180900.0,0.0
1806,1760.0,181000.0,0.0
1807,1761.0,181100.0,0.0
1808,1762.0,181200.0,0.0
1809,1763.0,181300.0,0.0
1810,1764.0,181400.0,0.0
1811,1765.0,181500.0,0.0
1812,1766.0,181600.0,0.0
1813,1767.0,181700.0,0.0
1814,1768.0,181800.0,0.0
1815,1769.0,181900.0,0.0
1816,1770.0,182000.0,0.0
1817,1771.0,182100.0,0.0
1818,1772.0,182200.0,0.0
1819,1773.0,182300.0,0.0
1820,1764.0,181400.0,0.0
1821,1765.0,181500.0,0.0
1822,1766.0,181600.0,0.0
1823,1767.0,181700.0,0.0
1824,1768.0,181800.0,0.0
1825,1769.0,181900.0,0.0
1826,1770.0,182000.0,0.0
1827,1771.0,182100.0,0.0
1828,1772.0,182200.0,0.0
1829,1773.0,182300.0,0.0
1830,1774.0,182400.0,0.0
1831,1775.0,182500.0,0.0
1832,1776.0,182600.0,0.0
1833,1777.0,182700.0,0.0
1834,1778.0,182800.0,0.0
1835,1779.0,182900.0,0.0
1836,1780.0,183000.0,0.0
1837,1781.0,183100.0,0.0
1838,1782.0,183200.0,0.0
1839,1783.0,183300.0,0.0
1840,1774.0,182400.0,0.0
1841,1775.0,182500.0,0.0
1842,1776.0,182600.0,0.0
1843,1777.0,182700.0,0.0
1844,1778.0,182800.0,0.0
1845,1779.0,182900.0,0.0
1846,1780.0,183000.0,0.0
1847,1781.0,183100.0,0.0
1848,1782.0,183200.0,0.0
1849,1783.0,183300.0,0.0
1850,1784.0,183400.0,0.0
1851,1785.0,183500.0,0.0
1852,1786.0,183600.0,0.0
1853,1787.0,183700.0,0.0
1854,1788.0,183800.0,0.0
1855,1789.0,183900.0,0.0
1856,1790.0,184000.0,0.0
1857,1791.0,184100.0,0.0
1858,1792.0,184200.0,0.0
1859,1793.0,184300.0,0.0
1860,1784.0,183400.0,0.0
1861,1785.0,183500.0,0.0
1862,1786.0,183600.0,0.0
1863,1787.0,183700.0,0.0
1864,1788.0,183800.0,0.0
1865,1789.0,183900.0,0.0
1866,1790.0,184000.0,0.0
1867,1791.0,184100.0,0.0
1868,1792.0,184200.0,0.0
1869,1793.0,184300.0,0.0
1870,1794.0,184400.0,0.0
1871,1795.0,184500.0,0.0
1872,1796.0,184600.0,0.0
1873,1797.0,184700.0,0.0
1874,1798.0,184800.0,0.0
1875,1799.0,184900.0,0.0
1876,1800.0,185000.0,0.0
1877,1801.0,185100.0,0.0
1878,1802.0,185200.0,0.0
1879,1803.0,185300.0,0.0
1880,1794.0,184400.0,0.0
1881,1795.0,184500.0,0.0
1882,1796.0,184600.0,0.0
1883,1797.0,184700.0,0.0
1884,1798.0,184800.0,0.0
1885,1799.0,184900.0,0.0
1886,1800.0,185000.0,0.0
1887,1801.0,185100.0,0.0
1888,1802.0,185200.0,0.0
1889,1803.0,185300.0,0.0
1890,1804.0,185400.0,0.0
1891,1805.0,185500.0,0.0
1892,1806.0,185600.0,0.0
1893,1807.0,185700.0,0.0
1894,1808.0,185800.0,0.0
1895,1809.0,185900.0,0.0
1896,1810.0,186000.0,0.0
1897,1811.0,186100.0,0.0
1898,1812.0,186200.0,0.0
1899,1813.0,186300.0,0.0
1900,1804.0,185400.0,0.0
1901,1805.0,185500.0,0.0
1902,1806.0,185600.0,0.0
1903,1807.0,185700.0,0.0
1904,1808.0,185800.0,0.0
1905,1809.0,185900.0,0.0
1906,1810.0,186000.0,0.0
1907,1811.0,186100.0,0.0
1908,1812.0,186200.0,0.0
1909,1813.0,186300.0,0.0
1910,1814.0,186400.0,0.0
1911,1815.0,186500.0,0.0
1912,1816.0,186600.0,0.0
1913,1817.0,186700.0,0.0
1914,1818.0,186800.0,0.0
1915,1819.0,186900.0,0.0
1916,1820.0,187000.0,0.0
1917,1821.0,187100.0,0.0
1918,1835.0,188500.0,0.0
1919,1836.0,188600.0,0.0
1920,1814.0,186400.0,0.0
1921,1815.0,186500.0,0.0
1922,1816.0,186600.0,0.0
1923,1817.0,186700.0,0.0
1924,1818.0,186800.0,0.0
1925,1819.0,186900.0,0.0
1926,1820.0,187000.0,0.0
1927,1821.0,187100.0,0.0
1928,1835.0,188500.0,0.0
1929,1836.0,188600.0,0.0
1930,1837.0,188700.0,0.0
1931,1838.0,188800.0,0.0
1932,1839.0,188900.0,0.0
1933,1840.0,189000.0,0.0
1934,1841.0,189100.0,0.0
1935,1842.0,189200.0,0.0
1936,1843.0,189300.0,0.0
1937,1844.0,189400.0,0.0
1938,1845.0,189500.0,0.0
1939,1846.0,189600.0,0.0
1940,1837.0,188700.0,0.0
1941,1838.0,188800.0,0.0
1942,1839.0,188900.0,0.0
1943,1840.0,189000.0,0.0
1944,1841.0,189100.0,0.0
1945,1842.0,189200.0,0.0
1946,1843.0,189300.0,0.0
1947,1844.0,189400.0,0.0
1948,1845.0,189500.0,0.0
1949,1846.0,189600.0,0.0
1950,1847.0,189700.0,0.0
1951,1848.0,189800.0,0.0
1952,1849.0,189900.0,0.0
1953,1850.0,190000.0,0.0
1954,1851.0,190100.0,0.0
1955,1852.0,190200.0,0.0
1956,1853.0,190300.0,0.0
1957,1854.0,190400.0,0.0
1958,1855.0,190500.0,0.0
1959,1856.0,190600.0,0.0
1960,1847.0,189700.0,0.0
1961,1848.0,189800.0,0.0
1962,1849.0,189900.0,0.0
1963,1850.0,190000.0,0.0
1964,1851.0,190100.0,0.0
1965,1852.0,190200.0,0.0
1966,1853.0,190300.0,0.0
1967,1854.0,190400.0,0.0
1968,1855.0,190500.0,0.0
1969,1856.0,190600.0,0.0
1970,1857.0,190700.0,0.0
1971,1858.0,190800.0,0.0
1972,1859.0,190900.0,0.0
1973,1860.0,191000.0,0.0
1974,1861.0,191100.0,0.0
1975,1862.0,191200.0,0.0
1976,1863.0,191300.0,0.0
1977,1864.0,191400.0,0.0
1978,1865.0,191500.0,0.0
1979,1866.0,191600.0,0.0
1980,1857.0,190700.0,0.0
1981,1858.0,190800.0,0.0
1982,1859.0,190900.0,0.0
1983,1860.0,191000.0,0.0
1984,1861.0,191100.0,0.0
1985,1862.0,191200.0,0.0
1986,1863.0,191300.0,0.0
1987,1864.0,191400.0,0.0
1988,1865.0,191500.0,0.0
1989,1866.0,191600.0,0.0
1990,1867.0,191700.0,0.0
1991,1868.0,191800.0,0.0
1992,1869.0,191900.0,0.0
1993,1870.0,192000.0,0.0
1994,1871.0,192100.0,0.0
1995,1872.0,192200.0,0.0
1996,1873.0,192300.0,0.0
1997,1874.0,192400.0,0.0
1998,1875.0,192500.0,0.0
1999,1876.0,192600.0,0.0
2000,1867.0,191700.0,0.0
2001,1868.0,191800.0,0.0
2002,1869.0,191900.0,0.0
2003,1870.0,192000.0,0.0
2004,1871.0,192100.0,0.0
2005,1872.0,192200.0,0.0
2006,1873.0,192300.0,0.0
2007,1874.0,192400.0,0.0
2008,1875.0,192500.0,0.0
2009,1876.0,192600.0,0.0
2010,1877.0,192700.0,0.0
2011,1878.0,192800.0,0.0
2012,1879.0,192900.0,0.0
2013,1880.0,193000.0,0.0
2014,1881.0,193100.0,0.0
2015,1882.0,193200.0,0.0
2016,1883.0,193300.0,0.0
2017,1884.0,193400.0,0.0
2018,1885.0,193500.0,0.0
2019,1886.0,193600.0,0.0
2020,1877.0,192700.0,0.0
2021,1878.0,192800.0,0.0
2022,1879.0,192900.0,0.0
2023,1880.0,193000.0,0.0
2024,1881.0,193100.0,0.0
2025,1882.0,193200.0,0.0
2026,1883.0,193300.0,0.0
2027,1884.0,193400.0,0.0
2028,1885.0,193500.0,0.0
2029,1886.0,193600.0,0.0
2030,1887.0,193700.0,0.0
2031,1888.0,193800.0,0.0
2032,1889.0,193900.0,0.0
2033,1890.0,194000.0,0.0
2034,1891.0,194100.0,0.0
2035,1892.0,194200.0,0.0
2036,1893.0,194300.0,0.0
2037,1894.0,194400.0,0.0
2038,1895.0,194500.0,0.0
2039,1896.0,194600.0,0.0
2040,1887.0,193700.0,0.0
2041,1888.0,193800.0,0.0
2042,1889.0,193900.0,0.0
2043,1890.0,194000.0,0.0
2044,1891.0,194100.0,0.0
2045,1892.0,194200.0,0.0
2046,1893.0,194300.0,0.0
2047,1894.0,194400.0,0.0
2048,1895.0,194500.0,0.0
2049,1896.0,194600.0,0.0
2050,1897.0,194700.0,0.0
2051,1898.0,194800.0,0.0
2052,1899.0,194900.0,0.0
2053,1900.0,195000.0,0.0
2054,1901.0,195100.0,0.0
2055,1902.0,195200.0,0.0
2056,1903.0,195300.0,0.0
2057,1904.0,195400.0,0.0
2058,1905.0,195500.0,0.0
2059,1915.0,196500.0,0.0
2060,1897.0,194700.0,0.0
2061,1898.0,194800.0,0.0
2062,1899.0,194900.0,0.0
2063,1900.0,195000.0,0.0
2064,1901.0,195100.0,0.0
2065,1902.0,195200.0,0.0
2066,1903.0,195300.0,0.0
2067,1904.0,195400.0,0.0
2068,1905.0,195500.0,0.0
2069,1915.0,196500.0,0.0
2070,1916.0,196600.0,0.0
2071,1917.0,196700.0,0.0
2072,1918.0,196800.0,0.0
2073,1919.0,196900.0,0.0
2074,1920.0,197000.0,0.0
2075,1921.0,197100.0,0.0
2076,1922.0,197200.0,0.0
2077,1923.0,197300.0,0.0
2078,1924.0,197400.0,0.0
2079,1925.0,197500.0,0.0
2080,1916.0,196600.0,0.0
2081,1917.0,196700.0,0.0
2082,1918.0,196800.0,0.0
2083,1919.0,196900.0,0.0
2084,1920.0,197000.0,0.0
2085,1921.0,197100.0,0.0
2086,1922.0,197200.0,0.0
2087,1923.0,197300.0,0.0
2088,1924.0,197400.0,0.0
2089,1925.0,197500.0,0.0
2090,1926.0,197600.0,0.0
2091,1927.0,197700.0,0.0
2092,1928.0,197800.0,0.0
2093,1929.0,197900.0,0.0
2094,1930.0,198000.0,0.0
2095,1931.0,198100.0,0.0
2096,1932.0,198200.0,0.0
2097,1933.0,198300.0,0.0
2098,1934.0,198400.0,0.0
2099,1935.0,198500.0,0.0
2100,1926.0,197600.0,0.0
2101,1927.0,197700.0,0.0
2102,1928.0,197800.0,0.0
2103,1929.0,197900.0,0.0
2104,1930.0,198000.0,0.0
2105,1931.0,198100.0,0.0
2106,1932.0,198200.0,0.0
2107,1933.0,198300.0,0.0
2108,1934.0,198400.0,0.0
2109,1935.0,198500.0,0.0
2110,1936.0,198600.0,0.0
2111,1937.0,198700.0,0.0
2112,1938.0,198800.0,0.0
2113,1939.0,198900.0,0.0
2114,1940.0,199000.0,0.0
2115,1941.0,199100.0,0.0
2116,1942.0,199200.0,0.0
2117,1943.0,199300.0,0.0
2118,1944.0,199400.0,0.0
2119,1945.0,199500.0,0.0
2120,1936.0,198600.0,0.0
2121,1937.0,198700.0,0.0
2122,1938.0,198800.0,0.0
2123,1939.0,198900.0,0.0
2124,1940.0,199000.0,0.0
2125,1941.0,199100.0,0.0
2126,1942.0,199200.0,0.0
2127,1943.0,199300.0,0.0
2128,1944.0,199400.0,0.0
2129,1945.0,199500.0,0.0
2130,1946.0,199600.0,0.0
2131,1947.0,199700.0,0.0
2132,1948.0,199800.0,0.0
2133,1949.0,199900.0,0.0
2134,1950.0,200000.0,0.0
2135,1951.0,200100.0,0.0
2136,1952.0,200200.0,0.0
2137,1953.0,200300.0,0.0
2138,1954.0,200400.0,0.0
2139,1955.0,200500.0,0.0
2140,1946.0,199600.0,0.0
2141,1947.0,199700.0,0.0
2142,1948.0,199800.0,0.0
2143,1949.0,199900.0,0.0
2144,1950.0,200000.0,0.0
2145,1951.0,200100.0,0.0
2146,1952.0,200200.0,0.0
2147,1953.0,200300.0,0.0
2148,1954.0,200400.0,0.0
2149,1955.0,200500.0,0.0
2150,1956.0,200600.0,0.0
2151,1957.0,200700.0,0.0
2152,1958.0,200800.0,0.0
2153,1959.0,200900.0,0.0
2154,1960.0,201000.0,0.0
2155,1961.0,201100.0,0.0
2156,1962.0,201200.0,0.0
2157,1963.0,201300.0,0.0
2158,1964.0,201400.0,0.0
2159,1965.0,201500.0,0.0
2160,1956.0,200600.0,0.0
2161,1957.0,200700.0,0.0
2162,1958.0,200800.0,0.0
2163,1959.0,200900.0,0.0
2164,1960.0,201000.0,0.0
2165,1961.0,201100.0,0.0
2166,1962.0,201200.0,0.0
2167,1963.0,201300.0,0.0
2168,1964.0,201400.0,0.0
2169,1965.0,201500.0,0.0
2170,1966.0,201600.0,0.0
2171,1967.0,201700.0,0.0
2172,1968.0,201800.0,0.0
2173,1969.0,201900.0,0.0
2174,1970.0,202000.0,0.0
2175,1971.0,202100.0,0.0
2176,1972.0,202200.0,0.0
2177,1973.0,202300.0,0.0
2178,1974.0,202400.0,0.0
2179,1975.0,202500.0,0.0
2180,1966.0,201600.0,0.0
2181,1967.0,201700.0,0.0
2182,1968.0,201800.0,0.0
2183,1969.0,201900.0,0.0
2184,1970.0,202000.0,0.0
2185,1971.0,202100.0,0.0
2186,1972.0,202200.0,0.0
2187,1973.0,202300.0,0.0
2188,1974.0,202400.0,0.0
2189,1975.0,202500.0,0.0
2190,1976.0,202600.0,0.0
2191,1977.0,202700.0,0.0
2192,1978.0,202800.0,0.0
2193,1979.0,202900.0,0.0
2194,1980.0,203000.0,0.0
2195,1981.0,203100.0,0.0
2196,1982.0,203200.0,0.0
2197,1983.0,203300.0,0.0
2198,1984.0,203400.0,0.0
2199,1985.0,203500.0,0.0
2200,1976.0,202600.0,0.0
2201,1977.0,202700.0,0.0
2202,1978.0,202800.0,0.0
2203,1979.0,202900.0,0.0
2204,1980.0,203000.0,0.0
2205,1981.0,203100.0,0.0
2206,1982.0,203200.0,0.0
2207,1983.0,203300.0,0.0
2208,1984.0,203400.0,0.0
2209,1985.0,203500.0,0.0
2210,1986.0,203600.0,0.0
2211,1987.0,203700.0,0.0
2212,1988.0,203800.0,0.0
2213,1989.0,203900.0,0.0
2214,1990.0,204000.0,0.0
2215,1991.0,204100.0,0.0
2216,1992.0,204200.0,0.0
2217,1993.0,204300.0,0.0
2218,1994.0,204400.0,0.0
2219,1995.0,204500.0,0.0
2220,1986.0,203600.0,0.0
2221,1987.0,203700.0,0.0
2222,1988.0,203800.0,0.0
2223,1989.0,203900.0,0.0
2224,1990.0,204000.0,0.0
2225,1991.0,204100.0,0.0
2226,1992.0,204200.0,0.0
2227,1993.0,204300.0,0.0
2228,1994.0,204400.0,0.0
2229,1995.0,204500.0,0.0
2230,1996.0,204600.0,0.0
2231,1997.0,204700.0,0.0
2232,1998.0,204800.0,0.0
2233,1999.0,204900.0,0.0
2234,2000.0,205000.0,0.0
2235,2001.0,205100.0,0.0
2236,2002.0,205200.0,0.0
2237,2003.0,205300.0,0.0
2238,2004.0,205400.0,0.0
2239,2005.0,205500.0,0.0
2240,1996.0,204600.0,0.0
2241,1997.0,204700.0,0.0
2242,1998.0,204800.0,0.0
2243,1999.0,204900.0,0.0
2244,2000.0,205000.0,0.0
2245,2001.0,205100.0,0.0
2246,2002.0,205200.0,0.0
2247,2003.0,205300.0,0.0
2248,2004.0,205400.0,0.0
2249,2005.0,205500.0,0.0
2250,2006.0,205600.0,0.0
2251,2007.0,205700.0,0.0
2252,2008.0,205800.0,0.0
2253,2009.0,205900.0,0.0
2254,2010.0,206000.0,0.0
2255,2011.0,206100.0,0.0
2256,2012.0,206200.0,0.0
2257,2013.0,206300.0,0.0
2258,2014.0,206400.0,0.0
2259,2015.0,206500.0,0.0
2260,2006.0,205600.0,0.0
2261,2007.0,205700.0,0.0
2262,2008.0,205800.0,0.0
2263,2009.0,205900.0,0.0
2264,2010.0,206000.0,0.0
2265,2011.0,206100.0,0.0
2266,2012.0,206200.0,0.0
2267,2013.0,206300.0,0.0
2268,2014.0,206400.0,0.0
2269,2015.0,206500.0,0.0
2270,2016.0,206600.0,0.0
2271,2017.0,206700.0,0.0
2272,2018.0,206800.0,0.0
2273,2019.0,206900.0,0.0
2274,2020.0,207000.0,0.0
2275,2021.0,207100.0,0.0
2276,2022.0,207200.0,0.0
2277,2023.0,207300.0,0.0
2278,2024.0,207400.0,0.0
2279,2025.0,207500.0,0.0
2280,2016.0,206600.0,0.0
2281,2017.0,206700.0,0.0
2282,2018.0,206800.0,0.0
2283,2019.0,206900.0,0.0
2284,2020.0,207000.0,0.0
2285,2021.0,207100.0,0.0
2286,2022.0,207200.0,0.0
2287,2023.0,207300.0,0.0
2288,2024.0,207400.0,0.0
2289,2025.0,207500.0,0.0
2290,2026.0,207600.0,0.0
2291,2027.0,207700.0,0.0
2292,2028.0,207800.0,0.0
2293,2029.0,207900.0,0.0
2294,2030.0,208000.0,0.0
2295,2031.0,208100.0,0.0
2296,2032.0,208200.0,0.0
2297,2033.0,208300.0,0.0
2298,2034.0,208400.0,0.0
2299,2035.0,208500.0,0.0
2300,2026.0,207600.0,0.0
2301,2027.0,207700.0,0.0
2302,2028.0,207800.0,0.0
2303,2029.0,207900.0,0.0
2304,2030.0,208000.0,0.0
2305,2031.0,208100.0,0.0
2306,2032.0,208200.0,0.0
2307,2033.0,208300.0,0.0
2308,2034.0,208400.0,0.0
2309,2035.0,208500.0,0.0
2310,2036.0,208600.0,0.0
2311,2037.0,208700.0,0.0
2312,2038.0,208800.0,0.0
2313,2039.0,208900.0,0.0
2314,2040.0,209000.0,0.0
2315,2041.0,209100.0,0.0
2316,2042.0,209200.0,0.0
2317,2043.0,209300.0,0.0
2318,2044.0,209400.0,0.0
2319,2045.0,209500.0,0.0
2320,2036.0,208600.0,0.0
2321,2037.0,208700.0,0.0
2322,2038.0,208800.0,0.0
2323,2039.0,208900.0,0.0
2324,2040.0,209000.0,0.0
2325,2041.0,209100.0,0.0
2326,2042.0,209200.0,0.0
2327,2043.0,209300.0,0.0
2328,2044.0,209400.0,0.0
2329,2045.0,209500.0,0.0
2330,2046.0,209600.0,0.0
2331,2047.0,209700.0,0.0
2332,2048.0,209800.0,0.0
2333,2049.0,209900.0,0.0
2334,2050.0,210000.0,0.0
2335,2051.0,210100.0,0.0
2336,2052.0,210200.0,0.0
2337,2053.0,210300.0,0.0
2338,2054.0,210400.0,0.0
2339,2055.0,210500.0,0.0
2340,2046.0,209600.0,0.0
2341,2047.0,209700.0,0.0
2342,2048.0,209800.0,0.0
2343,2049.0,209900.0,0.0
2344,2050.0,210000.0,0.0
2345,2051.0,210100.0,0.0
2346,2052.0,210200.0,0.0
2347,2053.0,210300.0,0.0
2348,2054.0,210400.0,0.0
2349,2055.0,210500.0,0.0
2350,2056.0,210600.0,0.0
2351,2057.0,210700.0,0.0
2352,2058.0,210800.0,0.0
2353,2068.0,211800.0,0.0
2354,2069.0,211900.0,0.0
2355,2070.0,212000.0,0.0
2356,2071.0,212100.0,0.0
2357,2072.0,212200.0,0.0
2358,2073.0,212300.0,0.0
2359,2074.0,212400.0,0.0
2360,2056.0,210600.0,0.0
2361,2057.0,210700.0,0.0
2362,2058.0,210800.0,0.0
2363,2068.0,211800.0,0.0
2364,2069.0,211900.0,0.0
2365,2070.0,212000.0,0.0
2366,2071.0,212100.0,0.0
2367,2072.0,212200.0,0.0
2368,2073.0,212300.0,0.0
2369,2074.0,212400.0,0.0
2370,2075.0,212500.0,0.0
2371,2076.0,212600.0,0.0
2372,2077.0,212700.0,0.0
2373,2078.0,212800.0,0.0
2374,2079.0,212900.0,0.0
2375,2080.0,213000.0,0.0
2376,2081.0,213100.0,0.0
2377,2082.0,213200.0,0.0
2378,2083.0,213300.0,0.0
2379,2084.0,213400.0,0.0
2380,2075.0,212500.0,0.0
2381,2076.0,212600.0,0.0
2382,2077.0,212700.0,0.0
2383,2078.0,212800.0,0.0
2384,2079.0,212900.0,0.0
2385,2080.0,213000.0,0.0
2386,2081.0,213100.0,0.0
2387,2082.0,213200.0,0.0
2388,2083.0,213300.0,0.0
2389,2084.0,213400.0,0.0
2390,2085.0,213500.0,0.0
2391,2086.0,213600.0,0.0
2392,2087.0,213700.0,0.0
2393,2088.0,213800.0,0.0
2394,2089.0,213900.0,0.0
2395,2090.0,214000.0,0.0
2396,2091.0,214100.0,0.0
2397,2092.0,214200.0,0.0
2398,2093.0,214300.0,0.0
2399,2094.0,214400.0,0.0
2400,2085.0,213500.0,0.0
2401,2086.0,213600.0,0.0
2402,2087.0,213700.0,0.0
2403,2088.0,213800.0,0.0
2404,2089.0,213900.0,0.0
2405,2090.0,214000.0,0.0
2406,2091.0,214100.0,0.0
2407,2092.0,214200.0,0.0
2408,2093.0,214300.0,0.0
2409,2094.0,214400.0,0.0
2410,2095.0,214500.0,0.0
2411,2096.0,214600.0,0.0
2412,2097.0,214700.0,0.0
2413,2098.0,214800.0,0.0
2414,2099.0,214900.0,0.0
2415,2100.0,215000.0,0.0
2416,2101.0,215100.0,0.0
2417,2102.0,215200.0,0.0
2418,2103.0,215300.0,0.0
2419,2104.0,215400.0,0.0
2420,2095.0,214500.0,0.0
2421,2096.0,214600.0,0.0
2422,2097.0,214700.0,0.0
2423,2098.0,214800.0,0.0
2424,2099.0,214900.0,0.0
2425,2100.0,215000.0,0.0
2426,2101.0,215100.0,0.0
2427,2102.0,215200.0,0.0
2428,2103.0,215300.0,0.0
2429,2104.0,215400.0,0.0
2430,2105.0,215500.0,0.0
2431,2106.0,215600.0,0.0
2432,2107.0,215700.0,0.0
2433,2108.0,215800.0,0.0
2434,2109.0,215900.0,0.0
2435,2110.0,216000.0,0.0
2436,2111.0,216100.0,0.0
2437,2112.0,216200.0,0.0
2438,2113.0,216300.0,0.0
2439,2114.0,216400.0,0.0
2440,2105.0,215500.0,0.0
2441,2106.0,215600.0,0.0
2442,2107.0,215700.0,0.0
2443,2108.0,215800.0,0.0
2444,2109.0,215900.0,0.0
2445,2110.0,216000.0,0.0
2446,2111.0,216100.0,0.0
2447,2112.0,216200.0,0.0
2448,2113.0,216300.0,0.0
2449,2114.0,216400.0,0.0
2450,2115.0,216500.0,0.0
2451,2116.0,216600.0,0.0
2452,2117.0,216700.0,0.0
2453,2118.0,216800.0,0.0
2454,2119.0,216900.0,0.0
2455,2120.0,217000.0,0.0
2456,2121.0,217100.0,0.0
2457,2122.0,217200.0,0.0
2458,2123.0,217300.0,0.0
2459,2124.0,217400.0,0.0
2460,2115.0,216500.0,0.0
2461,2116.0,216600.0,0.0
2462,2117.0,216700.0,0.0
2463,2118.0,216800.0,0.0
2464,2119.0,216900.0,0.0
2465,2120.0,217000.0,0.0
2466,2121.0,217100.0,0.0
2467,2122.0,217200.0,0.0
2468,2123.0,217300.0,0.0
2469,2124.0,217400.0,0.0
2470,2125.0,217500.0,0.0
2471,2126.0,217600.0,0.0
2472,2127.0,217700.0,0.0
2473,2128.0,217800.0,0.0
2474,2129.0,217900.0,0.0
2475,2130.0,218000.0,0.0
2476,2131.0,218100.0,0.0
2477,2132.0,218200.0,0.0
2478,2133.0,218300.0,0.0
2479,2134.0,218400.0,0.0
2480,2125.0,217500.0,0.0
2481,2126.0,217600.0,0.0
2482,2127.0,217700.0,0.0
2483,2128.0,217800.0,0.0
2484,2129.0,217900.0,0.0
2485,2130.0,218000.0,0.0
2486,2131.0,218100.0,0.0
2487,2132.0,218200.0,0.0
2488,2133.0,218300.0,0.0
2489,2134.0,218400.0,0.0
2490,2135.0,218500.0,0.0
2491,2136.0,218600.0,0.0
2492,2137.0,218700.0,0.0
2493,2138.0,218800.0,0.0
2494,2164.0,221400.0,0.0
2495,2165.0,221500.0,0.0
2496,2166.0,221600.0,0.0
2497,2167.0,221700.0,0.0
2498,2168.0,221800.0,0.0
2499,2169.0,221900.0,0.0
2500,2135.0,218500.0,0.0
2501,2136.0,218600.0,0.0
2502,2137.0,218700.0,0.0
2503,2138.0,218800.0,0.0
2504,2164.0,221400.0,0.0
2505,2165.0,221500.0,0.0
2506,2166.0,221600.0,0.0
2507,2167.0,221700.0,0.0
2508,2168.0,221800.0,0.0
2509,2169.0,221900.0,0.0
2510,2170.0,222000.0,0.0
2511,2171.0,222100.0,0.0
2512,2172.0,222200.0,0.0
2513,2173.0,222300.0,0.0
2514,2174.0,222400.0,0.0
2515,2188.0,223800.0,0.0
2516,2189.0,223900.0,0.0
2517,2190.0,224000.0,0.0
2518,2191.0,224100.0,0.0
2519,2192.0,224200.0,0.0
2520,2170.0,222000.0,0.0
2521,2171.0,222100.0,0.0
2522,2172.0,222200.0,0.0
2523,2173.0,222300.0,0.0
2524,2174.0,222400.0,0.0
2525,2188.0,223800.0,0.0
2526,2189.0,223900.0,0.0
2527,2190.0,224000.0,0.0
2528,2191.0,224100.0,0.0
2529,2192.0,224200.0,0.0
2530,2193.0,224300.0,0.0
2531,2194.0,224400.0,0.0
2532,2195.0,224500.0,0.0
2533,2196.0,224600.0,0.0
2534,2197.0,224700.0,0.0
2535,2198.0,224800.0,0.0
2536,2199.0,224900.0,0.0
2537,2200.0,225000.0,0.0
2538,2201.0,225100.0,0.0
2539,2202.0,225200.0,0.0
2540,2193.0,224300.0,0.0
2541,2194.0,224400.0,0.0
2542,2195.0,224500.0,0.0
2543,2196.0,224600.0,0.0
2544,2197.0,224700.0,0.0
2545,2198.0,224800.0,0.0
2546,2199.0,224900.0,0.0
2547,2200.0,225000.0,0.0
2548,2201.0,225100.0,0.0
2549,2202.0,225200.0,0.0
2550,2203.0,225300.0,0.0
2551,2204.0,225400.0,0.0
2552,2205.0,225500.0,0.0
2553,2206.0,225600.0,0.0
2554,2207.0,225700.0,0.0
2555,2208.0,225800.0,0.0
2556,2209.0,225900.0,0.0
2557,2210.0,226000.0,0.0
2558,2211.0,226100.0,0.0
2559,2212.0,226200.0,0.0
2560,2203.0,225300.0,0.0
2561,2204.0,225400.0,0.0
2562,2205.0,225500.0,0.0
2563,2206.0,225600.0,0.0
2564,2207.0,225700.0,0.0
2565,2208.0,225800.0,0.0
2566,2209.0,225900.0,0.0
2567,2210.0,226000.0,0.0
2568,2211.0,226100.0,0.0
2569,2212.0,226200.0,0.0
2570,2213.0,226300.0,0.0
2571,2214.0,226400.0,0.0
2572,2224.0,227400.0,0.0
2573,2225.0,227500.0,0.0
2574,2226.0,227600.0,0.0
2575,2227.0,227700.0,0.0
2576,2228.0,227800.0,0.0
2577,2229.0,227900.0,0.0
2578,2230.0,228000.0,0.0
2579,2231.0,228100.0,0.0
2580,2213.0,226300.0,0.0
2581,2214.0,226400.0,0.0
2582,2224.0,227400.0,0.0
2583,2225.0,227500.0,0.0
2584,2226.0,227600.0,0.0
2585,2227.0,227700.0,0.0
2586,2228.0,227800.0,0.0
2587,2229.0,227900.0,0.0
2588,2230.0,228000.0,0.0
2589,2231.0,228100.0,0.0
2590,2232.0,228200.0,0.0
2591,2233.0,228300.0,0.0
2592,2234.0,228400.0,0.0
2593,2235.0,228500.0,0.0
2594,2236.0,228600.0,0.0
2595,2237.0,228700.0,0.0
2596,2238.0,228800.0,0.0
2597,2239.0,228900.0,0.0
2598,2240.0,229000.0,0.0
2599,2241.0,229100.0,0.0
2600,2232.0,228200.0,0.0
2601,2233.0,228300.0,0.0
2602,2234.0,228400.0,0.0
2603,2235.0,228500.0,0.0
2604,2236.0,228600.0,0.0
2605,2237.0,228700.0,0.0
2606,2238.0,228800.0,0.0
2607,2239.0,228900.0,0.0
2608,2240.0,229000.0,0.0
2609,2241.0,229100.0,0.0
2610,2242.0,229200.0,0.0
2611,2243.0,229300.0,0.0
2612,2244.0,229400.0,0.0
2613,2245.0,229500.0,0.0
2614,2246.0,229600.0,0.0
2615,2260.0,231000.0,0.0
2616,2261.0,231100.0,0.0
2617,2262.0,231200.0,0.0
2618,2263.0,231300.0,0.0
2619,2264.0,231400.0,0.0
2620,2242.0,229200.0,0.0
2621,2243.0,229300.0,0.0
2622,2244.0,229400.0,0.0
2623,2245.0,229500.0,0.0
2624,2246.0,229600.0,0.0
2625,2260.0,231000.0,0.0
2626,2261.0,231100.0,0.0
2627,2262.0,231200.0,0.0
2628,2263.0,231300.0,0.0
2629,2264.0,231400.0,0.0
2630,2265.0,231500.0,0.0
2631,2266.0,231600.0,0.0
2632,2267.0,231700.0,0.0
2633,2268.0,231800.0,0.0
2634,2269.0,231900.0,0.0
2635,2270.0,232000.0,0.0
2636,2271.0,232100.0,0.0
2637,2272.0,232200.0,0.0
2638,2273.0,232300.0,0.0
2639,2274.0,232400.0,0.0
2640,2265.0,231500.0,0.0
2641,2266.0,231600.0,0.0
2642,2267.0,231700.0,0.0
2643,2268.0,231800.0,0.0
2644,2269.0,231900.0,0.0
2645,2270.0,232000.0,0.0
2646,2271.0,232100.0,0.0
2647,2272.0,232200.0,0.0
2648,2273.0,232300.0,0.0
2649,2274.0,232400.0,0.0
2650,2275.0,232500.0,0.0
2651,2276.0,232600.0,0.0
2652,2277.0,232700.0,0.0
2653,2278.0,232800.0,0.0
2654,2279.0,232900.0,0.0
2655,2280.0,233000.0,0.0
2656,2290.0,234000.0,0.0
2657,2291.0,234100.0,0.0
2658,2292.0,234200.0,0.0
2659,2293.0,234300.0,0.0
2660,2275.0,232500.0,0.0
2661,2276.0,232600.0,0.0
2662,2277.0,232700.0,0.0
2663,2278.0,232800.0,0.0
2664,2279.0,232900.0,0.0
2665,2280.0,233000.0,0.0
2666,2290.0,234000.0,0.0
2667,2291.0,234100.0,0.0
2668,2292.0,234200.0,0.0
2669,2293.0,234300.0,0.0
2670,2294.0,234400.0,0.0
2671,2295.0,234500.0,0.0
2672,2296.0,234600.0,0.0
2673,2297.0,234700.0,0.0
2674,2298.0,234800.0,0.0
2675,2299.0,234900.0,0.0
2676,2300.0,235000.0,0.0
2677,2301.0,235100.0,0.0
2678,2302.0,235200.0,0.0
2679,2303.0,235300.0,0.0
2680,2294.0,234400.0,0.0
2681,2295.0,234500.0,0.0
2682,2296.0,234600.0,0.0
2683,2297.0,234700.0,0.0
2684,2298.0,234800.0,0.0
2685,2299.0,234900.0,0.0
2686,2300.0,235000.0,0.0
2687,2301.0,235100.0,0.0
2688,2302.0,235200.0,0.0
2689,2303.0,235300.0,0.0
2690,2304.0,235400.0,0.0
2691,2305.0,235500.0,0.0
2692,2306.0,235600.0,0.0
2693,2307.0,235700.0,0.0
2694,2308.0,235800.0,0.0
2695,2309.0,235900.0,0.0
2696,2310.0,236000.0,0.0
2697,2311.0,236100.0,0.0
2698,2312.0,236200.0,0.0
2699,2313.0,236300.0,0.0
2700,2304.0,235400.0,0.0
2701,2305.0,235500.0,0.0
2702,2306.0,235600.0,0.0
2703,2307.0,235700.0,0.0
2704,2308.0,235800.0,0.0
2705,2309.0,235900.0,0.0
2706,2310.0,236000.0,0.0
2707,2311.0,236100.0,0.0
2708,2312.0,236200.0,0.0
2709,2313.0,236300.0,0.0
2710,2314.0,236400.0,0.0
2711,2315.0,236500.0,0.0
2712,2316.0,236600.0,0.0
2713,2317.0,236700.0,0.0
2714,2318.0,236800.0,0.0
2715,2319.0,236900.0,0.0
2716,2320.0,237000.0,0.0
2717,2321.0,237100.0,0.0
2718,2322.0,237200.0,0.0
2719,2323.0,237300.0,0.0
2720,2314.0,236400.0,0.0
2721,2315.0,236500.0,0.0
2722,2316.0,236600.0,0.0
2723,2317.0,236700.0,0.0
2724,2318.0,236800.0,0.0
2725,2319.0,236900.0,0.0
2726,2320.0,237000.0,0.0
2727,2321.0,237100.0,0.0
2728,2322.0,237200.0,0.0
2729,2323.0,237300.0,0.0
2730,2324.0,237400.0,0.0
2731,2325.0,237500.0,0.0
2732,2326.0,237600.0,0.0
2733,2327.0,237700.0,0.0
2734,2328.0,237800.0,0.0
2735,2329.0,237900.0,0.0
2736,2330.0,238000.0,0.0
2737,2331.0,238100.0,0.0
2738,2332.0,238200.0,0.0
2739,2333.0,238300.0,0.0
2740,2324.0,237400.0,0.0
2741,2325.0,237500.0,0.0
2742,2326.0,237600.0,0.0
2743,2327.0,237700.0,0.0
2744,2328.0,237800.0,0.0
2745,2329.0,237900.0,0.0
2746,2330.0,238000.0,0.0
2747,2331.0,238100.0,0.0
2748,2332.0,238200.0,0.0
2749,2333.0,238300.0,0.0
2750,2334.0,238400.0,0.0
2751,2335.0,238500.0,0.0
2752,2336.0,238600.0,0.0
2753,2337.0,238700.0,0.0
2754,2338.0,238800.0,0.0
2755,2339.0,238900.0,0.0
2756,2340.0,239000.0,0.0
2757,2341.0,239100.0,0.0
2758,2342.0,239200.0,0.0
2759,2354.0,240400.0,0.0
2760,2334.0,238400.0,0.0
2761,2335.0,238500.0,0.0
2762,2336.0,238600.0,0.0
2763,2337.0,238700.0,0.0
2764,2338.0,238800.0,0.0
2765,2339.0,238900.0,0.0
2766,2340.0,239000.0,0.0
2767,2341.0,239100.0,0.0
2768,2342.0,239200.0,0.0
2769,2354.0,240400.0,0.0
2770,2355.0,240500.0,0.0
2771,2356.0,240600.0,0.0
2772,2357.0,240700.0,0.0
2773,2358.0,240800.0,0.0
2774,2359.0,240900.0,0.0
2775,2360.0,241000.0,0.0
2776,2361.0,241100.0,0.0
2777,2362.0,241200.0,0.0
2778,2363.0,241300.0,0.0
2779,2364.0,241400.0,0.0
2780,2355.0,240500.0,0.0
2781,2356.0,240600.0,0.0
2782,2357.0,240700.0,0.0
2783,2358.0,240800.0,0.0
2784,2359.0,240900.0,0.0
2785,2360.0,241000.0,0.0
2786,2361.0,241100.0,0.0
2787,2362.0,241200.0,0.0
2788,2363.0,241300.0,0.0
2789,2364.0,241400.0,0.0
2790,2365.0,241500.0,0.0
2791,2366.0,241600.0,0.0
2792,2367.0,241700.0,0.0
2793,2368.0,241800.0,0.0
2794,2369.0,241900.0,0.0
2795,2370.0,242000.0,0.0
2796,2371.0,242100.0,0.0
2797,2372.0,242200.0,0.0
2798,2373.0,242300.0,0.0
2799,2374.0,242400.0,0.0
2800,2365.0,241500.0,0.0
2801,2366.0,241600.0,0.0
2802,2367.0,241700.0,0.0
2803,2368.0,241800.0,0.0
2804,2369.0,241900.0,0.0
2805,2370.0,242000.0,0.0
2806,2371.0,242100.0,0.0
2807,2372.0,242200.0,0.0
2808,2373.0,242300.0,0.0
2809,2374.0,242400.0,0.0
2810,2375.0,242500.0,0.0
2811,2376.0,242600.0,0.0
2812,2377.0,242700.0,0.0
2813,2378.0,242800.0,0.0
2814,2379.0,242900.0,0.0
2815,2380.0,243000.0,0.0
2816,2381.0,243100.0,0.0
2817,2382.0,243200.0,0.0
2818,2383.0,243300.0,0.0
2819,2384.0,243400.0,0.0
2820,2375.0,242500.0,0.0
2821,2376.0,242600.0,0.0
2822,2377.0,242700.0,0.0
2823,2378.0,242800.0,0.0
2824,2379.0,242900.0,0.0
2825,2380.0,243000.0,0.0
2826,2381.0,243100.0,0.0
2827,2382.0,243200.0,0.0
2828,2383.0,243300.0,0.0
2829,2384.0,243400.0,0.0
2830,2385.0,243500.0,0.0
2831,2386.0,243600.0,0.0
2832,2387.0,243700.0,0.0
2833,2388.0,243800.0,0.0
2834,2389.0,243900.0,0.0
2835,2390.0,244000.0,0.0
2836,2391.0,244100.0,0.0
2837,2392.0,244200.0,0.0
2838,2393.0,244300.0,0.0
2839,2394.0,244400.0,0.0
2840,2385.0,243500.0,0.0
2841,2386.0,243600.0,0.0
2842,2387.0,243700.0,0.0
2843,2388.0,243800.0,0.0
2844,2389.0,243900.0,0.0
2845,2390.0,244000.0,0.0
2846,2391.0,244100.0,0.0
2847,2392.0,244200.0,0.0
2848,2393.0,244300.0,0.0
2849,2394.0,244400.0,0.0
2850,2395.0,244500.0,0.0
2851,2396.0,244600.0,0.0
2852,2397.0,244700.0,0.0
2853,2398.0,244800.0,0.0
2854,2399.0,244900.0,0.0
2855,2400.0,245000.0,0.0
2856,2401.0,245100.0,0.0
2857,2402.0,245200.0,0.0
2858,2403.0,245300.0,0.0
2859,2404.0,245400.0,0.0
2860,2395.0,244500.0,0.0
2861,2396.0,244600.0,0.0
2862,2397.0,244700.0,0.0
2863,2398.0,244800.0,0.0
2864,2399.0,244900.0,0.0
2865,2400.0,245000.0,0.0
2866,2401.0,245100.0,0.0
2867,2402.0,245200.0,0.0
2868,2403.0,245300.0,0.0
2869,2404.0,245400.0,0.0
2870,2405.0,245500.0,0.0
2871,2406.0,245600.0,0.0
2872,2407.0,245700.0,0.0
2873,2408.0,245800.0,0.0
2874,2409.0,245900.0,0.0
2875,2410.0,246000.0,0.0
2876,2411.0,246100.0,0.0
2877,2412.0,246200.0,0.0
2878,2413.0,246300.0,0.0
2879,2414.0,246400.0,0.0
2880,2405.0,245500.0,0.0
2881,2406.0,245600.0,0.0
2882,2407.0,245700.0,0.0
2883,2408.0,245800.0,0.0
2884,2409.0,245900.0,0.0
2885,2410.0,246000.0,0.0
2886,2411.0,246100.0,0.0
2887,2412.0,246200.0,0.0
2888,2413.0,246300.0,0.0
2889,2414.0,246400.0,0.0
2890,2415.0,246500.0,0.0
2891,2416.0,246600.0,0.0
2892,2426.0,247600.0,0.0
2893,2427.0,247700.0,0.0
2894,2428.0,247800.0,0.0
2895,2429.0,247900.0,0.0
2896,2430.0,248000.0,0.0
2897,2431.0,248100.0,0.0
2898,2432.0,248200.0,0.0
2899,2433.0,248300.0,0.0
2900,2415.0,246500.0,0.0
2901,2416.0,246600.0,0.0
2902,2426.0,247600.0,0.0
2903,2427.0,247700.0,0.0
2904,2428.0,247800.0,0.0
2905,2429.0,247900.0,0.0
2906,2430.0,248000.0,0.0
2907,2431.0,248100.0,0.0
2908,2432.0,248200.0,0.0
2909,2433.0,248300.0,0.0
2910,2434.0,248400.0,0.0
2911,2435.0,248500.0,0.0
2912,2436.0,248600.0,0.0
2913,2437.0,248700.0,0.0
2914,2438.0,248800.0,0.0
2915,2448.0,249800.0,0.0
2916,2449.0,249900.0,0.0
2917,2450.0,250000.0,0.0
2918,2451.0,250100.0,0.0
2919,2452.0,250200.0,0.0
2920,2434.0,248400.0,0.0
2921,2435.0,248500.0,0.0
2922,2436.0,248600.0,0.0
2923,2437.0,248700.0,0.0
2924,2438.0,248800.0,0.0
2925,2448.0,249800.0,0.0
2926,2449.0,249900.0,0.0
2927,2450.0,250000.0,0.0
2928,2451.0,250100.0,0.0
2929,2452.0,250200.0,0.0
2930,2453.0,250300.0,0.0
2931,2454.0,250400.0,0.0
2932,2455.0,250500.0,0.0
2933,2456.0,250600.0,0.0
2934,2457.0,250700.0,0.0
2935,2458.0,250800.0,0.0
2936,2459.0,250900.0,0.0
2937,2460.0,251000.0,0.0
2938,2461.0,251100.0,0.0
2939,2462.0,251200.0,0.0
2940,2453.0,250300.0,0.0
2941,2454.0,250400.0,0.0
2942,2455.0,250500.0,0.0
2943,2456.0,250600.0,0.0
2944,2457.0,250700.0,0.0
2945,2458.0,250800.0,0.0
2946,2459.0,250900.0,0.0
2947,2460.0,251000.0,0.0
2948,2461.0,251100.0,0.0
2949,2462.0,251200.0,0.0
2950,2463.0,251300.0,0.0
2951,2464.0,251400.0,0.0
2952,2465.0,251500.0,0.0
2953,2466.0,251600.0,0.0
2954,2467.0,251700.0,0.0
2955,2468.0,251800.0,0.0
2956,2469.0,251900.0,0.0
2957,2470.0,252000.0,0.0
2958,2471.0,252100.0,0.0
2959,2472.0,252200.0,0.0
2960,2463.0,251300.0,0.0
2961,2464.0,251400.0,0.0
2962,2465.0,251500.0,0.0
2963,2466.0,251600.0,0.0
2964,2467.0,251700.0,0.0
2965,2468.0,251800.0,0.0
2966,2469.0,251900.0,0.0
2967,2470.0,252000.0,0.0
2968,2471.0,252100.0,0.0
2969,2472.0,252200.0,0.0
2970,2485.0,253500.0,0.0
2971,2486.0,253600.0,0.0
2972,2487.0,253700.0,0.0
2973,2488.0,253800.0,0.0
2974,2489.0,253900.0,0.0
2975,2490.0,254000.0,0.0
2976,2491.0,254100.0,0.0
2977,2492.0,254200.0,0.0
2978,2493.0,254300.0,0.0
2979,2494.0,254400.0,0.0
2980,2485.0,253500.0,0.0
2981,2486.0,253600.0,0.0
2982,2487.0,253700.0,0.0
2983,2488.0,253800.0,0.0
2984,2489.0,253900.0,0.0
2985,2490.0,254000.0,0.0
2986,2491.0,254100.0,0.0
2987,2492.0,254200.0,0.0
2988,2493.0,254300.0,0.0
2989,2494.0,254400.0,0.0
2990,2495.0,254500.0,0.0
2991,2496.0,254600.0,0.0
2992,2497.0,254700.0,0.0
2993,2498.0,254800.0,0.0
2994,2499.0,254900.0,0.0
2995,2500.0,255000.0,0.0
2996,2501.0,255100.0,0.0
2997,2502.0,255200.0,0.0
2998,2503.0,255300.0,0.0
2999,2504.0,255400.0,0.0
3000,2495.0,254500.0,0.0
3001,2496.0,254600.0,0.0
3002,2497.0,254700.0,0.0
3003,2498.0,254800.0,0.0
3004,2499.0,254900.0,0.0
3005,2500.0,255000.0,0.0
3006,2501.0,255100.0,0.0
3007,2502.0,255200.0,0.0
3008,2503.0,255300.0,0.0
3009,2504.0,255400.0,0.0
3010,2505.0,255500.0,0.0
3011,2506.0,255600.0,0.0
3012,2507.0,255700.0,0.0
3013,2508.0,255800.0,0.0
3014,2509.0,255900.0,0.0
3015,2510.0,256000.0,0.0
3016,2511.0,256100.0,0.0
3017,2512.0,256200.0,0.0
3018,2513.0,256300.0,0.0
3019,2514.0,256400.0,0.0
3020,2505.0,255500.0,0.0
3021,2506.0,255600.0,0.0
3022,2507.0,255700.0,0.0
3023,2508.0,255800.0,0.0
3024,2509.0,255900.0,0.0
3025,2510.0,256000.0,0.0
3026,2511.0,256100.0,0.0
3027,2512.0,256200.0,0.0
3028,2513.0,256300.0,0.0
3029,2514.0,256400.0,0.0
3030,2515.0,256500.0,0.0
3031,2516.0,256600.0,0.0
3032,2517.0,256700.0,0.0
3033,2518.0,256800.0,0.0
3034,2519.0,256900.0,0.0
3035,2520.0,257000.0,0.0
3036,2521.0,257100.0,0.0
3037,2522.0,257200.0,0.0
3038,2523.0,257300.0,0.0
3039,2524.0,257400.0,0.0
3040,2515.0,256500.0,0.0
3041,2516.0,256600.0,0.0
3042,2517.0,256700.0,0.0
3043,2518.0,256800.0,0.0
3044,2519.0,256900.0,0.0
3045,2520.0,257000.0,0.0
3046,2521.0,257100.0,0.0
3047,2522.0,257200.0,0.0
3048,2523.0,257300.0,0.0
3049,2524.0,257400.0,0.0
3050,2525.0,257500.0,0.0
3051,2526.0,257600.0,0.0
3052,2527.0,257700.0,0.0
3053,2528.0,257800.0,0.0
3054,2529.0,257900.0,0.0
3055,2530.0,258000.0,0.0
3056,2531.0,258100.0,0.0
3057,2532.0,258200.0,0.0
3058,2533.0,258300.0,0.0
3059,2534.0,258400.0,0.0
3060,2525.0,257500.0,0.0
3061,2526.0,257600.0,0.0
3062,2527.0,257700.0,0.0
3063,2528.0,257800.0,0.0
3064,2529.0,257900.0,0.0
3065,2530.0,258000.0,0.0
3066,2531.0,258100.0,0.0
3067,2532.0,258200.0,0.0
3068,2533.0,258300.0,0.0
3069,2534.0,258400.0,0.0
3070,2535.0,258500.0,0.0
3071,2536.0,258600.0,0.0
3072,2537.0,258700.0,0.0
3073,2538.0,258800.0,0.0
3074,2539.0,258900.0,0.0
3075,2540.0,259000.0,0.0
3076,2541.0,259100.0,0.0
3077,2542.0,259200.0,0.0
3078,2543.0,259300.0,0.0
3079,2544.0,259400.0,0.0
3080,2535.0,258500.0,0.0
3081,2536.0,258600.0,0.0
3082,2537.0,258700.0,0.0
3083,2538.0,258800.0,0.0
3084,2539.0,258900.0,0.0
3085,2540.0,259000.0,0.0
3086,2541.0,259100.0,0.0
3087,2542.0,259200.0,0.0
3088,2543.0,259300.0,0.0
3089,2544.0,259400.0,0.0
3090,2545.0,259500.0,0.0
3091,2546.0,259600.0,0.0
3092,2547.0,259700.0,0.0
3093,2548.0,259800.0,0.0
3094,2549.0,259900.0,0.0
3095,2550.0,260000.0,0.0
3096,2551.0,260100.0,0.0
3097,2552.0,260200.0,0.0
3098,2553.0,260300.0,0.0
3099,2554.0,260400.0,0.0
3100,2545.0,259500.0,0.0
3101,2546.0,259600.0,0.0
3102,2547.0,259700.0,0.0
3103,2548.0,259800.0,0.0
3104,2549.0,259900.0,0.0
3105,2550.0,260000.0,0.0
3106,2551.0,260100.0,0.0
3107,2552.0,260200.0,0.0
3108,2553.0,260300.0,0.0
3109,2554.0,260400.0,0.0
3110,2555.0,260500.0,0.0
3111,2556.0,260600.0,0.0
3112,2557.0,260700.0,0.0
3113,2558.0,260800.0,0.0
3114,2559.0,260900.0,0.0
3115,2560.0,261000.0,0.0
3116,2561.0,261100.0,0.0
3117,2562.0,261200.0,0.0
3118,2563.0,261300.0,0.0
3119,2564.0,261400.0,0.0
3120,2555.0,260500.0,0.0
3121,2556.0,260600.0,0.0
3122,2557.0,260700.0,0.0
3123,2558.0,260800.0,0.0
3124,2559.0,260900.0,0.0
3125,2560.0,261000.0,0.0
3126,2561.0,261100.0,0.0
3127,2562.0,261200.0,0.0
3128,2563.0,261300.0,0.0
3129,2564.0,261400.0,0.0
3130,2565.0,261500.0,0.0
3131,2566.0,261600.0,0.0
3132,2567.0,261700.0,0.0
3133,2568.0,261800.0,0.0
3134,2569.0,261900.0,0.0
3135,2570.0,262000.0,0.0
3136,2581.0,263100.0,0.0
3137,2582.0,263200.0,0.0
3138,2583.0,263300.0,0.0
3139,2595.0,264500.0,0.0
