,sp_mean_ax,sp_mean_ay,sp_mean_az,sp_mean_acc_magnitude,sp_var_ax,sp_var_ay,sp_var_az,sp_var_acc_magnitude,sp_cov_a_xy,sp_cov_a_xz,sp_cov_a_yz,sp_cov_a_xmag,sp_cov_a_ymag,sp_cov_a_zmag,sp_energy_ax,sp_energy_ay,sp_energy_az,sp_energy_acc_magnitude,sp_entropy_ax,sp_entropy_ay,sp_entropy_az,sp_entropy_acc_magnitude
0,-7.5646298885345455,1.8789694845676421,5.579687190055847,9.58664051611338,0.014645609352917179,0.007758784116959567,0.002324898195190359,0.0072392160158476606,0.008321359817585364,6.624007016374272e-05,-0.0012619160118152587,-0.009853234979083936,-0.005773097048354368,0.0010598878339703917,0.6772812387537553,0.5770526756273403,0.4221635054768358,0.5609887859144628,2.759511683957705,2.7564831296127323,2.7237785469135356,2.7234943608556472
1,-7.585728788375855,1.8950705111026764,5.566788363456726,9.598576756177238,0.00601821850525899,0.003604343328284973,0.006436970452898551,0.006617881903783418,0.0024507186795370965,-0.0010059886012629175,0.001719114552559342,-0.004846426688170529,-0.00022190981687134244,0.0048801478219663045,0.5522031639754809,0.48726492642597585,0.546626798803462,0.5620789589591035,2.792279158130599,2.7926095697673374,2.7013191752410153,2.756283388136364
2,-7.5751343965530396,1.8911200761795044,5.567566466331482,9.589892661020729,0.0030384673490917525,0.0047560114622926,0.009025982582019018,0.007085067172039225,-0.000209602301113482,-0.0010931104364730229,0.004012022823973753,-0.003067471393367483,0.0034229842086485225,0.006888515068370118,0.47594335055940484,0.5350118588114601,0.6120382761079183,0.581330871058991,2.844354800468307,2.8533206168682903,2.817950754482124,2.8340090282959296
3,-7.5644203424453735,1.9081488251686096,5.601354575157165,9.604239197231063,0.0012024392944992794,0.0035251720059655653,0.004608972334260908,0.00433613647504347,-0.00041450516721545753,-0.001459381593184908,0.00200197461355563,-0.001872516948272386,0.0021738099667496067,0.0042091296374355235,0.37945743341309274,0.4846391705448055,0.5238882376778711,0.5299675582354222,2.8580382596830276,2.794010523607975,2.8406304316438025,2.894782976155087
4,-7.589739108085633,1.8982428193092347,5.5950099468231205,9.61856401100884,0.0018005035221299772,0.0026789518654001866,0.0023397645170366212,0.001375220998020781,0.001591660813310405,3.662839408327493e-05,-0.000514443850861305,-0.0010904621244453246,-0.0010338729030174819,0.0012308585637385093,0.38313311459466987,0.44632621240756115,0.4393344592533586,0.3683299085264621,2.6164506437084203,2.777772489739012,2.8176750476410715,2.698697975456693
5,-7.595305657386779,1.8690335690975188,5.55924665927887,9.596490376592735,0.006468315424853568,0.0031026444458992384,0.0019175823592442922,0.005752102452476947,0.0016722551786982236,-0.0018473578432463076,-0.0011128973463277291,-0.005869650832830844,-0.0013629274338680724,0.0023581229189829885,0.5742627894959649,0.4458097377778202,0.4273301220877937,0.5492716220664154,2.8532241926372524,2.6639614628956316,2.867731947304062,2.79984500914306
6,-7.586058044433594,1.859067702293396,5.545869040489197,9.579501641657092,0.007342096329002307,0.0026753342070094215,0.002219062659540474,0.006153426850036366,0.0007880995902388834,-0.0009490824987048978,0.00029035555169828987,-0.006216580047026399,6.484327371829024e-05,0.0020938697764783546,0.5701145347616651,0.4485174521300479,0.41144635064708046,0.5345509510554984,2.7446243648490256,2.7580715905920146,2.695385253412287,2.7223441637800185
7,-7.581389331817627,1.8787600100040436,5.563436436653137,9.589918207296247,0.0036360988317746916,0.003536061122591127,0.004056368840990894,0.0033307791492752105,0.0016561208543814751,0.00023500816335544705,0.0011868607660306472,-0.002421162370260383,6.900746418922567e-05,0.002404748423316465,0.4948543959166923,0.4939907048070256,0.4823534750002731,0.424884736422875,2.8290752790884244,2.84807696182576,2.716159123959022,2.5477898437484114
8,-7.583633828163147,1.8955194175243377,5.581303143501282,9.605338559058698,0.0020755482933599427,0.0023725758095261666,0.006226161845568414,0.0032130726743907,0.0015967972171442935,-9.522316347615848e-05,0.0005916644934091597,-0.0013835495003613329,-0.00044934488613725603,0.003802917813025605,0.41650847853345135,0.437832510190895,0.5136174179152777,0.43457645734415523,2.7672597544568647,2.8003911930826866,2.6297185353944608,2.6349661652251313
9,-7.597460389137268,1.8873492002487182,5.581662273406982,9.614762742634944,0.0008796991734512662,0.0014811186634442741,0.004932985709743467,0.0018017039709359252,0.0002508502343397038,0.00045213790352997585,0.00016253460571832433,-0.0003813920672668531,0.00018915227109909507,0.002530351223548357,0.3464359347834784,0.39002652158157586,0.4950905656820562,0.40178298118077127,2.8319335209433794,2.812153950758339,2.671138059726077,2.7504915010778443
10,-7.583663821220398,1.8784008741378784,5.572534370422363,9.596748599625531,0.0021180272606664725,0.0016800213988230328,0.0020802716891634328,0.0015650807413871697,0.0007627652664005353,0.00039572814895157116,0.0003833728815176317,-0.0012849226403279373,-4.821644889017686e-05,0.0009726262481401083,0.430115959729968,0.40150635757151637,0.419411042981176,0.37671918024295864,2.803935126244464,2.7878452773446623,2.7523431774802307,2.7144300318445875
11,-7.558434867858887,1.8769643425941467,5.569032812118531,9.574486239939647,0.0017569530469891633,0.001365783394538916,0.0017329879285290718,0.0009320387848997041,0.0009955432199555952,0.0005674194921132337,0.000159079438268644,-0.0008547766320874555,-0.0004224793651770518,0.0005921325736400112,0.41830541217569805,0.3821237820283339,0.40662541960676535,0.3410187483441689,2.869466738048902,2.8170186664445827,2.810059768009073,2.7341262899732417
12,-7.547451472282409,1.8872594058513645,5.5712175369262695,9.569070406521123,0.0009799569529479193,0.0015841806232585302,0.001979956149482044,0.0015211360718346706,0.00047185930991552736,-0.0006772764545530758,-0.001261535565594089,-0.0010714956512513113,-0.000791745829778763,0.0014351068901321444,0.33789373966347525,0.37399264767115764,0.41731947893383003,0.39241604314619055,2.741498762340357,2.645344857052626,2.786001762417185,2.781894344261136
13,-7.543740439414978,1.9002479553222655,5.5659503698348995,9.565852652651298,0.0023569567643903317,0.0028197117598710297,0.004215444054435856,0.002264382263682607,0.0003544764475583552,0.0006441475000291283,-5.435887815229637e-05,-0.0014051962902203296,0.00024283563056394207,0.0019256534777092268,0.4206373171353828,0.46749207079842736,0.4931113528868216,0.3882617972669383,2.732926147824718,2.8559286834649,2.775189289690778,2.532197584911983
14,-7.574984812736512,1.8934843480587005,5.537818479537964,9.573077748455555,0.002937623580296619,0.002731941086009315,0.008125346303536129,0.002525251885017942,0.0004118527326904638,0.0028206357766126116,0.0027266003624028478,-0.0005983727629398748,0.0017791490746928804,0.0029837218473544942,0.4609006200351048,0.4718232521870385,0.5672707443053927,0.4489644549164743,2.814797948326192,2.890488845305302,2.680381424232372,2.815493743711752
15,-7.5941684484481815,1.8909105896949767,5.5174078941345215,9.57574423958635,0.00090657436451057,0.0024088557279088128,0.006540918785479957,0.003382043523385738,-5.4628701581964175e-05,-0.00033083925579472794,0.001134965492377353,-0.0009230895031130719,0.0011675707500072628,0.004226054154489797,0.3358527187804785,0.4399533833656717,0.5544381829315841,0.4651244602251288,2.706319414503149,2.7829447507476592,2.7697504902153156,2.748653110673376
16,-7.6048226118087765,1.8969260156154633,5.547933983802795,9.602984643980998,0.002773112674287861,0.0034389655862993905,0.004973938039406769,0.004778313032586634,0.0011340226755107241,-0.0022366789437796657,-0.0019387415131642636,-0.003266861079712187,-0.0013442671917499622,0.004256230186590158,0.45902836009204523,0.4548040696809302,0.5441584355362744,0.5330235199854422,2.8306871571907584,2.675191850593831,2.8780763359895274,2.8434114126585013
17,-7.633403277397155,1.8924069464206696,5.581003904342651,9.6442857357022,0.008711409274873235,0.006201648568410581,0.00445529644734003,0.004007169719920498,0.005118795495308555,0.0019652157334049806,0.0010981212024738082,-0.0047273737839590635,-0.0022118027547403623,0.0012427891387765486,0.6170267199538355,0.5524993061756144,0.5244206344615431,0.5012132010825632,2.843427614987574,2.780642198388074,2.8575422700452657,2.771274782106984
18,-7.608503580093384,1.9040786683559419,5.5920172214508055,9.633230824548779,0.014680661783646248,0.004900629238481158,0.003005762623541546,0.008232095274700972,0.005591980695018748,0.0009636243621691073,0.0023753034372233396,-0.009917582304040893,-0.0020963043501701327,0.001439845637683693,0.6962177273129141,0.5390305804914902,0.4668793459153177,0.6071813411929167,2.82099725295495,2.8547290706766164,2.803007248423004,2.8288466118763624
19,-7.567173814773559,1.9259257555007934,5.597763252258301,9.608087040453885,0.01032713262915855,0.002982791476191432,0.0032142788704348914,0.006973055703688677,0.0038828023206621625,-0.0004509614244134931,0.0008448636797024115,-0.007593660713990211,-0.0019565943239905977,0.0024011145909122594,0.6356709625426586,0.47378125975200336,0.4721196500957557,0.5583514882681682,2.8005664667430756,2.8564481899943908,2.796493832689506,2.722872037837689
20,-7.571393585205078,1.9114408433437347,5.5969552278518675,9.60807497167064,0.004626550395440944,0.0037508377826693537,0.0033798995798352337,0.001662636202008822,0.0035065026679328595,0.0016706974536598196,0.0006359196594597963,-0.0019514810889414418,-0.0016285541539668852,0.0007872304047943148,0.5221110810640142,0.5068004032620551,0.4652036666324057,0.4042066123854968,2.830290202518146,2.864726603775932,2.6929761946255377,2.8233284456425283
21,-7.6040743589401245,1.8744803726673127,5.563556146621704,9.607133803263958,0.0053791873585941055,0.0028425345266355935,0.002690276237849274,0.0022389524396576542,0.003403096403916178,0.0011768436926570822,-0.00010313775291113493,-0.002929723397182246,-0.002208969146645524,0.0005958123955344298,0.5223101202523436,0.4519916603142019,0.42995314984781763,0.4164087427972096,2.714748733364984,2.7426148360066906,2.667797007397929,2.6715515074561083
22,-7.627477717399597,1.8661305963993073,5.5414995670318605,9.611261540222984,0.004443012322871569,0.003792901592722064,0.0015402903021750824,0.0021222979965424384,0.0027773184244454783,0.00035733691821812467,-0.0006814744248527582,-0.0027880783064357737,-0.0018591023220960847,0.0004653591252175633,0.4947125185219766,0.5103041231005824,0.39301298734082335,0.42022384177541167,2.726461674452682,2.8787237383795987,2.7846640443773234,2.7696818104309155
23,-7.611705946922302,1.8969260036945343,5.612338042259216,9.646066091716353,0.005425374410493218,0.004858589895829636,0.01227549015590301,0.010078339446314555,0.0006713941376585017,-0.002706849064109529,0.00020420217412471398,-0.005726290759226587,0.0005419537421708193,0.009344109801988042,0.5561948495131696,0.5321358377654262,0.6703439880415272,0.6662005919086835,2.8701207819263637,2.8371370523436794,2.852354196207109,2.932448730078971
24,-7.60356559753418,1.913296365737915,5.640260362625122,9.65900612384095,0.007965645904268497,0.004812616719519422,0.010149945155097574,0.013507615099221642,-0.0004265941580115342,-0.004929068825698013,0.0010325440807742996,-0.00923897136693709,0.0018773386741137118,0.010024411634637657,0.6183490285067913,0.481405637739063,0.6427759624180255,0.7070153086288528,2.903408358569728,2.633131760793069,2.863097092074502,2.90602434132106
25,-7.576780462265015,1.8996494233608245,5.586749958992004,9.603981640844776,0.007391083721528789,0.003145015243631002,0.006742065205398681,0.008416955380674246,0.000465479385091707,-0.0009878866255672008,0.0027795893477256094,-0.006314466663885028,0.0018683202592741238,0.0052605475224427375,0.5773537058037072,0.4753993093461805,0.5417513980959101,0.601501966472943,2.7710570763065214,2.8056398652452073,2.6708868488940887,2.7726095864584064
26,-7.52075617313385,1.9144635558128358,5.590790152549744,9.565268606510138,0.003503302897935958,0.004256858899454372,0.007034215927789258,0.0037576802780851654,0.0017274377173189174,0.001277996126284023,0.00297752735908987,-0.0016760636634776025,0.0012471539732488179,0.0037127419631183974,0.5103344347515262,0.5102958895548398,0.5716470019193807,0.4977311633260192,2.927599125524771,2.807224744776741,2.7836908357240207,2.8180745519542114
27,-7.490080428123474,1.9440020263195037,5.616797137260437,9.562581070451863,0.007482269001643176,0.006826008211838883,0.004054028356539982,0.003522358481003735,0.004096848898780218,0.0020082690935186846,0.001752619591604659,-0.0038182054073444423,-0.0007681584580193972,0.0011831314247891637,0.5734662053020836,0.5817945943844345,0.511802824384548,0.4888694217944625,2.756698542620253,2.8446618289125976,2.828786057456668,2.827814437496759
28,-7.545895218849182,1.9200899362564088,5.6012348413467405,9.592597318476853,0.013705453279603822,0.006030537520628398,0.003928787128051525,0.005968410171896542,0.006567091429731463,0.002267578304030706,0.0005995817410980424,-0.008049872960223558,-0.0035643394441943884,0.0006682610994195861,0.6239053485330007,0.5134445956264172,0.48763247404039617,0.5259977132516301,2.6038111777510866,2.6010526473331907,2.7668457593666327,2.6774208841017986
29,-7.578216910362244,1.911021888256073,5.570080256462097,9.597623712095277,0.007200839492458904,0.003805987146791547,0.0023854084017539447,0.005802069093055157,0.0026936704760741476,-0.0012063049759915006,0.00044458222983447866,-0.005845432841991668,-0.0011131883449890122,0.0024289527482432337,0.5741782928069653,0.48222143197601797,0.4467237406036355,0.5521170380522628,2.750723605975593,2.7220862884601473,2.8438196143202794,2.805573304231257
30,-7.582825803756714,1.9274520754814148,5.53512487411499,9.584461402319139,0.006982212701445588,0.0026852569986944262,0.00423962749787997,0.0034078055111068438,0.00173149768491467,0.0023446674993274075,0.000953900597390826,-0.0038158204050609597,-0.0002766057313145456,0.000781025946916124,0.563442942351676,0.4548997061125636,0.5036096188020089,0.456680402987815,2.754739300230984,2.784818339121623,2.791149845180098,2.6658066379993457
31,-7.630290865898132,1.917097145318985,5.501097273826599,9.600198575506406,0.0034934496801886203,0.0017021970927252243,0.002543780474687346,0.002327521716965769,0.001264933682985765,0.000350142540609891,-0.00024317537890232845,-0.002318210753625891,-0.0008052097612324394,0.0011325038423981124,0.46746632567478513,0.40573137392273295,0.4525569089210031,0.4326556480211799,2.724363877017832,2.779803644223363,2.837524040132152,2.7765556557513857
32,-7.626041150093078,1.9114109218120574,5.480626916885376,9.583848361849387,0.003779492277663731,0.001229648895384077,0.0017495822453168525,0.003724317208614512,0.0012331936666141034,-0.001145412550657684,0.0002507837610314809,-0.0034158843471153474,-0.0005902926073316828,0.0019636999649444357,0.46686774991969116,0.3850982656022304,0.3875587835147487,0.4634374291101867,2.6316251973641602,2.88581202873813,2.6799418124873973,2.6582941539048393
33,-7.618619155883789,1.9164686739444732,5.5057361125946045,9.593479841831519,0.003518273304588976,0.0020006246563101914,0.0037897910366801193,0.003503095850786804,0.0015252713005542116,-0.00020055133353181036,0.0010910475855580102,-0.002604034424582733,-0.00018449205380342224,0.002558551142292472,0.4929477183765863,0.4145467256734813,0.4455548017918583,0.45793354524703567,2.832070827441947,2.7659912124698423,2.514894642873063,2.6934387051030835
34,-7.58581850528717,1.9422362804412843,5.531593489646911,9.587676934936365,0.005415520233841678,0.004468774268880652,0.0020071502473115246,0.0033669081321190536,0.003955407375522223,-0.0003380014869345666,0.00041587474477361853,-0.0036716499885684475,-0.001976113426052093,0.0015050719673894936,0.5129876150969828,0.5108333267084163,0.4185754435377143,0.44582522234272975,2.672830175105081,2.7791941473124497,2.78676062245892,2.6118952036034835
35,-7.547032451629638,1.958097869157791,5.5222262144088745,9.554843104258698,0.00377764598520833,0.0055479551152958825,0.0010729816463714628,0.0017688009108173552,0.00350457484393257,0.00012101864696265168,0.000314479814081748,-0.00218790255588073,-0.0014368419932786938,0.0005873784345320828,0.4788102711624531,0.5314213401960568,0.3546752882150897,0.3966533360569991,2.7619498367916084,2.766244422064312,2.75065581754021,2.7190310115362637
36,-7.523120379447937,1.9609708964824677,5.549879312515259,9.552527731771562,0.002920745991594992,0.004236196593910599,0.001294862083018184,0.00121119175926143,0.002344461060365253,0.0007044740946843157,0.0007640486868811762,-0.0014181367997075625,-0.0005356228332449043,0.00034762051767865557,0.46899826436822123,0.5145084334874056,0.3703511336882999,0.37974272214644067,2.834813525899764,2.8327724448518836,2.7708118068920293,2.8490860748874645
37,-7.532637262344361,1.949508661031723,5.55846848487854,9.562532847589408,0.002509859450705545,0.0017882401368609262,0.0023101758708076394,0.0021299403615058325,0.0012924771857949831,0.0001627841268720314,0.0012098089308554634,-0.0016195586052735105,4.9262382169669185e-05,0.0014563435135157615,0.4287943856227667,0.4003974706948496,0.41457423777743774,0.4252449551753307,2.689996891869381,2.710374255208503,2.7284911519242905,2.780982059644743
38,-7.545835351943969,1.9340660631656648,5.559037065505981,9.570157952704877,0.002671933532768593,0.002566927154922199,0.002097893477163179,0.0022973344653449885,0.0014163698670008812,-0.00013267721610167238,0.0006259488145507223,-0.0019056959014001752,-0.0002457269975978708,0.0014480816099516917,0.4437181445134335,0.4438078965565353,0.42911101938116214,0.44273359795777373,2.7542709449071356,2.7963867955749677,2.820405602242488,2.8563975041584238
39,-7.544997453689575,1.9283199846744536,5.558139276504517,9.567898847341993,0.004763828297427589,0.003411498145844749,0.002010678623190338,0.003479061414864863,0.002017661244366308,-0.00015333199693438152,0.0007393000211301976,-0.00345809732544219,-0.0004838267407863641,0.0014389198705128815,0.5293864836728069,0.47909875975258687,0.40703122701754674,0.5012786860362647,2.8330618479553547,2.782888060442496,2.7300129119020893,2.88711587279437
40,-7.559003591537476,1.944151645898819,5.549400424957275,9.577126444495955,0.00604786882541031,0.0026823272207184843,0.0022538623687595517,0.0033578076567554803,0.0018069809502073398,0.0010594933750038987,0.0010900259245299982,-0.0038013075526874837,-0.00025159603065984487,0.0006924155389987006,0.5404680848730257,0.4487328711646036,0.418785230806997,0.4937996406189871,2.731842339325526,2.7874753468030646,2.702068900946735,2.8763708829380965
41,-7.551372075080872,1.9545664131641387,5.549909162521362,9.573489904956315,0.0040534943356491495,0.002724850358905835,0.0017139243795985485,0.001474197199048622,0.0017729690129267605,0.001425441847376719,0.0005671933094896226,-0.0020128610661830017,-0.0005133459099278005,-1.769113086806605e-05,0.5014225000267026,0.4357710183472028,0.3947858570385837,0.3956198139144138,2.8055009236277018,2.672280580478865,2.708525876460649,2.840274939488901
42,-7.526861381530762,1.964981198310852,5.583966708183288,9.576353187605617,0.002831529237875242,0.004357411834842213,0.0054347418554836,0.0009786206433440362,0.0026532895519691922,0.0028583401352534387,0.00274659609100893,-7.685076568145692e-06,0.00042500927001543895,0.0015038372331126876,0.4519040128582117,0.4907256224627979,0.49113009653716355,0.36107608312512945,2.775454490609886,2.717167834349553,2.5690543361771683,2.847788797958354
43,-7.549576330184936,1.9664177298545837,5.561670708656311,9.58178033683154,0.00424472700090898,0.003912572586383151,0.009449420504558688,0.0013626167330741846,0.0030093980556880648,0.004981369454606585,0.0038468281929295383,0.00018177025704088675,0.0006757674275412875,0.002361567287033691,0.48596586924880747,0.49094590233270025,0.5838484506280553,0.38127952234871126,2.7082536562946276,2.7870466740440305,2.644799873442962,2.8199154427319453
44,-7.5894996404647825,1.942026787996292,5.523124074935913,9.585597512054742,0.003501873925446096,0.002753928921206349,0.004018900005793943,0.0031091469965435657,0.002165014891360486,-0.00026164405191808957,-0.0002760415572194434,-0.0024842475863861156,-0.0013205761927435878,0.002458017613952162,0.4568016187141567,0.43835924823986133,0.4990438003838411,0.46219283053300547,2.661878239068859,2.683572313376008,2.77097814162616,2.7814731087911744
45,-7.574086976051331,1.9581876337528228,5.535065150260925,9.583555499240418,0.0036424578205954254,0.0029858156699409466,0.0024776512214807105,0.0024770198536837188,0.002264001122338152,-0.0002980649908372904,-0.0012568611517243845,-0.002590968613963624,-0.0019041858594859267,0.001411295587710601,0.4661683625773192,0.4689739198732797,0.45270582237955004,0.42917228648633066,2.67746189401372,2.833546168616835,2.850338835152025,2.7219868397965836
46,-7.557806420326233,1.9602226912975311,5.540392160415649,9.574213621840494,0.0014808790342439437,0.003705469206148459,0.0025265879866143057,0.0006494637651764792,0.00026480756030958723,0.0010937350822359825,-0.0007675214544050202,-0.0004776698688922111,0.00010157979406207376,0.000441618232420435,0.38681379754050865,0.49225345233598794,0.4596347627385423,0.311473468033626,2.7895148513667594,2.792752601041502,2.8483842570615043,2.777565126573779
47,-7.562235689163208,1.951543742418289,5.510554385185242,9.558866355067751,0.004294777310791377,0.005999484879567527,0.0035540178450488313,0.003548527470987299,0.0010550634402680791,4.5999124472486644e-05,-0.0007806840855441739,-0.0031595048192874734,-8.543640388599939e-05,0.0018532298372473377,0.5100985682864543,0.5242267913548703,0.47729025157174315,0.46656963075098745,2.7971131401491034,2.6966796647666262,2.7701636059750654,2.674218671732867
48,-7.57055549621582,1.9652505576610566,5.4930767059326175,9.557989246932436,0.003968547241976514,0.0038961730727995404,0.0016691650558114887,0.0034849679538874246,0.0014199849658917748,-0.0007240637283853359,0.000366649200598094,-0.0032763581350865843,-0.00013519171944796182,0.0016001743573959826,0.4900853378001218,0.4740171247758904,0.3726519362746083,0.4728451937442808,2.700258614166636,2.664038229861275,2.63292551434983,2.722137613335752
49,-7.572321248054505,1.97536603808403,5.545210456848144,9.591474316608906,0.00374230062291967,0.0014511836129837436,0.002846769324500387,0.0028818459006548203,0.0006012524698634588,0.00029443469814537885,1.5801022706047756e-05,-0.002651231199449115,-0.0001603067962636631,0.0014240573077744182,0.4717047143115954,0.3791517834356206,0.4459141462446308,0.421995250106853,2.6533608970215816,2.73079733263052,2.696870926893765,2.5656941531866755
50,-7.560380220413208,1.992065614461899,5.562538504600525,9.595649950423319,0.004742503642762,0.0024567506388361885,0.0033189854315345975,0.003161538282781631,0.0007700693564883878,0.0006194720883441708,-0.0007369863331735814,-0.003211615960711044,-0.0005172867989573009,0.0012812802105993297,0.5287313447343763,0.43460136981826736,0.4354074904791902,0.46427764393658066,2.8211235134495376,2.7456957816918024,2.578351858520143,2.7651928495934976
51,-7.56002106666565,1.987875747680664,5.54937047958374,9.587374316826459,0.008278316177225681,0.007016867209401166,0.005935507201167255,0.003688527827009436,0.002777527389664665,0.004063948891208426,0.0036091684114515033,-0.0035928933687516735,0.0013572257143041446,0.0009890638890386716,0.5920826163796554,0.5492466548938726,0.5556738584545833,0.4878501137740779,2.7586637787282378,2.7165208849511684,2.838236146556408,2.790216099517619
52,-7.557626843452454,1.9695900142192841,5.559964919090271,9.588002299869737,0.013056491265995484,0.005726481940415382,0.009421537310296777,0.007604645456269949,0.002751125331978462,0.004263954368498509,0.0037085692297923007,-0.007220587382985426,0.0011732919942939936,0.0028933584275538417,0.6242587887531168,0.5264901098570403,0.6366542775752525,0.5671503359516664,2.660850830186013,2.704160829157712,2.869109558031925,2.722092215997259
53,-7.562983894348145,1.9606716275215148,5.556612920761109,9.588085540414102,0.009813591388487355,0.0021503703141893225,0.0065201460657614415,0.005348779356483547,0.002232711318982325,0.0027262415123962065,0.0008203618364758053,-0.005683492721777328,-0.0008524152131476566,0.0018102231942717876,0.5954967349961057,0.4177201187176119,0.545760018043795,0.5270970963968247,2.6961155325670556,2.7430628476622108,2.706172597086436,2.7512900342847644
54,-7.59560489654541,1.956541645526886,5.528181695938111,9.5964771809094,0.005730391880708925,0.004151080318283124,0.002033480544830461,0.001059726108013334,0.003238168250618405,0.0028012176719704775,0.000918451098649301,-0.002263863058002934,-0.0011870374327221688,-0.0008562997994801968,0.5559811988407104,0.47231145275600733,0.4121686718895601,0.36466635749570436,2.835091027620674,2.6803168211519304,2.7327947400405437,2.8495385569066065
55,-7.592073464393616,1.97192440032959,5.547155809402466,9.607772676855877,0.004743622471718089,0.004681496138650701,0.003046901246113377,0.0016373809238897474,0.0037729430360633697,0.0017761572604321858,0.00129844731327347,-0.001937466625622361,-0.0012533934433422926,0.0006301374027844522,0.5017587558242814,0.5020687997912499,0.44795873410328135,0.3805702031396669,2.688067083038115,2.7363123283094826,2.698412502969377,2.6883946287560563
56,-7.562086081504821,1.9858107447624207,5.5609225034713745,9.594939403510267,0.0053792653191300464,0.004810794044616412,0.0036480312311877434,0.0028771965772668314,0.003188654377314489,0.0016243472410277977,0.002669021148875577,-0.0026239109102304454,4.012786218278754e-05,0.0013918281828089916,0.5064624902187876,0.5120412028381314,0.47982684221856403,0.4475969997432613,2.6568675424334502,2.7341830175411546,2.7617060159733535,2.7588310790114408
57,-7.562924027442932,1.9827880561351776,5.547215723991394,9.586998754963535,0.003994610149935551,0.004852697542235452,0.002925612155158755,0.001589215900939324,0.0021190543856007293,0.002232396637805913,0.002713984821725321,-0.001421356732477264,0.0008915028754734498,0.0004932863864404575,0.48227955659252425,0.4848021672355417,0.43955503017450664,0.3840436727267505,2.726681299295488,2.586285068462854,2.6635533882286406,2.702177495350044
58,-7.569657683372498,2.0036475539207457,5.571038031578064,9.610277949150156,0.0017002152769063255,0.00341531844553555,0.003445220540074911,0.0015538628313776029,0.0015047923902290873,0.0008107744325409274,0.0017757714454872564,-0.0005642746562628847,0.000539901273239006,0.0017209866111411482,0.39969060486623814,0.4867540890716561,0.46439245626722114,0.3871884792931338,2.749825967410853,2.8261486858203,2.7194656356488185,2.7254020998728774
59,-7.541765189170837,2.019209861755371,5.5623290777206424,9.586526992196974,0.0022962574853761884,0.004510883387150722,0.0037943063481101617,0.003691585257018417,0.00218492059276872,-0.0016376746841322096,0.00017472024862435226,-0.002288389297125295,-0.0006630205810649889,0.003518117889197686,0.4323253757996775,0.4922608311769332,0.48098942781185594,0.48488952057384577,2.7380200995695416,2.6453719229569637,2.7586854013486497,2.7861668879105643
60,-7.555920886993408,1.9769222855567932,5.52411162853241,9.56686870691327,0.005426622394785025,0.0060247038651427,0.0028904339558835186,0.00486239474732055,0.003911015522093842,-0.0020130569923582768,-0.001221404465323268,-0.004625950822048795,-0.0025223023551944807,0.0030059854295160717,0.5474386832077883,0.5491506797534788,0.44579427955031253,0.5061468280711563,2.832703872742666,2.774728956087804,2.7422873353418327,2.7094189588501902
61,-7.594347882270813,1.95070578455925,5.53602283000946,9.598519768011029,0.0038878612155874613,0.0024712402191657437,0.0029172170065802886,0.004370899864046927,0.0017108147009784176,-0.0018270074046044138,-0.0010726764576937233,-0.003778166305370706,-0.001463854287980703,0.00291220983084739,0.5048141080830728,0.45257873895543815,0.4441275959525565,0.5082873246859644,2.8324826371619936,2.8493056893216577,2.6953205075875615,2.7910640199868473
62,-7.571752643585205,1.9744981706142426,5.537309670448304,9.586300226220484,0.0029468538934452125,0.003467556212728844,0.001948071476589884,0.002812461165881937,0.0017069248583257584,-0.000900135580839465,-0.0004105923934926486,-0.0024978751940476947,-0.000866010729841294,0.0017546065924158155,0.4664540105666186,0.49851895564667703,0.417168612307971,0.45579231091047634,2.832897501449987,2.884084063248915,2.794220263696051,2.78914985309675
63,-7.563313102722168,2.0008942544460298,5.524620389938354,9.578033257370924,0.006910758525861521,0.005453288220492285,0.0024659719722565725,0.004295577563944282,0.0006564722461534035,0.0005158748938811061,-0.0016723285566833653,-0.005038209892348264,-0.0003225948430812772,0.0006512424421222,0.5545609573397147,0.5281152808283431,0.42214364960674244,0.49214696431854676,2.6691446308205657,2.722650980815286,2.688133265073479,2.6675996272332854
64,-7.5862974405288695,1.9857509076595306,5.534346866607666,9.59865158678486,0.007090080206563419,0.004859041568954074,0.0030061937502739067,0.004427398565942793,0.0007518896035152595,0.00043864800440563084,-0.0023762396393013537,-0.005202931200098721,-0.0009287766562637947,0.0008763979263345664,0.5681320295105622,0.5212026506307696,0.45204328605484695,0.497043550106706,2.735137509486111,2.7573250411037833,2.7384111637384834,2.7128089505807482
65,-7.587195253372192,1.969590038061142,5.53943452835083,9.598667035620592,0.003454878774154594,0.0014841644068339425,0.0019932218064097566,0.0024509639339705927,0.0005492612422145953,0.00027884223393237885,-2.947414054987361e-05,-0.0024586721088663763,-0.00014570469678552208,0.0009263450118814639,0.49167405508053186,0.3879491323532308,0.40013812405231164,0.4484330936938706,2.844710131026916,2.769553186728545,2.7233704532258725,2.832524807792025
66,-7.5673234224319454,2.0102016806602476,5.5463477849960325,9.59557069770464,0.0030509970654287346,0.004710229619378388,0.0025105562308759114,0.002157376704086435,0.0022746047964271984,0.00031191893294757684,0.0010206149624653507,-0.0017431795814430477,-0.00020341853436794532,0.0014249075741942247,0.46018150261270757,0.5328466932066842,0.41591097765865337,0.4259415311545506,2.7759476788736315,2.8445282499014395,2.6658303302598827,2.789680642196871
67,-7.571573090553284,2.041206580400467,5.56774594783783,9.617827926183038,0.0023637159126738646,0.0042132792821903044,0.004341485909817882,0.002944051061543399,0.0016227842893866144,-0.00013054606094711337,0.0010437083608383993,-0.0015917370175318798,0.00021890513041931538,0.0028395924409083456,0.43274949726202483,0.5106264855350527,0.4819281306023551,0.4699146712630308,2.7628743504950384,2.821468065344613,2.6861941236600844,2.8386116039920313
68,-7.614010357856751,2.0163667261600495,5.545479869842529,9.63332106105253,0.003145923490316561,0.0022382701786922894,0.005679608500333069,0.0009173026175540626,0.0015831311232218407,0.003313586796739899,0.0020734255238213264,-0.00026080042986285044,0.0004050701719126085,0.0010780632948008146,0.44140865917079747,0.4286909971437266,0.5476589769892127,0.3363838508503277,2.6719157969396417,2.7829507337704933,2.7887158412757103,2.717688932169051
69,-7.611316895484924,1.9777302861213684,5.4900840520858765,9.591302555837977,0.008114001644582952,0.003968931367151355,0.0032781451331097265,0.0064138670706670895,0.001275681792970753,-0.0002893722093278407,0.0008770042660130117,-0.006348141089548413,0.00030927002321554114,0.0022849952614039785,0.6003206635086891,0.4903532779142858,0.4811651660610831,0.5644841303656742,2.8020622462169875,2.7649080330666216,2.8346880379724744,2.80120908554251
70,-7.567652583122253,1.9957765817642212,5.500409007072449,9.566427230588875,0.010653675484188897,0.005122676193184367,0.003193230116599017,0.008926497674732086,0.001985949854695483,-0.0013769477236056334,0.0015318374985416685,-0.008812118496791713,0.00037287138806415485,0.003251344181277887,0.6045516620323914,0.5245072173732206,0.45256607963140383,0.6044719477463647,2.6582632399310935,2.7578323545229257,2.6906031854638797,2.7983027234396145
71,-7.535031580924988,2.013224333524704,5.518784499168396,9.554607439548644,0.006697388231103359,0.0011114249722560738,0.0025450955885455576,0.0063877688087127125,0.0005455582456200356,-0.001436878896422996,0.0007719501744464663,-0.005997618909058022,0.0002518083035921447,0.002771132426388028,0.5726694533782714,0.35484314255415494,0.43661946182443795,0.5683260284184578,2.821805934863802,2.7263026471570577,2.758220975086622,2.8458944132706843
72,-7.553975701332092,2.0057125329971313,5.519143724441529,9.568166640823925,0.006651760715825315,0.0008863968196276548,0.003627554429890796,0.007551233864271297,0.0009216699855689948,-0.0025114912774118893,0.0007561559993489168,-0.006504973463682351,-0.00010448466533818645,0.004230895666905496,0.5478314480366578,0.33830376777877413,0.4760903247541359,0.5814789900679872,2.691968970696411,2.7591614883646725,2.733316567567006,2.7619329879469565
73,-7.600034165382385,1.9967642188072205,5.513696932792664,9.59965241702912,0.004393906543274587,0.001915006810433875,0.003140791067942485,0.004306545898028191,0.0015701325571091075,-0.0007973048486465644,0.0009958761276269179,-0.003601154150944295,-0.0002712567159446327,0.0026431125916077233,0.5064808406727718,0.40878220029861273,0.47552334382292705,0.4985777766210883,2.763262389521848,2.7797872441314873,2.799052950803679,2.7281506530013235
74,-7.619546914100647,1.9814413249492646,5.499990105628967,9.604102726731552,0.002745423866395557,0.0018503081629215675,0.003328764875083085,0.0023527882744071174,0.0003256789420500104,0.0005159908705566355,7.983992304691747e-05,-0.0018164732838189172,0.00017215606558981418,0.001520340211298158,0.47210757040869267,0.40178288173630483,0.4730412410895123,0.4626183670719523,2.8925913096061606,2.7550861180466124,2.7722360918764726,2.9306727788952065
75,-7.607186818122864,2.0103513300418854,5.50983624458313,9.606124825828656,0.0069889994865057455,0.002682828390082677,0.003931393127743953,0.004619040734486271,0.0017760785101480242,0.0006963487242896174,0.00018806543113962978,-0.004762172867445527,-0.0007322455193829692,0.0017441013442905092,0.5764635998716663,0.449826123230858,0.483937138406736,0.512592239066492,2.7885044109283013,2.75356007549186,2.7465512214471857,2.776501677291304
76,-7.582945537567139,2.0349816739559174,5.50666389465332,9.59021989873085,0.006922776444858614,0.0019436064519019294,0.002456624948622188,0.004210357015024692,0.0025331912797493176,0.00019712136016720842,6.508761139473219e-06,-0.004830948874059496,-0.0015875845039885605,0.0012561642910970006,0.5644350816462407,0.3987412234394398,0.41790304541975676,0.49053302995562276,2.778300586813201,2.674291632385137,2.6572633056768287,2.7307966140509756
77,-7.551940679550171,2.0315399944782255,5.503132486343384,9.562960871866428,0.004427509201461477,0.0021826083262320175,0.0034221622001137032,0.0028841765792463423,0.0011443116222192456,0.0006552088866675993,-0.0005999965057080725,-0.0028766429109067515,-0.0007949082406981899,0.0013424518304255718,0.4911010670026472,0.44488988818723785,0.46268293866146976,0.4519935422620534,2.6985178936312497,2.8856302194881787,2.7358236837352727,2.748996482331628
78,-7.533116269111633,2.0286071240901946,5.5165101289749146,9.555212235156773,0.002483497658868994,0.0031521705468077455,0.004888117200173858,0.003040345465835344,0.000781812082374398,3.436146392677929e-05,5.6347935353675285e-05,-0.001768844872991637,7.777334219275711e-05,0.0028180646762052757,0.44023002605296907,0.4708292597387456,0.5270520447040926,0.46280679407783565,2.7742396202595883,2.7657126900103832,2.8089602752069798,2.7908366697799094
79,-7.561128425598144,2.021065366268158,5.520729827880859,9.578184851538932,0.005213444956035848,0.0035438737884438804,0.0031477517183415627,0.0036956655370160713,0.002659152835161345,0.0001823785686227963,0.0010909697307541191,-0.0034711145589330287,-0.0007320285704061924,0.001899788704507858,0.5299689873829575,0.47090149703913814,0.4619479300117278,0.4627923521462476,2.765042641327792,2.7202861442706503,2.740045704263391,2.6467999338101977
80,-7.573757839202881,2.0344130396842957,5.527313828468323,9.594622243213788,0.0038365852760378913,0.0025092657203651518,0.0009508900650745922,0.0021034687762167817,0.0018379437026277035,0.00039132102173618103,0.0009081031622195926,-0.0024421614542587174,-0.00041346193184842693,0.00042761582179536885,0.4911752565396533,0.4365646971053343,0.33490623579383416,0.40031423626539203,2.7597495105183905,2.7591594256020295,2.7135102611307422,2.6612277711676326
81,-7.578127241134643,2.020825958251953,5.544043374061585,9.604907525009136,0.0034389244586165027,0.003695031180367138,0.003081004676897364,0.0038132822852763788,0.0022742785638013865,-0.0014148849113780626,-0.00035369688793683443,-0.0030753525483409676,-0.0012431788962889178,0.0028255886923010043,0.4752872109868542,0.48721752109014765,0.4372612426913664,0.44704156328816086,2.7521120382906674,2.7957896553116752,2.6501701977909184,2.575757113564449
82,-7.574745416641235,2.0231303453445433,5.547125959396363,9.604610344007941,0.004404148260870287,0.004682962167213957,0.0029723136893081378,0.003523708713197112,0.0036126870257272782,-0.0008810816695801696,-0.0001738247624548199,-0.0032366403774028514,-0.001977158342228252,0.002380553133149529,0.48226897633759497,0.490753707966788,0.4733513048483586,0.45825826576912,2.6117662237571952,2.6115942634019307,2.858399123117474,2.6629764520238384
83,-7.554424691200256,2.0388422846794128,5.5504478931427,9.59370622080264,0.002859524202743216,0.0027239660563346383,0.0010781144173937429,0.0008542786111186927,0.001769237387185282,0.0010383858871771197,0.0005645106768036749,-0.0012735139419970663,-0.0004876337220237257,-7.485766905009445e-05,0.46558072229659986,0.45525228581849075,0.35273341995871715,0.349884653652967,2.819403828936972,2.795535959885959,2.7434527027574984,2.8734475592344118
84,-7.550055265426636,2.030283045768738,5.539225029945373,9.581976389453095,0.004580366029023591,0.0019546816614419314,0.0020628901468596264,0.002414949699671656,0.0016768982293043286,0.0007289500518936864,4.5816881029288624e-05,-0.0028390320680994644,-0.0008838690372947189,0.0006258451012382712,0.5153744924524,0.41356847422088877,0.4051263112390691,0.450467326143469,2.7744659865393277,2.7857906611871903,2.6829311182691895,2.8474003221565582
85,-7.549217247962952,2.0574871778488157,5.528331398963928,9.580786720339525,0.005116418682003837,0.0020092720618376148,0.0027096165977097395,0.00447574954142644,0.0012121823748172484,-0.0009457961401153495,-0.0005967696147159128,-0.004321172180821654,-0.0008715092195837602,0.002178114261764206,0.5346127755980407,0.41774867701160795,0.4523333282805704,0.5257050513372264,2.813011353168523,2.7833196884256615,2.790689832899873,2.8595106847314895
86,-7.503966879844666,2.0547637820243834,5.550238394737244,9.557384390901946,0.0071416371365863466,0.0036304059923423847,0.0017724021138525628,0.005305473331352829,-1.9565621277874575e-05,-0.0004833820130006452,-0.0012658828998002893,-0.0058989270456114825,5.3149899714668614e-05,0.0011354722308111625,0.580304170113368,0.4939727464766653,0.4112181271091739,0.53941206233451,2.81481698116019,2.8335732709958843,2.8327439123193394,2.8029126435745004
87,-7.491038131713867,2.0347721755504606,5.545629596710205,9.54024587435369,0.004612803698685315,0.0032101263760395994,0.0011697411859706093,0.0023257007039962163,0.001310623846320957,0.0007062002682376164,4.240557409562792e-05,-0.002944571153805084,-0.00033106282325394605,0.00013311287718679885,0.5101246928544322,0.4971875895453086,0.34003213352312595,0.45124429522986315,2.7431722602539734,2.9192183320803577,2.5962819429128636,2.875976710071092
88,-7.535211110115052,2.032946580648422,5.508250045776367,9.553091037334031,0.0029306976955701036,0.0034030224671292354,0.004193989767717502,0.0016313656935934145,0.0012212231658070842,0.0011219314814202095,-0.0012717228574310381,-0.0014150293519550952,-0.0009636641126875663,0.001247196953833596,0.4723119109355401,0.4777475060474617,0.5176511065545668,0.38781758921851817,2.8598061454151056,2.779165712947154,2.8566291531857786,2.7190128893273267
89,-7.526951122283935,2.0369269371032717,5.519442892074585,9.554064927610165,0.006415926356145819,0.004643419380859443,0.00472165540034344,0.0033154666429438475,0.0019608948436311228,0.0016328814037861819,-0.0012628389466200196,-0.003702251985394144,-0.0012748766541471682,0.0011582599292518812,0.5743461887073468,0.5286636880916128,0.5302083382492423,0.4718531004298212,2.858181293439097,2.845008045621376,2.840241095694692,2.765196012269388
90,-7.5354804515838625,2.025704115629196,5.558917307853699,9.580994263266902,0.006544993373223672,0.0034095376785469506,0.0009475521796832093,0.0035898338438441245,0.0026268921111807218,2.2061599983506482e-05,-0.00016346559098304807,-0.0045812206249979,-0.0014399332506691846,0.0004985505163954012,0.5708793175808947,0.4706761859254565,0.3301214151205083,0.49072658306278966,2.8152654535550377,2.779814488700351,2.6188300514503005,2.8003659835159094
91,-7.557147979736328,2.0262428343296053,5.563825488090515,9.601126137437227,0.007660813913724629,0.004646173290764065,0.0024733067107711947,0.0049661531260685845,0.0018009040653713425,-0.0004382785669732504,-0.002384621251318946,-0.005888707496253911,-0.0018009200476570917,0.0012578736271610736,0.553319406759903,0.5229675986857407,0.43977658201754005,0.5000549553165876,2.703741004762786,2.814008135604877,2.801309896062902,2.7187940233323618
92,-7.555591750144958,2.0550929605960846,5.528630685806275,9.585732029703818,0.00811073239447728,0.004546448347148564,0.0037624824686669214,0.005759122472608548,0.0005102052277408031,-3.45770899158215e-05,-0.002355997306191162,-0.006290507061502949,-0.0007892583848050462,0.0016963528095380737,0.5684691002855586,0.5096164009749798,0.491386932705641,0.5356188834671889,2.6482399152402865,2.7533518078337464,2.778310157590759,2.740417519158599
93,-7.60090205669403,2.0293253540992735,5.503671073913575,9.601604714172415,0.006433014758277708,0.003032388474456199,0.002964948091142225,0.0034363206510011996,0.0011588276922467628,0.0012998139890298193,-0.0005903059229527352,-0.004114683862833084,-0.0006170680027443058,0.0005347303810241458,0.5279498330436205,0.43057589831518245,0.4519835813804175,0.46840519546672876,2.597348922246432,2.619962185610114,2.713603489120825,2.7205320151354524
94,-7.588901162147522,2.011907535791397,5.53386800289154,9.605795743384743,0.005786978684439945,0.0017152137782938605,0.0034360208755317757,0.0020708356715482593,0.0014394036456734148,0.0025204406537622263,3.064821395431029e-05,-0.0028426363671610337,-0.0007606230461049495,-3.304841269895398e-05,0.5277700309690408,0.41088739383287776,0.47631166354781296,0.4273178464511226,2.7482959990796267,2.8276227554577806,2.757784088923081,2.8329839235254504
95,-7.516177296638489,2.030552387237549,5.559635591506958,9.567260592727811,0.0025299742557111098,0.004213145872534746,0.0013554151107750961,0.0008741278794114565,0.0018638264838931468,0.0007128860749653066,-0.00018858546389452976,-0.0011589980418204161,-0.0006721323816097594,0.00019632812037085958,0.44218953517788345,0.4818035718783523,0.3461064140918286,0.3361263720469276,2.7644775270686264,2.647439025589071,2.5944486233390807,2.748638042779351
96,-7.514650964736939,2.020317178964615,5.595189428329467,9.584604278117919,0.0027110204600376254,0.003835153142999894,0.0029291476069542286,0.0022818435414590117,0.0018164692888056476,-0.00030449546773428284,-0.000856308185856388,-0.0019052568161462729,-0.0011026238547170708,0.0017658007236524666,0.4413560977672911,0.48684238186568685,0.4273231655760124,0.4267368868037249,2.7470987261396456,2.745104180351728,2.6527119967512753,2.7365964470556343
97,-7.540687870979309,2.012176901102066,5.5951296329498295,9.603155776969082,0.001541542321446125,0.0027522455592584004,0.002443708811779286,0.0022155826311899426,-0.0005972831164439745,-6.226371329041206e-05,0.00023320869648034092,-0.001376196259552009,0.0011831894644359514,0.0015187740781601867,0.3738639275999395,0.4505779499593336,0.4219537943020771,0.43080821673545616,2.661208094296822,2.7506615766386386,2.6710856115709882,2.7770224427564174
98,-7.515698385238648,2.0485986948013304,5.532401609420776,9.555289197545004,0.009122515726077921,0.006031459961596557,0.004065487209833773,0.00489814649949067,0.003379851121386115,0.0016122939431074776,0.0011117056857995653,-0.005460310626700584,-0.0006864749466169963,0.001341666438253835,0.6301171723723388,0.5442794377455498,0.4849351974077964,0.5044951294452813,2.8595179754388047,2.7032941801577137,2.6879509045606613,2.7330834559161747
99,-7.515848016738891,2.0696975588798523,5.517617416381836,9.551274163206806,0.008331445750294916,0.003315108084421304,0.0038154227843015523,0.0037600911131779593,0.003550395138257793,0.0018731387249748565,0.0005094461660662847,-0.004649605016326972,-0.0017476277504425621,0.0008662820493417423,0.6140119131802497,0.44874957104414653,0.48182014355588165,0.49271161768144317,2.8620466870978056,2.6422114117615885,2.7575966356795134,2.820809562957213
100,-7.538592958450318,2.0571878790855407,5.571307373046875,9.597617544171195,0.0020005329497052803,0.0048188790900205005,0.008519665519768141,0.0022960079141143316,0.0013924195983589234,0.002016829594085221,0.0011830033758949078,-9.795564839224043e-05,0.0006143952356632271,0.0036096938672480184,0.39322560616934094,0.5284480298373606,0.6035513381800065,0.43689003505917184,2.67003805666319,2.8381226766292538,2.789240450068971,2.8031340572817305
101,-7.550713658332825,2.0431519031524656,5.570080304145813,9.603611179329011,0.004148797685283939,0.0054699379700590646,0.010351241961379718,0.003331409605517078,0.001869717282943378,0.003498609265202373,0.003667130518416369,-0.0008287374089338826,0.0017993941269023493,0.004003947091755386,0.5173211291437756,0.5352934749861792,0.6357110951407084,0.4701999191111407,2.8614050911631446,2.7668457005863414,2.7713244893929794,2.7531367202906334
102,-7.563043761253357,2.0535367250442507,5.509596848487854,9.580302916857125,0.010789035719217641,0.003056479487046489,0.005151476840481613,0.008573276115075976,-0.001071104064593131,0.0005897140229960408,0.0007825728955756457,-0.008421593764554706,0.0019459124406762758,0.0026343379078505535,0.6508491179859974,0.48836566390599484,0.5548232515546647,0.5978826723177474,2.8467738586283025,2.902472115121583,2.9041721865380348,2.7363671684650015
103,-7.558614444732666,2.0574871778488157,5.5226751327514645,9.585271468168559,0.014763705317182048,0.0029515373916246005,0.005929765543911146,0.01145270778823964,-3.02475735990782e-05,-0.00010182793907437306,0.0002090434537960347,-0.011722024055753785,0.0007850140418127669,0.003529972391286538,0.6490632083992744,0.46492011666391675,0.5435001247809476,0.6484609251837063,2.6504192204184087,2.8179087285148054,2.798939600337459,2.794015065663786
104,-7.562265658378601,2.0292954444885254,5.539763712882996,9.591750599643982,0.006753994676332829,0.0014179039645482072,0.004955039001634659,0.005973587872747067,0.0014531898164262386,-0.000363623526852492,0.0009761519358538482,-0.005210528518732989,-0.0002791189805511955,0.00335457819963216,0.5628646357125879,0.3779170267483753,0.5271214760064632,0.552920796194347,2.7920582109344116,2.760582502138243,2.7926084507078577,2.812295353013841
105,-7.535181283950806,2.0602404832839967,5.527134299278259,9.56960579824899,0.0017682899587103673,0.002512762349181225,0.0030733553576731674,0.0025188911837567113,0.0011230064010545322,-0.0006449289418601084,0.0003199771566731747,-0.0015219084032277125,-0.00015352642391981686,0.002347520803271913,0.3864828993540675,0.42195691048396633,0.49000894064875117,0.4575856856472733,2.6481824407224206,2.6949640169666176,2.912092689605317,2.8724273854274296
106,-7.526023435592651,2.0956746697425843,5.536830806732178,9.575854651074684,0.003120610976731373,0.0034193674681861908,0.00356571743863911,0.002089020473421105,0.0016684257229605056,0.0005787278490396202,-0.0004241130912712267,-0.0017484278302890613,-0.0008027456865998621,0.0015289225088878343,0.4511441675868757,0.46877983157138686,0.4797466306188976,0.41620217580208546,2.690888910565694,2.7174710787311156,2.795737775451358,2.7270493646319753
107,-7.551611423492432,2.0887314856052397,5.565112352371216,9.610932865737716,0.004954642579545339,0.004289128926884808,0.0032559431341077816,0.002056825353578196,0.003483076322846768,0.0011455493322859976,-0.00019912944075061004,-0.002454105140476352,-0.001905461668578465,0.0009492543880470774,0.5368720726429868,0.4999469112277892,0.4906157364578498,0.4150831753115033,2.832366585271338,2.7836256068985925,2.8733650891546314,2.726896257454327
108,-7.553496837615967,2.071553099155426,5.567895603179932,9.610177936362751,0.004678774924837159,0.0032350910934468304,0.0015074583352160378,0.0016194273554163297,0.002486145090989865,0.0013873830584519612,0.000746928348596481,-0.002329360502397874,-0.0008174329423604895,-5.411854664275577e-05,0.4898725962306661,0.444249673867187,0.35349430020874684,0.38538285391254967,2.660159943192707,2.652107118489651,2.571717034690071,2.7319389382948565
109,-7.5394309759140015,2.061018627882004,5.5415294647216795,9.581464097367157,0.0029704992353817555,0.0020060919646854554,0.0012955085101327179,0.0009160831742544834,0.0008961115520834691,0.0012724893144279133,3.368091312746484e-05,-0.0014088962990964136,-0.000256257273222552,-0.00024096864982706446,0.4628672446670417,0.4165105641490948,0.3733857686683966,0.36036989323683505,2.79158823766884,2.796623581845039,2.7590593214293433,2.8993788945595664
110,-7.5269512176513675,2.054045534133911,5.535783410072327,9.566754630674746,0.001916293582819076,0.0014072593392651623,0.0016891968124744037,0.0010143169915895049,0.0003835310206987311,0.0006129257436609007,-0.00046828753713606274,-0.0010704879420297866,-0.0002736788402821356,0.0003974967359156761,0.41199009196896014,0.38076196366202997,0.39349233176895815,0.34338617674225386,2.7693714593225645,2.763109279989611,2.7430046918048885,2.7106512493297985
111,-7.5606495380401615,2.0469826221466065,5.536232328414917,9.592089747700593,0.004375534768364807,0.0017330067663887218,0.001577538697158253,0.0026776156853076504,0.0009252781157436809,0.0002543807344624545,-0.00039893434972998584,-0.0031005949493567724,-0.0005913791958072592,0.0006271927253607419,0.4780868621340141,0.39677802985361577,0.40336199191004674,0.4072280302532191,2.6076272796487117,2.715262651152836,2.8488061257894395,2.591115981265483
112,-7.588452219963074,2.046653389930725,5.5280321598052975,9.609207372924388,0.003788070017049599,0.0032726449989193035,0.0005761328497077169,0.0030793922389616554,-0.00011531129589277691,-0.00045098347278015315,-0.00028849564514051815,-0.003275810929177777,0.0006269439358090339,0.0006238726929274997,0.4837987656138198,0.4750646827394711,0.3141227961929884,0.46550546137579624,2.723491420367636,2.78025526413992,2.857201824749961,2.747168043799127
113,-7.55738742351532,2.0452168583869934,5.506993126869202,9.572251538571681,0.0036431754785715216,0.0027965772304315286,0.001126773775259053,0.0033459460996112874,-0.00030529458437986823,-0.0005609915730312711,-0.00018947665370056015,-0.0032679921280714787,0.0007329271677653961,0.0010516299617129065,0.4872171938304518,0.45676878387153386,0.34594014369183307,0.48128141180784345,2.7994808562045628,2.796094309050648,2.7039428660455767,2.8157207725280937
114,-7.541765213012695,2.0394707918167114,5.502504014968872,9.556075427651693,0.0017573926962349566,0.0020416536062136336,0.002277096225093613,0.002535610592812349,0.0008071560739429135,-0.0007223694019797326,0.000881678973368438,-0.0016284354635063474,0.0003050779499373329,0.002065713357997444,0.39373285502180544,0.4304320824178372,0.42357298401536064,0.43356260334626917,2.7128102890185555,2.8513497269850436,2.728754449461685,2.7171933575667415
115,-7.551671266555786,2.0261829614639284,5.501875567436218,9.560744892735006,0.0025096656748031113,0.0018254898548742586,0.0033417166204841075,0.0034117848282157162,0.0005949942941529921,-0.0008993501017441394,0.00017379831464028886,-0.002372283496197225,1.410025044164452e-05,0.0026703257187647078,0.4364502120047948,0.40349106303859117,0.4612992465298404,0.4647217540134948,2.758697251878277,2.739914083553656,2.7122383906978826,2.739495705903741
116,-7.5587341547012326,2.0400394201278687,5.51740791797638,9.57820898181988,0.0034081497725711183,0.0013735096030760084,0.003160833347811524,0.0036537464665686754,0.000927567598604426,-0.0009984656760186781,-0.0007249305157630932,-0.0030675419153587727,-0.0008611643243640834,0.002457040674923175,0.47654715850597146,0.35839860895155573,0.4718599026241051,0.4807566255301841,2.77076896107948,2.6363406929653372,2.7974654759759647,2.7353494149502793
117,-7.555202651023865,2.070086669921875,5.54862232208252,9.600028224623927,0.0020061742060073083,0.0014035808506318137,0.007518502417219464,0.003574234908255066,0.0007018742140369214,0.00022108156053706664,0.000697875889545688,-0.0012975637549101939,0.00015578052324251909,0.004341482610353819,0.41350464809896087,0.37635762410712786,0.5977490710590437,0.4926203434935342,2.770416730582279,2.744464430121776,2.852027984402792,2.839435340744936
118,-7.587284994125366,2.052818477153778,5.54335515499115,9.618772028803814,0.006258238300805625,0.003795596598158428,0.007802019361867912,0.00624355372634437,0.002004600223606781,-2.4803626857442147e-05,0.0007142476463690476,-0.0045321645095377115,-0.00036188598549498233,0.00471026696063052,0.5347032543110004,0.4914193823106391,0.5788070852705528,0.5073643123197573,2.697277190412694,2.8123839566023845,2.7766201596254096,2.605633050033875
119,-7.597520232200623,2.043181836605072,5.517048764228821,9.609386925050345,0.005990883352150175,0.002933889120331864,0.0020151459138841653,0.0050616948926481406,0.001562917647580778,-0.001374817160111465,-0.0009639495173656247,-0.005208600552456972,-0.0011756328091827846,0.0020504415307458414,0.531111329608097,0.46500049668812576,0.40317308981473016,0.5035834428430829,2.6679061728001683,2.8070962652844424,2.6769055188285735,2.651285114426524
120,-7.585130214691162,2.037555456161499,5.519233393669128,9.599630632419176,0.003057776607635643,0.0015213842789592008,0.0027838864575468855,0.0019541901505821056,0.0007044696741930122,0.0005221986367168525,-0.000976754984477392,-0.0019661994690119236,-0.0007990243571587954,0.000986931222510575,0.46102254392962105,0.3871587736498115,0.45779573826581105,0.38661269648622404,2.773243466257562,2.7482743908291054,2.7976343831342487,2.5792126146661025
121,-7.563941502571106,2.0512323141098023,5.545449948310852,9.60118539886107,0.005588529518849157,0.003346057981722081,0.003631327949625224,0.0020597330120137106,0.002970435093593426,0.001888868728087187,-0.00019368757224236794,-0.0026618118092603497,-0.0017248363309610906,0.000578686473068006,0.5333409840950685,0.4753375585065756,0.4927258095472048,0.3928290110266325,2.774521348082803,2.7908363473300386,2.8189314350641568,2.615978676858383
122,-7.542872524261474,2.0751144528388976,5.537638926506043,9.585064166384754,0.0044951072012114,0.002296647546354723,0.0026018449081884956,0.002041722057333243,0.0024700576459652365,0.0009932609294369813,0.0001140849496924807,-0.002418419668502248,-0.001373902685172351,0.0007561513235358403,0.5025815792636844,0.4290181673773371,0.46804342209810834,0.4171912335658228,2.7405378544869072,2.7411419677095457,2.8994879229804615,2.7614950243218837
123,-7.551491689682007,2.062694549560547,5.533957839012146,9.587110104363148,0.0032439027192906187,0.003325442565608828,0.0050342757853687765,0.002913889391541363,0.0019029559321217483,0.0010190956302566633,0.002572496079485654,-0.001557566275652086,0.0007080307707823065,0.0026562565627598804,0.4571813974205228,0.4537774081906974,0.5272214506743985,0.4185418059688494,2.7073396475752003,2.6687119477665284,2.796367611895849,2.5252852307409146
124,-7.537455701828003,2.0637420296669005,5.540811204910279,9.580217756996689,0.0014946760284410155,0.003054583179161045,0.005650828539898487,0.002080255134642616,0.0010961744686872152,0.001444228797574992,0.0032354145448147006,-0.00011286879739161188,0.0016669318176306702,0.002819781617058444,0.3798829096213663,0.45025166678182105,0.5524904626746753,0.41324202665340776,2.7540444908626114,2.7197410280050383,2.8374717498057653,2.725487100487579
125,-7.561816740036011,2.0556615829467773,5.55254282951355,9.604450253599248,0.002136998694198271,0.005294572952135477,0.004198555398778271,0.003297656741749104,0.0014506715944470976,-0.0005086356889430402,0.0013798961362800996,-0.0016798501616996926,0.0007770213687007099,0.003118568898890804,0.4171629124570619,0.537987636162894,0.5202756468420839,0.4842946107210825,2.7465320431035267,2.8144177789852436,2.8851233067152986,2.846907625854265
126,-7.57980318069458,2.0622755527496337,5.5485026121139525,9.617719130716093,0.0016053329493125109,0.006020489975132277,0.004070739413865736,0.0030193758430654555,0.0011350052202415916,-0.0005301399640589534,0.0011333936800455263,-0.0013374341179165754,0.001040149539417208,0.0030097676440588735,0.4012537152460232,0.509085916448765,0.5053269968154327,0.47484854933191356,2.8028361660279,2.5859223084717495,2.8038524324577416,2.8362049679423027
127,-7.581090021133423,2.0669741868972777,5.515552353858948,9.600627638798818,0.0042526047847379796,0.00218849709397868,0.0037529491207752425,0.0044834269149051625,-2.840386184144629e-06,-6.855588575080816e-05,0.0016833224558868874,-0.0034170498357226574,0.0014352313878914188,0.0025588066613826967,0.49359934652105514,0.41615645397253465,0.4808085424241715,0.527977082491766,2.738939967360752,2.7303323893395723,2.786945571456599,2.8688604796913166
128,-7.5979691505432125,2.078885352611542,5.556822371482849,9.640366405638451,0.005695301754918822,0.002077642962312379,0.00801047260886509,0.007899159598723138,-0.00041020210285893754,-0.0010241080651595279,0.0021477805859122256,-0.005181498666554903,0.001993864413870426,0.0058734184040989635,0.5240431901474226,0.4180766462870399,0.5547013375291661,0.587170649514872,2.7227322796826927,2.758726747302347,2.651641514612811,2.764528201807558
129,-7.578755712509155,2.0620361447334288,5.577173042297363,9.633284992612008,0.00353078874119139,0.0029901545379700358,0.005504744873140136,0.005931590175361786,-0.0010581427320133971,-0.0010562962564802806,0.001842911473746473,-0.0036098979911506402,0.0025375646224972855,0.004411430701057523,0.4992225962395019,0.43399978643535086,0.5061060562610135,0.5456678196772106,2.871836897683478,2.647752530728731,2.6380078357946055,2.7769286738297825
130,-7.546014976501465,2.030043637752533,5.513547134399414,9.563868376000523,0.0014315929743468848,0.0014492457496620738,0.004290641662186981,0.0019534662231200694,0.0005511021563817872,0.0005919364474577495,0.0011706517921371267,-0.000665204825517464,0.0005579559986820361,0.002265999874488621,0.37569995154299707,0.38265993250387415,0.4779475651968106,0.37622664194065225,2.7168597459598147,2.7529492817326986,2.677742205597176,2.542399230145289
131,-7.533565163612366,2.0583551049232485,5.518066263198852,9.562708025778456,0.0017320417663702322,0.0015432054378085036,0.0037117283060859596,0.0018294082713901222,0.0002812794598965932,0.000829041977657366,0.0011893968513450811,-0.0008220100033236802,0.0007995646794451566,0.0017491727982868396,0.4162552866355879,0.3877293540746281,0.4783397110844156,0.4301677216792162,2.8618946263695877,2.7890221898434535,2.7353895832664836,2.909890300544476
132,-7.548169779777527,2.0946870923042296,5.56101233959198,9.607189141204696,0.00548567031786552,0.00299701281449245,0.005436376740967823,0.00271493905815466,-0.00031189124584987454,0.0031025914008038884,0.0002763245277674935,-0.002542968559848185,0.0010628916259828355,0.0008285529187373902,0.5707859955727448,0.46314283742954465,0.5518354034231125,0.4448089015403606,2.9281609828412396,2.7917822155873893,2.8434225354392266,2.7493482861741585
133,-7.542034578323364,2.1108179926872253,5.562778091430664,9.607161352557691,0.006258633043477725,0.0035993136427462788,0.008246190831117637,0.00209257888610659,-0.00017325171576082287,0.005159762224157961,-0.0003511953495310417,-0.0018894277204754054,0.0007140412885636736,0.0007646011094187773,0.5546295791771712,0.4870493041505083,0.6108155442618148,0.4103804419991507,2.7609751233905815,2.798057119610793,2.8315584436087993,2.723242307981365
134,-7.545775580406189,2.087205183506012,5.525877451896667,9.58343219829249,0.00706569362724129,0.002976444910829075,0.005212646159550087,0.0029426815602520908,0.0010382243176377906,0.003283827739235934,-9.336049069294297e-05,-0.003416416488308807,-0.00022850965849729096,0.0004803692186017753,0.5728991769492958,0.4394388579920158,0.5654506534968058,0.48384784888229737,2.778048535776814,2.6612428289458805,2.9339326121004974,2.9064806875374463
135,-7.518092656135559,2.0819080233573914,5.5248897790908815,9.55991466435576,0.008850957220804947,0.0025621421958241376,0.004727529755590048,0.004032087380534956,0.0017483912391582945,0.0030475607157415476,0.0006973422267303924,-0.004835169131265639,-0.0004124292854478699,0.0005081071486373948,0.6065282878047861,0.43934293464562757,0.5163627850448566,0.501991678435253,2.779645134850881,2.7589598177703216,2.780031792710927,2.8081957796188055
136,-7.499148511886597,2.102258765697479,5.552004075050354,9.56499458452704,0.00499430225363778,0.0018754088109880953,0.004601930516795225,0.003417082241422449,0.0006716147412487878,0.0013917704682853513,0.0007747578225142292,-0.0029604692272244305,0.00033458750354363513,0.0017557155924587701,0.5397304085786641,0.4106989556321628,0.5219629953016695,0.46373400471187864,2.8476867976276186,2.786017322373939,2.826302700737807,2.6916884541658357
137,-7.544698190689087,2.0755334734916686,5.530276751518249,9.582280678112054,0.003935064698354911,0.001760670813390243,0.003106382175497562,0.0026631097242801596,0.0010352560726645467,0.0008147972888369492,0.0007990894026184153,-0.0024025674620453026,3.0490601658032702e-05,0.0013249942616398787,0.49381746694334877,0.3974683956746134,0.45592063343067624,0.4417897487123553,2.781629025160674,2.7270668401679425,2.7456642715793063,2.731462078874683
138,-7.553317260742188,2.0602704107761385,5.508669090270996,9.573330115422445,0.006313361132814789,0.0021549629894086265,0.0025901760180682977,0.004849504559547306,-0.0015234336565933906,0.00045277658512914967,-0.0006716581905349894,-0.005060787009088247,0.0012875905792349774,0.0009878095799198692,0.5539035400760786,0.4186127292445277,0.4458525816014028,0.5266683534548127,2.7582236303557868,2.7063135127593982,2.7671993780391935,2.8090517899714396
139,-7.529734349250793,2.0538659393787384,5.510764002799988,9.554559637852684,0.008140927068719552,0.0025990767311110372,0.0014081737168231924,0.006016270674508164,-0.002113001391902596,0.00035549104653321266,-0.00018306498631135557,-0.006678734165938135,0.0021287598954709544,0.0004908125903285881,0.578116946707705,0.43083715122753735,0.3896247830021831,0.5354765534302723,2.7238708363112725,2.6977100030751906,2.835841951217966,2.7268902758796183
140,-7.5282081127166744,2.049017679691315,5.521328401565552,9.558272406214163,0.004226843842558845,0.001147877913057687,0.0006851703513467774,0.0027828043175794244,-8.184420671508675e-05,0.00023398158067670826,0.00027501326189311137,-0.003209816212037565,0.0004681630628701583,0.0002701901746698962,0.5003761765970389,0.36227148515927476,0.3321770831425231,0.4563872861630413,2.744200838671709,2.7738166849689043,2.8811588480866366,2.7905225383020595
141,-7.538952112197876,2.0371064960956575,5.5298277854919435,9.569115296599978,0.0016946280824724407,0.001379666739600751,0.0014635626279222858,0.0009900722109820645,0.00023765563775375345,0.0006110014799703855,0.00010073555962554936,-0.0009320858062745315,0.00016408359697433879,0.00038360320998405027,0.4123461779705098,0.3680190513988424,0.3946918453295298,0.3526112351365472,2.8571045870918454,2.7129348569705867,2.833615298818378,2.775054394057056
142,-7.544099640846253,2.0164864361286163,5.525578093528748,9.566379559106998,0.0017609315844280906,0.0008497033627686156,0.00228376769950417,0.0007389677959984511,0.0004618594315874871,0.0013074169603555675,0.0007578302493705611,-0.0005420688467626701,0.0002509912388242752,0.000443981139771251,0.41071412247453126,0.34347947713699095,0.4441832711702296,0.3186087408497885,2.7912385519391054,2.841249710576649,2.8244311739751855,2.728430471215885
143,-7.545266819000244,2.000385445356369,5.50792088508606,9.553724526102272,0.0032798673274460045,0.0020551999800627542,0.002472913280984071,0.003737933871418979,-9.658021149634012e-05,-0.00039807071316078963,0.0015671314692377496,-0.0028447791771249024,0.001410230370099427,0.002068029178648844,0.47122011324021545,0.40784447086483516,0.43441793333242645,0.46394786953428213,2.7651560977773464,2.6928942595488556,2.725478830960933,2.6389934857979873
144,-7.543411302566528,1.978957325220108,5.492268705368042,9.538830501752988,0.0035726879666383216,0.0029228510815969264,0.0031961335646811724,0.004485741584206801,0.0006201918382463364,-0.0009166904388118837,0.001754471403762937,-0.003232805586530983,0.0011237101555318597,0.002932106150287514,0.4660562908013285,0.45488126063072537,0.4474479241344581,0.5104842059007927,2.6927259250863225,2.7789746259139703,2.6930670514848822,2.769799559416994
145,-7.553466939926148,1.9965247631072998,5.512410020828247,9.562158223454736,0.0034491050665876504,0.003007834830660422,0.0039083261550642515,0.002752939318200889,0.00037469376705206943,0.0012543425249149432,0.0017786223043709723,-0.0019283079864994364,0.0013493114459766779,0.0016368660047805246,0.4998436057479997,0.45396492685206197,0.5032171177061622,0.47547555310947426,2.890938399974675,2.727587969597759,2.831996099705052,2.9057964842630497
146,-7.5426331758499146,2.0293253302574157,5.5158817052841185,9.562463274754625,0.003709777773155404,0.0018188571974694571,0.004731425356047374,0.0036533520248010127,-0.0002331311360915536,0.0004741916603644776,0.00017386612824452262,-0.0027006731494259558,0.0006682598422917671,0.002394657490966998,0.48138534029288943,0.4078872104337137,0.5081396958408345,0.4876115938672029,2.7363427563676415,2.7851955423875476,2.7652522202384917,2.77292786192458
147,-7.557148051261902,2.0108301281929015,5.489365839958191,9.55476484818191,0.0035610189505398946,0.002767878933341645,0.0034696366750070315,0.0029885282294404548,0.0015951844778456974,0.0001250240597821581,0.000529604527380761,-0.0024100292353545954,-0.0003767094087892666,0.002013464430105518,0.4962883903675302,0.4296074560267026,0.4680799754241965,0.47447344881589487,2.8533256858103564,2.66289053755326,2.7434537280204507,2.8478842816661802
148,-7.612783312797546,1.985990297794342,5.517437839508057,9.610181797969386,0.015817888702997607,0.004318347116281843,0.005337808550814917,0.009845995270344469,0.0068722668038315405,0.000346463567905789,0.0015995114671532567,-0.01102127243962318,-0.0036756110009750318,0.0031237079208670483,0.7054508250438535,0.496935289245796,0.519139102298263,0.6055912093761505,2.779222646479785,2.722950071236507,2.7105088215342668,2.729869761574948
149,-7.611735892295838,1.9866786360740663,5.54123022556305,9.623732737507325,0.030454478759740108,0.007187552044402715,0.005014050682048396,0.015725457087367004,0.013143180369204586,0.0016956002371126997,0.001543491316354415,-0.020536589628282958,-0.008092443815780831,0.0018492305220018362,0.8343548319707795,0.5668071928814556,0.5189429184585854,0.697203770875846,2.778485031381617,2.7296837756338874,2.7441091341427852,2.7725485085144252
150,-7.572111868858338,2.0057125210762026,5.52581753730774,9.586948982340564,0.01776135108142521,0.0047113208064754695,0.0021849134781620557,0.008688677286228793,0.006972097076997472,0.0012554701011415707,5.645767937674335e-05,-0.011918887674020376,-0.004536301660033742,0.0002919298366506417,0.705450365659439,0.5233653286689273,0.43306941061309545,0.5845666319805112,2.7014903927290232,2.7995989930256844,2.814589747513998,2.722231820702946
151,-7.577857899665832,2.0097826600074766,5.503431749343872,9.578926683856391,0.0036310234074736062,0.001225553897183315,0.002118929131577367,0.0017979201043401337,0.0004226591209260279,0.0013503858448757312,0.0005619428395370498,-0.0020132282447832377,0.00024295167254926382,0.00026458459811726416,0.4940603470126455,0.34939401091506495,0.4125217550212125,0.4056469635937362,2.8332782858883836,2.690916146713447,2.727431633460924,2.7849249329782446
152,-7.557567000389099,2.0104410648345947,5.51830575466156,9.571692169718824,0.0044589932880787645,0.0013076665267629098,0.002698185207116469,0.0012013193564819713,0.0013098965574308244,0.0026541410602745476,0.0013193730362792404,-0.0017191563289122127,-1.258229064448708e-06,-0.00026888317876564956,0.48265668769943276,0.35936639199054615,0.3986532514026899,0.3660873373845031,2.6751644421885623,2.6805286437826394,2.52194315058954,2.7694432039501082
153,-7.550414323806763,2.0227712035179137,5.545030975341797,9.584080852206375,0.0036526419321609386,0.0006789807314902406,0.006941433694239669,0.004033623514468887,0.0006760705816968969,0.0006444109167444409,0.0008453315607742907,-0.002362746258193654,9.998904205420901e-05,0.003701803397075721,0.46628077020414294,0.32611776452251107,0.5624639664770217,0.49130221162475257,2.6882804007761543,2.8230032821786772,2.7170511898864365,2.7482912598805576
154,-7.578965210914612,1.9943101525306701,5.515193200111389,9.583651019137118,0.004133686772391477,0.003790451757240623,0.008207718618629513,0.004527468398562715,0.0027415660977055697,0.0007500381445694101,0.0025018684708796725,-0.002295221323664774,2.118764254738236e-05,0.004665056290152872,0.49989202319258663,0.5072221552221808,0.5931592447286886,0.49227496579967744,2.771269524057201,2.867196262196693,2.750921138195542,2.6889910088071214
155,-7.574715495109558,1.9896414518356322,5.478172874450683,9.55784676965563,0.003956493435378216,0.004524737619740761,0.0017808406974310002,0.002821133716963337,0.001787654586735239,0.00030314153483040283,0.0017088588122712673,-0.0026169530858131257,0.00046697460240109726,0.0011226456178668888,0.4935705413766713,0.5005689643093378,0.4069418207855503,0.45542874845220976,2.778339773985263,2.7138159629126553,2.7592977854663174,2.8052891377440794
156,-7.597220945358276,2.005353403091431,5.488946843147278,9.58497715269514,0.002688326490536044,0.0026367087799934377,0.0023113726927686275,0.00338250595226707,-0.0007050837062479357,-0.0006026050752444907,0.00013898845756233732,-0.0026264196646594157,0.0011897215487266341,0.0018315291843042187,0.43652438821394157,0.444760343553971,0.4350538445606076,0.4651454281169824,2.7120421762016207,2.7529769633230843,2.7956930599088285,2.701849048916888
157,-7.601560473442078,2.0139725148677825,5.504928159713745,9.599560970577443,0.004524331970823176,0.002719696180549391,0.003113336791698449,0.0024311942224896827,0.0017084777858385422,0.0008567178145755693,-0.0008105529084897845,-0.0027224654778361165,-0.0012461513352442948,0.000943459551787491,0.5056015308440549,0.43996752239215553,0.4648726743560516,0.4311159612149009,2.7480317976964477,2.7433551289056264,2.7808139317336207,2.75093421955476
158,-7.55376627445221,2.0362685143947603,5.510434794425964,9.569569452485954,0.006237039764683112,0.0019178717415733188,0.00263561122881188,0.00448158529826887,0.0017791662459143837,-0.0003084327124324,-0.0002231399181077152,-0.004727346956871877,-0.0011320741703088086,0.0017150397882104648,0.5481994152109995,0.4114277869058148,0.4547611886364456,0.5091984836568337,2.7493409691883994,2.7711519993398794,2.817149862484494,2.774393939250173
159,-7.550564002990723,2.037375843524933,5.511123156547546,9.567643557711172,0.006334300729203701,0.0012563411383066908,0.0030626365402147307,0.004960952366364982,0.00042708024284484925,0.00021977616981387122,0.0011560064006041107,-0.004780007270715145,0.0005976014431664891,0.001840387516821911,0.5140808038545603,0.37106734783268985,0.4443195072626449,0.47184285823060695,2.594428917002798,2.79312694727112,2.6996262288119444,2.5850967279843724
160,-7.579414105415344,2.0083461463451386,5.513367700576782,9.585571790259976,0.004250140526807844,0.001499809221013308,0.0034378804198934706,0.003934441161363332,-6.181665180894967e-05,0.00023900811262065352,0.0011213367577861295,-0.0032256990649718446,0.00101591816357662,0.0020352089709092143,0.49644221938812594,0.3675213617468411,0.46580901109665185,0.48077276822008963,2.724076518119055,2.6386206535713304,2.722308930053266,2.7241400772363433
161,-7.592731881141662,2.007478255033493,5.521358299255371,9.600424865878722,0.001391931953555505,0.0027283345368571688,0.0013532040642578555,0.0020905513031221025,0.00018636622326249634,-0.0006394973188411032,0.000542791251887381,-0.0014300195082209005,0.0007347401789343799,0.0013992713658180075,0.38455770570820763,0.443775258784446,0.37220361769597243,0.428892883117827,2.8171386840563017,2.708811297891695,2.7309731274193063,2.8300561366634027
162,-7.602997040748596,2.011428678035736,5.509477138519287,9.602691972513345,0.0012023398928698494,0.0035766071940233506,0.002424051928899553,0.0009446299115139369,0.0007769458386468675,0.0004985699804365149,-0.00021765464425459232,-0.0005021950430000771,9.270531737851395e-06,0.0009508605472950485,0.3793196221433846,0.4757684739779069,0.4346022107292057,0.3518210952079881,2.8656886792489535,2.7397881558792747,2.7675945892541405,2.823314700625359
163,-7.596173501014709,2.0163068532943726,5.51058452129364,9.599210347585036,0.009655722629985916,0.003344294314372655,0.0034604627749888163,0.004931693716523781,0.003488442159599156,0.0015138933174649945,0.00036876115700998536,-0.006061245329321883,-0.0018431101937512484,0.0008717531030194468,0.6130778760666563,0.46179812009934595,0.45510949414276,0.518756968083073,2.76439577102341,2.6879309576809005,2.665552987728566,2.777877257722214
164,-7.547810649871826,2.0344429433345796,5.533299469947815,9.578194652706818,0.017221916712936155,0.0033939354820282878,0.004350616086400084,0.00811795774001305,0.005559023783484329,0.0034207909051929275,0.0028800672711562017,-0.010462523203063205,-0.002000321672132126,0.0004399603851398892,0.7121231383296704,0.46941173709817047,0.5089596815773186,0.5886979455753493,2.768360669936419,2.7340184572505084,2.7810932735224303,2.7656803862335955
165,-7.537156462669373,2.031749480962753,5.50235435962677,9.551184075045928,0.008832318398447073,0.0023223158092893787,0.006783720083375878,0.004801259179436457,0.0024554206220370333,0.0031755198163284292,0.0027363150924245724,-0.004590099236487693,0.0001472190348363051,0.0020043778231962003,0.605124509128965,0.4387383425047963,0.5858708995561517,0.5178580648354625,2.778405687594882,2.8296301390893794,2.8700450018185366,2.7803205733229586
166,-7.568310952186584,2.0379744172096252,5.482482433319092,9.5655846422386,0.006738137743910716,0.002045992808096217,0.005823557911250982,0.00394924426303866,0.002244718010814496,0.002167768786433212,0.001991805432543229,-0.003582366115922116,-0.0001863481803308903,0.002047517629712561,0.5573496247236017,0.41841644403966355,0.5359591927265408,0.44325674279783517,2.718861399829188,2.7553378723757196,2.7346461293872033,2.518707676357966
167,-7.589828848838806,2.0218434929847717,5.502922940254211,9.591509148202459,0.011898509866733485,0.008225592233565157,0.006453169320241172,0.003910125226062349,0.008066515854446697,0.004680325802427745,0.0037979273429704363,-0.0050934421893386915,-0.0025607356800580647,0.0007357216337771627,0.626791327613276,0.595211275434953,0.5750669359798445,0.4952252982154829,2.641378038997219,2.7901707329850054,2.8344536083209357,2.798349791780253
168,-7.611346697807312,2.021185052394867,5.5003491878509525,9.606683500498809,0.008880349603725784,0.008382722108728565,0.004148620409310584,0.0037915655778578447,0.005816506316773768,0.0023911487342729697,0.0023763443045140688,-0.004525709905674864,-0.0015835050139543134,0.0009203878698683068,0.5654078855708523,0.5978838377209369,0.481658707187095,0.47177013294320724,2.689628801898265,2.7377539099315205,2.632346172028157,2.7338652537102925
169,-7.595784378051758,2.033934164047241,5.4778436660766605,9.583564169544639,0.003935678186433883,0.0029087089004834043,0.004155822868180734,0.0056291991446152595,-0.00011148346624706975,-0.0013789173751248235,0.001589295624846367,-0.003931331073171536,0.0016122385813108527,0.003802212232503003,0.4508245118828743,0.4675522052308981,0.5041693145818726,0.5205112359695888,2.555377270430444,2.8222497357819676,2.7917283805996806,2.7010126836469546
170,-7.577468776702881,2.055990767478943,5.475868463516235,9.572705195337438,0.0017041247205126769,0.004303922158405436,0.004194906574830863,0.003446922671584794,-0.00041799212867533726,-0.0003710738984218016,0.0013936156529050507,-0.0016461409687421875,0.0020556881056756036,0.0029869735948644524,0.3971442944836068,0.5016379648141137,0.5022437830344139,0.4607223636483176,2.7648805451190532,2.7818901544058616,2.7827741811413857,2.6759213284686303
171,-7.5813294649124146,2.0947469055652617,5.517407870292663,9.607996847002179,0.0023755510215317725,0.0031547160747147553,0.004022595229451112,0.001876282418332158,-0.0008220020869285094,0.0011473596218551437,-0.0013228841607708615,-0.001393526817992597,0.0005740347469149642,0.0011266987988499816,0.4435222267704763,0.479523519183094,0.48866720743924286,0.42434016809224195,2.8048967339325497,2.844586781081562,2.723724214489186,2.8546166527930787
172,-7.562116003036499,2.078436416387558,5.536531567573547,9.600235819384242,0.0029956939343552115,0.0022624294748827367,0.0037285275100771265,0.0028291680738864165,-0.0012928675988605762,0.0005435775941458252,-0.0013517492087470973,-0.002331041524661565,0.0007298072937802091,0.0014350198480610817,0.4523237358643551,0.4409711536867798,0.4766110151680576,0.43630749460375556,2.7525570786084192,2.846152972760338,2.7204352444518944,2.6663453131252632
173,-7.553137731552124,2.0535367369651794,5.540511918067932,9.589992419893637,0.002374432971270704,0.0021403124691219285,0.001354322813008486,0.0018905656190698948,0.0010787442221469228,-0.0005292346565643019,-0.0010390617645698896,-0.0019482959497136559,-0.000992374221828749,0.0009782539711934166,0.42008641490431553,0.42483498847454865,0.37679026955776423,0.4148915625345122,2.681526024451922,2.7705469094413013,2.754916493084973,2.8151122493620484
