,timestamp,ax,ay,az
0,0.0,-4.129997730255127,-7.513603687286378,4.461595058441162
1,200.0,-3.974973440170288,-7.4800848960876465,4.4328646659851065
2,400.0,-3.9282865524291988,-7.477690696716309,4.155735492706299
3,600.0,-3.3734302520751958,-7.379528045654298,4.478354454040527
4,800.0,-2.7060465812683105,-8.421006202697754,4.368819713592528
5,1000.0,-3.313575267791748,-7.988852500915527,4.712387561798097
6,1200.0,-2.515108823776245,-7.0156097412109375,4.3448777198791495
7,1400.0,-2.145803213119507,-8.359953880310059,3.978564739227295
8,1600.0,-0.4866214990615845,-6.745663166046143,4.112639904022217
9,1800.0,-0.6111199855804443,-8.596381187438965,4.132990837097168
10,2000.0,1.7250223159790041,-8.464699745178223,2.892794132232666
11,2200.0,2.419340848922729,-8.792107582092285,2.557007312774658
12,2400.0,1.6089035272598269,-9.224260330200195,1.380257248878479
13,2600.0,4.121019840240479,-8.692748069763184,2.3355438709259038
14,2800.0,2.87064790725708,-9.16201114654541,-0.2819172441959381
15,3000.0,2.655169725418091,-9.28650951385498,-0.3345896899700165
16,3200.0,2.9293057918548584,-9.21707820892334,0.09516951441764833
17,3400.0,2.8844144344329834,-9.26915168762207,-0.16819266974925995
18,3600.0,3.867234230041504,-8.941145896911621,1.0247182846069336
19,3800.0,3.4051532745361333,-8.936956405639648,0.3351882398128509
20,4000.0,3.933074951171875,-8.720281600952147,0.3435679376125336
21,4200.0,3.652953147888184,-8.879495620727539,0.4207809567451477
22,4400.0,3.666719913482666,-8.893860816955566,0.3549404144287109
23,4600.0,3.75829815864563,-8.878896713256836,0.2944868206977844
24,4800.0,3.736151695251465,-8.78432559967041,0.5363011956214905
25,5000.0,3.7032315731048575,-8.848969459533691,0.5392939448356628
26,5200.0,3.638587951660156,-8.838793754577637,0.40462008118629456
27,5400.0,3.62841272354126,-8.938752174377441,0.6063315868377686
28,5600.0,3.711611270904541,-8.916007041931152,0.5847837924957275
29,5800.0,3.6745009422302246,-8.87410831451416,0.4746504724025726
30,6000.0,3.71280837059021,-8.825027465820312,0.4255693554878235
31,6200.0,3.691859006881714,-8.743025779724121,0.547075092792511
32,6400.0,3.6756980419158936,-8.835801124572754,0.6063315868377686
33,6600.0,3.8804023265838623,-8.860342025756836,0.5614402890205383
34,6800.0,3.4386723041534424,-8.933963775634766,0.6374561786651611
35,7000.0,3.77565598487854,-8.88907241821289,0.6392518281936646
36,7200.0,3.980360269546509,-8.841188430786133,0.6530185341835022
37,7400.0,4.124012470245361,-8.550890922546388,0.1646013706922531
38,7600.0,4.157531261444092,-8.697536468505861,0.2890998423099518
39,7800.0,4.110844135284424,-8.734047889709473,0.629675030708313
40,8000.0,4.126406669616698,-7.6752119064331055,0.8762778043746948
41,8200.0,4.533421039581299,-8.442553520202638,2.0482394695281982
42,8400.0,3.1190462112426762,-8.923190116882324,-1.213860273361206
43,8600.0,4.477755546569824,-8.690353393554688,-1.6250643730163574
44,8800.0,4.4765586853027335,-8.754398345947267,0.15562310814857486
45,9000.0,4.356249809265137,-8.597578048706055,0.4914098978042602
46,9200.0,4.16112232208252,-8.490437507629395,0.3220201432704925
47,9400.0,4.246715068817139,-8.636484146118164,0.6512228846549988
48,9600.0,3.8361096382141113,-8.790311813354492,0.3998316824436188
49,9800.0,4.070142745971681,-8.583212852478027,0.4076128304004669
50,10000.0,3.869628429412842,-8.785523414611816,0.6733692288398743
51,10200.0,4.079121112823486,-8.638877868652344,0.32441434264183044
52,10400.0,4.081515312194823,-8.635287284851074,0.67815762758255
53,10600.0,3.8073792457580566,-8.826823234558105,0.5159504413604736
54,10800.0,4.308964729309082,-8.564059257507324,0.5422866940498352
55,11000.0,3.989338636398315,-8.653841972351074,0.7044938206672668
56,11200.0,3.7379474639892583,-8.771158218383789,0.333991140127182
57,11400.0,3.6774938106536874,-8.755595207214355,0.6584054827690125
58,11600.0,4.175487995147705,-8.737040519714355,0.7793126702308655
59,11800.0,3.869628429412842,-8.789113998413086,0.6260837316513062
60,12000.0,3.7481226921081534,-8.718485832214355,0.8092401623725891
61,12200.0,4.301782131195068,-8.637083053588867,0.7727286219596863
62,12400.0,3.9935283660888667,-8.609549522399902,0.6194996833801271
63,12600.0,3.872621297836304,-8.682572364807129,0.6230909824371338
64,12800.0,3.2094273567199707,-9.348758697509766,0.9762357473373412
65,13000.0,4.123414039611816,-8.74960994720459,0.20231004059314728
66,13200.0,3.506308317184448,-8.863334655761719,0.5099649429321289
67,13400.0,4.389768600463866,-8.35097599029541,0.17477671802043915
68,13600.0,4.1371803283691415,-8.695141792297362,0.5746083855628967
69,13800.0,4.196436882019043,-8.60236644744873,0.7918822169303894
70,14000.0,3.4949359893798833,-8.76457405090332,0.5626373887062073
71,14200.0,3.952826976776123,-8.770559310913086,0.801459014415741
72,14400.0,3.618835926055908,-8.833407402038574,0.7972691655158997
73,14600.0,3.4997243881225586,-8.81784439086914,0.5793967843055725
74,14800.0,3.904942989349365,-8.773551940917969,0.8517372608184814
75,15000.0,3.7989995479583736,-8.752602577209473,0.7601590156555176
76,15200.0,4.00849199295044,-8.741230010986326,0.7805097699165344
77,15400.0,3.9462430477142334,-8.71369743347168,0.823006808757782
78,15600.0,3.9552211761474614,-8.742427825927733,0.9906009435653688
79,15800.0,3.5146880149841313,-8.793902397155763,0.6590040326118469
80,16000.0,3.7989995479583736,-8.737040519714355,0.5931634902954102
81,16200.0,3.7307648658752437,-8.810063362121582,0.7068880796432495
82,16400.0,3.727173566818237,-8.872312545776367,0.6596025824546814
83,16600.0,3.6158430576324463,-8.810063362121582,0.8738836050033569
84,16800.0,3.985148668289185,-8.697536468505861,0.8349778652191162
85,17000.0,3.785831451416016,-8.792705535888674,0.7882909178733826
86,17200.0,3.824138641357422,-8.767566680908201,0.6631938815116882
87,17400.0,3.9001545906066895,-8.701127052307129,0.8756792545318604
88,17600.0,4.0569748878478995,-8.647257804870605,0.7134721279144287
89,17800.0,3.5015199184417725,-8.873510360717773,0.5488707423210144
90,18000.0,3.588908433914185,-8.882488250732422,0.6602011322975159
91,18200.0,3.691859006881714,-8.832210540771484,0.5273229479789734
92,18400.0,3.8552632331848153,-8.82323169708252,0.6859387755393982
93,18600.0,3.8612487316131587,-8.734047889709473,0.3992331326007843
94,18800.0,3.5667619705200195,-8.853158950805664,0.7703344225883484
95,19000.0,3.9677908420562735,-8.754398345947267,0.828393816947937
96,19200.0,3.543418407440185,-8.989628791809082,0.801459014415741
97,19400.0,3.569754838943481,-8.790311813354492,0.4028244316577912
98,19600.0,4.457405090332031,-8.626907348632812,0.5291185975074768
99,19800.0,3.7026329040527344,-8.87171459197998,0.4746504724025726
100,20000.0,3.9869444370269775,-8.572439193725586,0.21428105235099792
101,20200.0,3.490746021270752,-8.794501304626465,-0.04908113554120064
102,20400.0,4.1641154289245605,-8.516175270080566,-0.04668693244457245
103,20600.0,3.4853591918945317,-8.920196533203125,0.487220048904419
104,20800.0,5.078101634979248,-8.279149055480957,0.5374982953071594
105,21000.0,3.6379895210266113,-8.928576469421387,0.9289502501487732
106,21200.0,3.3620576858520512,-8.941744804382324,0.3489548861980438
107,21400.0,3.824138641357422,-8.841787338256836,0.6212953329086304
108,21600.0,3.9001545906066895,-8.711901664733888,0.4219780564308167
109,21800.0,3.819350242614746,-8.777143478393555,0.21368250250816345
110,22000.0,4.094683647155762,-8.700529098510742,0.4806360006332398
111,22200.0,3.86005163192749,-8.846575736999512,0.768538773059845
112,22400.0,3.8612487316131587,-8.761581420898438,0.6631938815116882
113,22600.0,3.8702270984649663,-8.752602577209473,0.7146692276000977
114,22800.0,3.869628429412842,-8.651448249816895,0.4351461529731751
115,23000.0,3.5853171348571777,-8.896254539489746,0.8313865661621094
116,23200.0,3.81994891166687,-8.79928970336914,0.5901707410812378
117,23400.0,4.060565948486328,-8.704718589782715,0.7158663272857666
118,23600.0,3.867234230041504,-8.744223594665527,0.6637924313545227
119,23800.0,3.851671934127808,-8.713098526000978,0.5650315880775452
120,24000.0,4.2072110176086435,-8.609549522399902,0.8720879554748535
121,24200.0,3.597886562347412,-8.863933563232422,0.7410054206848145
122,24400.0,3.681085109710693,-8.852560997009277,0.6685808300971985
123,24600.0,4.170100688934326,-8.671798706054688,0.7864952683448792
124,24800.0,3.426102638244629,-8.869918823242188,0.5704185366630554
125,25000.0,3.8163576126098633,-8.815450668334961,0.7858967185020447
126,25200.0,3.84269380569458,-8.743025779724121,0.4303577542304993
127,25400.0,3.925293684005737,-8.706514358520508,0.6320692300796509
128,25600.0,4.1886558532714835,-8.617929458618164,0.7541735172271729
129,25800.0,3.8289270401000977,-8.735244750976562,0.5452794432640076
130,26000.0,4.0539822578430185,-8.681973457336426,0.8966285586357117
131,26200.0,3.6954503059387207,-8.80587387084961,0.5847837924957275
132,26400.0,4.090493679046632,-8.672396659851074,0.9481038451194764
133,26600.0,4.1449618339538565,-8.550890922546388,0.7739257216453552
134,26800.0,3.973177671432495,-8.739435195922853,0.6518214344978333
135,27000.0,4.059369087219238,-8.751405715942383,0.8271966576576233
136,27200.0,3.843292236328125,-8.789113998413086,0.6925228238105774
137,27400.0,4.004900932312012,-8.744821548461914,0.3699041604995728
138,27600.0,3.5446155071258545,-8.896254539489746,0.7655459642410278
139,27800.0,3.388992547988892,-8.895057678222656,0.579995334148407
140,28000.0,3.775057554244995,-8.832210540771484,0.6709750294685364
141,28200.0,3.6972460746765137,-8.818443298339844,0.6709750294685364
142,28400.0,3.5302503108978267,-8.83819580078125,0.5087678432464601
143,28600.0,4.109647274017334,-8.621520042419434,0.9026140570640564
144,28800.0,3.994725465774536,-8.7669677734375,0.7535749673843384
145,29000.0,3.9408559799194336,-8.784924507141112,0.8972271084785461
146,29200.0,3.9019501209259033,-8.685564994812013,0.7092822790145874
147,29400.0,3.700238704681397,-8.78432559967041,0.9038111567497252
148,29600.0,4.2251672744750985,-8.716690063476562,0.6476315855979919
149,29800.0,3.693654775619507,-8.794501304626465,0.8930372595787048
150,30000.0,3.7612907886505127,-8.810662269592285,0.8188169598579407
151,30200.0,3.778050184249878,-8.804078102111816,0.983418345451355
152,30400.0,3.954024076461792,-8.722675323486326,0.641047477722168
153,30600.0,3.7379474639892583,-8.807669639587402,0.9708487987518309
154,30800.0,3.693654775619507,-8.738836288452147,0.6105214357376099
155,31000.0,3.6176388263702393,-8.85555362701416,0.7344213724136353
156,31200.0,4.000112533569337,-8.722076416015625,0.5781996846199036
157,31400.0,3.4608185291290283,-8.852560997009277,0.8254010081291199
158,31600.0,4.001908302307129,-8.670002937316895,0.6141127347946167
159,31800.0,3.531447410583496,-8.916007041931152,0.8858546018600464
160,32000.0,3.770867586135864,-8.826224327087402,0.6613982319831848
161,32200.0,3.4775779247283936,-8.928576469421387,0.5740098357200623
162,32400.0,3.3387143611907963,-8.944737434387207,0.4171896576881409
163,32600.0,3.907935619354248,-8.775946617126465,0.6374561786651611
164,32800.0,3.886387825012207,-8.701127052307129,0.884058952331543
165,33000.0,3.745130062103272,-8.829216957092285,0.8313865661621094
166,33200.0,3.82653284072876,-8.75080680847168,0.9127894043922424
167,33400.0,3.963600873947144,-8.692748069763184,0.9618705511093141
168,33600.0,3.8361096382141113,-8.760383605957031,0.7098808288574219
169,33800.0,3.705027103424072,-8.847772598266602,0.8547300100326538
170,34000.0,3.895964622497559,-8.751405715942383,0.8313865661621094
171,34200.0,3.626018524169922,-8.908824920654297,0.8966285586357117
172,34400.0,4.103063106536865,-8.639476776123049,0.7930793166160583
173,34600.0,3.6104562282562256,-8.85794734954834,0.8601169586181641
174,34800.0,3.8181531429290767,-8.7298583984375,0.7439981698989868
175,35000.0,3.889979124069214,-8.755595207214355,0.8846575021743774
176,35200.0,3.889979124069214,-8.755595207214355,0.8846575021743774
177,35400.0,3.7846343517303462,-8.758588790893555,0.689530074596405
178,35600.0,3.508104085922241,-8.923190116882324,0.8942343592643738
179,35800.0,3.6930561065673833,-8.858546257019043,0.7978677153587341
180,36000.0,3.4883518218994136,-8.93037223815918,0.8780734539031982
181,36200.0,3.945644378662109,-8.711302757263184,0.7272387742996216
182,36400.0,3.760692358016968,-8.716690063476562,0.6536170840263367
183,36600.0,3.5865142345428467,-8.74721622467041,0.6733692288398743
184,36800.0,3.842095136642456,-8.811859130859375,0.7146692276000977
185,37000.0,4.132990837097168,-8.630498886108397,0.899621307849884
186,37200.0,3.775057554244995,-8.759785652160645,0.884058952331543
187,37400.0,3.6164417266845694,-8.913613319396973,0.9217676520347596
188,37600.0,3.5248634815216064,-8.932168006896973,0.9481038451194764
189,37800.0,3.5470097064971924,-8.795698165893555,0.5578489899635315
190,38000.0,3.927687883377075,-8.684368133544924,0.8092401623725891
191,38200.0,3.3494882583618164,-8.984840393066406,0.8170213103294373
192,38400.0,3.503315687179565,-8.799888610839844,0.6967126727104187
193,38600.0,3.822941541671753,-8.87291145324707,0.761954665184021
194,38800.0,3.801393747329712,-8.803479194641113,0.8858546018600464
195,39000.0,3.626018524169922,-8.87410831451416,0.7493851184844971
196,39200.0,3.6745009422302246,-8.778939247131348,0.6949170231819153
197,39400.0,3.525461912155152,-8.881889343261719,0.5746083855628967
198,39600.0,3.8163576126098633,-8.773551940917969,0.6290764808654785
199,39800.0,3.84269380569458,-8.747814178466799,0.8146271109580994
200,40000.0,3.7439329624176025,-8.770559310913086,0.7799112200737
201,40200.0,3.7080199718475337,-8.772355079650879,0.6883329749107361
202,40400.0,3.638587951660156,-8.914810180664062,0.7757213711738586
203,40600.0,3.7307648658752437,-8.766369819641112,0.6829460263252258
204,40800.0,3.7828385829925537,-8.80048656463623,0.7350199222564697
205,41000.0,3.7816414833068848,-8.782530784606934,0.7972691655158997
206,41200.0,3.7989995479583736,-8.727463722229004,0.6829460263252258
207,41400.0,3.6858735084533687,-8.735244750976562,0.7200561761856079
208,41600.0,3.5703532695770264,-8.988431930541992,0.7823054194450378
209,41800.0,3.8756139278411865,-8.613739013671875,0.8523358106613159
210,42000.0,3.5110967159271236,-8.802881240844727,0.5680243372917175
211,42200.0,3.687669277191162,-8.930971145629883,0.8661024570465088
212,42400.0,3.4542346000671387,-8.832210540771484,0.7643488645553589
213,42600.0,3.9019501209259033,-8.596381187438965,0.7140706777572632
214,42800.0,3.633201122283936,-8.85555362701416,0.8212111592292786
215,43000.0,4.128800868988037,-8.558073997497559,0.4626794755458832
216,43200.0,3.7612907886505127,-8.841787338256836,0.6165069341659546
217,43400.0,3.9624037742614746,-8.761581420898438,0.6027402877807617
218,43600.0,3.6290111541748047,-8.850765228271484,0.8529343605041504
219,43800.0,3.5631706714630127,-8.89026927947998,0.7835025191307068
220,44000.0,4.001309394836427,-8.723274230957031,0.7445967197418213
221,44200.0,3.506308317184448,-8.859145164489746,0.5386953949928284
222,44400.0,3.8827965259552,-8.725069999694824,0.8224082589149475
223,44600.0,3.286041736602783,-9.006388664245605,0.6733692288398743
224,44800.0,3.8540661334991455,-8.744821548461914,0.679354727268219
225,45000.0,3.5667619705200195,-8.861538887023926,0.9391255974769592
226,45200.0,3.822941541671753,-8.725667953491211,0.8032546639442444
227,45400.0,3.821744441986084,-8.714295387268066,0.7793126702308655
228,45600.0,3.561973571777344,-8.892065048217773,0.8750807046890259
229,45800.0,3.699041604995728,-8.890868186950684,0.7984662652015686
230,46000.0,3.889380693435669,-8.699930191040039,0.629675030708313
231,46200.0,4.0803184509277335,-8.696338653564451,0.7876923680305481
232,46400.0,4.327519416809082,-8.526948928833008,0.0454898327589035
233,46600.0,3.693654775619507,-8.951920509338379,0.33099839091300964
234,46800.0,4.467580318450928,-8.595782279968263,-0.2106897532939911
235,47000.0,3.6511576175689697,-8.92917537689209,0.04908113554120064
236,47200.0,4.307168960571288,-8.622118949890138,-0.1843535304069519
237,47400.0,4.201225280761719,-8.594585418701174,-0.1173158809542656
238,47600.0,4.274248600006104,-8.644265174865723,0.12629413604736328
239,47800.0,4.168903827667236,-8.740033149719237,0.09636662155389786
240,48000.0,4.112639904022217,-8.685564994812013,0.14065934717655182
241,48200.0,3.803189516067505,-8.785523414611816,0.2968810200691223
242,48400.0,4.2521023750305185,-8.699930191040039,0.2364274114370346
243,48600.0,4.1018662452697745,-8.67598819732666,0.16579847037792206
244,48800.0,4.0354270935058585,-8.771756172180176,0.3956418335437775
245,49000.0,3.709815502166748,-8.813654899597168,0.21547815203666687
246,49200.0,3.5278561115264893,-8.911218643188477,0.5135562419891357
247,49400.0,3.700238704681397,-8.87410831451416,0.2783259451389313
248,49600.0,4.044404983520509,-8.790909767150879,0.4082113802433014
249,49800.0,3.4560301303863525,-9.009979248046877,0.37169981002807617
250,50000.0,4.034229755401611,-8.67359447479248,0.24181437492370605
251,50200.0,3.621828556060791,-8.841787338256836,0.3531447649002075
252,50400.0,3.614645957946777,-8.883087158203125,0.3220201432704925
253,50600.0,3.6086604595184326,-8.901042938232422,0.3034650683403015
254,50800.0,3.9582140445709233,-8.723274230957031,0.284311443567276
255,51000.0,3.8953661918640137,-8.728660583496094,0.4303577542304993
256,51200.0,4.046799659729004,-8.724471092224121,0.4525041282176971
257,51400.0,3.908534288406372,-8.78312873840332,0.4614823758602142
258,51600.0,4.049193859100342,-8.739435195922853,0.7080851793289185
259,51800.0,3.2830491065979004,-8.98124885559082,0.6206967830657959
260,52000.0,3.556586742401123,-8.83819580078125,0.5063736438751221
261,52200.0,3.67928957939148,-8.865130424499512,0.3872621357440949
262,52400.0,3.989937067031861,-8.7669677734375,0.4794389009475708
263,52600.0,3.954024076461792,-8.71369743347168,0.6003460884094238
264,52800.0,3.4841620922088623,-8.971672058105469,0.7463923692703247
265,53000.0,3.912125587463379,-8.684967041015625,0.67815762758255
266,53200.0,3.63918662071228,-8.813055992126465,0.6967126727104187
267,53400.0,3.78104305267334,-8.82442855834961,0.7362170219421387
268,53600.0,3.60566782951355,-8.862137794494629,0.6242880821228027
269,53800.0,3.791218280792236,-8.823830604553223,0.5943605899810791
270,54000.0,3.4650084972381587,-8.892663955688477,0.4932055473327637
271,54200.0,3.313575267791748,-8.935759544372559,0.6715735793113708
272,54400.0,4.0557775497436515,-8.672995567321777,0.557250440120697
273,54600.0,3.5942952632904053,-8.925583839416504,0.5303156971931458
274,54800.0,3.793014049530029,-8.788516044616701,0.6667851805686951
275,55000.0,3.4099416732788086,-8.946533203125,0.5566518902778625
276,55200.0,3.890577793121338,-8.7298583984375,0.7535749673843384
277,55400.0,3.889380693435669,-8.73344898223877,0.8858546018600464
278,55600.0,3.669712543487549,-8.802881240844727,0.7338228225708008
279,55800.0,4.092887878417969,-8.544307708740233,0.3196259140968323
280,56000.0,4.251503467559815,-8.770559310913086,0.20949265360832212
281,56200.0,3.9414546489715576,-8.831611633300781,0.09038111567497252
282,56400.0,4.3586440086364755,-8.529343605041504,-0.17657238245010376
283,56600.0,4.167108058929443,-8.693944931030272,-0.005386953707784414
284,56800.0,4.256890773773193,-8.65743350982666,0.11671733111143112
285,57000.0,3.839102506637573,-8.7669677734375,0.21428105235099792
286,57200.0,3.862445831298828,-8.787917137145996,0.35733461380004883
287,57400.0,3.954024076461792,-8.816049575805664,0.3298012912273407
288,57600.0,4.3436803817749015,-8.647856712341309,0.7475894689559937
289,57800.0,3.8504748344421382,-8.811261177062988,0.5596446394920349
290,58000.0,3.8385038375854488,-8.773551940917969,0.3872621357440949
291,58200.0,3.9474401473999023,-8.814851760864258,0.4034229815006256
292,58400.0,3.777451753616333,-8.851364135742188,0.7056909799575806
293,58600.0,4.123414039611816,-8.714295387268066,0.4291606545448303
294,58800.0,3.5649664402008057,-8.859145164489746,0.6667851805686951
295,59000.0,3.843292236328125,-8.795698165893555,0.6937199234962463
296,59200.0,3.6493618488311768,-8.91301441192627,0.5386953949928284
297,59400.0,4.095282077789307,-8.630498886108397,0.3321954905986786
298,59600.0,3.666121244430542,-8.825027465820312,0.7362170219421387
299,59800.0,3.9025487899780273,-8.814851760864258,0.7649474143981934
300,60000.0,3.869029998779297,-8.787917137145996,0.5985504388809204
301,60200.0,3.740341663360596,-8.777742385864258,0.4794389009475708
302,60400.0,3.884592294692993,-8.78312873840332,0.52552729845047
303,60600.0,3.5679590702056885,-8.790909767150879,0.5440823435783386
304,60800.0,3.699041604995728,-8.814851760864258,0.5404910445213318
305,61000.0,3.800795316696167,-8.813055992126465,0.5363011956214905
306,61200.0,3.9875428676605225,-8.757390975952147,0.4752490520477295
307,61400.0,3.6703112125396733,-8.83939266204834,0.5883750915527344
308,61600.0,3.511695384979248,-8.89146614074707,0.4680664241313934
309,61800.0,3.7576994895935063,-8.89445972442627,0.6332663297653198
310,62000.0,3.688267707824707,-8.917802810668945,0.6548141837120056
311,62200.0,3.6745009422302246,-8.866926193237305,0.5422866940498352
312,62400.0,3.622427225112915,-8.820239067077637,0.7134721279144287
313,62600.0,3.714005470275879,-8.798690795898438,0.7445967197418213
314,62800.0,3.652354717254639,-8.857349395751953,0.4722562730312347
315,63000.0,3.538031578063965,-8.79809284210205,0.5644330382347107
316,63200.0,3.569754838943481,-8.94773006439209,0.6703764796257019
317,63400.0,3.50930118560791,-8.837596893310547,0.6542156338691711
318,63600.0,3.725377798080444,-8.825626373291016,0.7134721279144287
319,63800.0,3.692457675933838,-8.882488250732422,0.5105634927749634
320,64000.0,3.4410665035247803,-8.87291145324707,0.33339259028434753
321,64200.0,3.7481226921081534,-8.862735748291016,0.518943190574646
322,64400.0,3.42490553855896,-8.987235069274902,0.28311434388160706
323,64600.0,3.777451753616333,-8.860342025756836,0.3543418645858765
324,64800.0,3.736151695251465,-8.845976829528809,0.5482721924781799
325,65000.0,3.508104085922241,-8.87051773071289,0.4315548539161682
326,65200.0,3.6290111541748047,-8.884882926940918,0.5333084464073181
327,65400.0,3.764283657073975,-8.860342025756836,0.5548562407493591
328,65600.0,3.760692358016968,-8.821435928344727,0.4680664241313934
329,65800.0,3.56017804145813,-8.881291389465332,0.4225766062736511
330,66000.0,3.691859006881714,-8.79928970336914,0.5668272376060486
331,66200.0,3.7187938690185542,-8.790311813354492,0.5123591423034668
332,66400.0,3.60566782951355,-8.842984199523926,0.5883750915527344
333,66600.0,3.8929719924926762,-8.704718589782715,0.6165069341659546
334,66800.0,3.5200750827789307,-8.887276649475098,0.5566518902778625
335,67000.0,3.608062028884888,-8.851962089538574,0.7278373241424559
336,67200.0,4.150348663330078,-8.67359447479248,0.3597288131713867
337,67400.0,3.5140895843505864,-8.842984199523926,0.7523778676986694
338,67600.0,3.6182372570037837,-8.844181060791016,0.6434416770935059
339,67800.0,3.810372114181519,-8.882488250732422,0.8888474106788635
340,68000.0,3.8929719924926762,-8.742427825927733,0.7104793787002563
341,68200.0,3.7032315731048575,-8.792107582092285,0.6452373862266539
342,68400.0,3.6816837787628174,-8.856152534484863,0.6314706802368164
343,68600.0,3.613448858261109,-8.81784439086914,0.5901707410812378
344,68800.0,3.71280837059021,-8.853158950805664,0.8469488620758057
345,69000.0,3.515286684036255,-8.879495620727539,0.7493851184844971
346,69200.0,3.767874956130981,-8.795698165893555,0.5500678420066833
347,69400.0,3.744531393051148,-8.780136108398438,0.5907692909240723
348,69600.0,3.652953147888184,-8.902838706970215,0.6212953329086304
349,69800.0,3.400963544845581,-8.936357498168945,0.6865373253822327
350,70000.0,3.75829815864563,-8.755595207214355,0.6494272351264954
351,70200.0,3.859453201293945,-8.758588790893555,0.5608417391777039
352,70400.0,3.799597978591919,-8.794501304626465,0.5823895931243896
353,70600.0,3.681085109710693,-8.923788070678711,0.67815762758255
354,70800.0,3.5817258358001713,-8.89146614074707,0.6673837304115295
355,71000.0,3.6559460163116455,-8.80467700958252,0.5069721937179565
356,71200.0,3.62302565574646,-8.85555362701416,0.7242460250854492
357,71400.0,3.833715438842773,-8.76457405090332,0.3495534360408783
358,71600.0,3.7762546539306636,-8.728062629699707,0.4088099300861359
359,71800.0,3.929483652114868,-8.742427825927733,0.5662286877632141
360,72000.0,3.3854012489318848,-9.02973175048828,0.9283517003059388
361,72200.0,3.6727054119110103,-8.939350128173828,0.5943605899810791
362,72400.0,3.6176388263702393,-8.818443298339844,0.7775170207023621
363,72600.0,3.5727474689483643,-8.87410831451416,0.6853402256965637
364,72800.0,3.691260576248169,-8.875904083251953,0.6955155730247498
365,73000.0,3.7032315731048575,-8.832210540771484,0.5213374495506287
366,73200.0,3.9007530212402335,-8.710105895996094,0.5764040350914001
367,73400.0,3.7385458946228023,-8.869918823242188,0.6536170840263367
368,73600.0,3.767874956130981,-8.856152534484863,0.5937620401382446
369,73800.0,3.6954503059387207,-8.844181060791016,0.5273229479789734
370,74000.0,3.5781345367431636,-8.93037223815918,0.6368576288223267
371,74200.0,3.9217023849487305,-8.712499618530272,0.6206967830657959
372,74400.0,3.8097734451293945,-8.831611633300781,0.6709750294685364
373,74600.0,3.779247283935547,-8.807669639587402,0.6859387755393982
374,74800.0,3.82653284072876,-8.762179374694824,0.8403648138046265
375,75000.0,3.899555921554565,-8.756194114685059,0.7876923680305481
376,75200.0,3.760093688964844,-8.881291389465332,0.8780734539031982
377,75400.0,3.7152025699615483,-8.828020095825195,0.8720879554748535
378,75600.0,3.590105533599853,-8.91181755065918,0.6248866319656372
379,75800.0,3.693654775619507,-8.729259490966799,0.4219780564308167
380,76000.0,3.463212728500366,-8.849568367004395,0.6368576288223267
381,76200.0,3.9618053436279297,-8.628104209899902,0.6607996821403503
382,76400.0,3.467402696609497,-8.867524147033691,0.6572083830833435
383,76600.0,4.088099479675293,-8.655637741088867,0.6973112225532532
384,76800.0,3.80378794670105,-8.759785652160645,0.7697358727455139
385,77000.0,3.423708438873291,-8.992023468017578,0.6524199843406677
386,77200.0,3.8750154972076416,-8.810662269592285,0.6973112225532532
387,77400.0,3.73016619682312,-8.823830604553223,0.6931213736534119
388,77600.0,3.3710360527038574,-8.951321601867676,0.5758054852485657
389,77800.0,3.6727054119110103,-8.866926193237305,0.6350619792938232
390,78000.0,3.3961751461029053,-8.99621295928955,0.7416039705276489
391,78200.0,3.603273630142212,-8.779537200927733,0.6308721303939819
392,78400.0,3.897760391235352,-8.738836288452147,0.6027402877807617
393,78600.0,3.9624037742614746,-8.787319183349611,0.8535329103469849
394,78800.0,3.5924997329711914,-8.887276649475098,0.7350199222564697
395,79000.0,3.643376350402832,-8.867524147033691,0.7679402232170105
396,79200.0,3.8821980953216553,-8.850765228271484,0.4920084476470947
397,79400.0,3.525461912155152,-8.919598579406738,0.7769184708595276
398,79600.0,3.76488208770752,-8.78193187713623,0.6105214357376099
399,79800.0,3.3848025798797607,-8.96149730682373,0.4710591733455658
400,80000.0,3.6709096431732178,-8.848969459533691,0.7487865686416626
401,80200.0,3.5272576808929443,-8.838793754577637,0.669179379940033
402,80400.0,3.6409821510314937,-8.80048656463623,0.6206967830657959
403,80600.0,3.9462430477142334,-8.702324867248535,0.5404910445213318
404,80800.0,3.618835926055908,-8.905831336975098,0.7344213724136353
405,81000.0,3.8091750144958496,-8.767566680908201,0.7074866294860841
406,81200.0,3.765480756759644,-8.825626373291016,0.8236053586006165
407,81400.0,3.7684733867645264,-8.892663955688477,0.7487865686416626
408,81600.0,3.869628429412842,-8.731653213500978,0.5488707423210144
409,81800.0,3.786429882049561,-8.819640159606934,0.8367735147476196
410,82000.0,3.6750996112823486,-8.85794734954834,0.7140706777572632
411,82200.0,3.909731388092041,-8.832808494567871,0.6272808313369751
412,82400.0,3.6481647491455083,-8.834005355834961,0.7134721279144287
413,82600.0,3.866037130355835,-8.819640159606934,0.690727174282074
414,82800.0,3.8097734451293945,-8.787917137145996,0.7350199222564697
415,83000.0,3.732560396194458,-8.881291389465332,0.8134300112724304
416,83200.0,3.511695384979248,-8.886079788208008,0.5674257874488831
417,83400.0,3.672106742858887,-8.893261909484863,0.8607155084609985
418,83600.0,3.5452141761779785,-8.909422874450684,0.5781996846199036
419,83800.0,3.736151695251465,-8.80467700958252,0.6524199843406677
420,84000.0,3.870825529098511,-8.71489429473877,0.6524199843406677
421,84200.0,3.7421371936798096,-8.775946617126465,0.7422025203704834
422,84400.0,3.58292293548584,-8.849568367004395,0.6805518269538879
423,84600.0,3.904344320297241,-8.828619003295898,0.8373720645904541
424,84800.0,3.363853454589844,-9.00399398803711,0.8385691642761229
425,85000.0,3.978564739227295,-8.665813446044924,0.7032967209815979
426,85200.0,3.830124139785767,-8.7484130859375,0.8720879554748535
427,85400.0,3.6619315147399902,-8.898050308227539,0.9522937536239624
428,85600.0,3.718195199966431,-8.793304443359375,0.7278373241424559
429,85800.0,3.755305290222168,-8.700529098510742,0.606930136680603
430,86000.0,3.646967649459839,-8.768165588378906,0.4991910457611084
431,86200.0,3.80378794670105,-8.821435928344727,0.667982280254364
432,86400.0,3.7122097015380864,-8.7669677734375,0.7422025203704834
433,86600.0,3.634398221969605,-8.811859130859375,0.8475474119186401
434,86800.0,3.3895909786224365,-8.950124740600586,0.5404910445213318
435,87000.0,3.8534677028656006,-8.694543838500978,0.8816647529602051
436,87200.0,3.6308069229125977,-8.769362449645996,0.6260837316513062
437,87400.0,3.362656354904175,-8.920795440673828,0.7493851184844971
438,87600.0,3.899555921554565,-8.780735015869139,0.5961562395095825
439,87800.0,3.796605348587036,-8.73344898223877,0.6440402865409851
440,88000.0,3.7409400939941406,-8.823830604553223,0.6063315868377686
441,88200.0,3.9516298770904537,-8.701725959777832,0.3633201122283936
442,88400.0,4.092289447784424,-8.706514358520508,0.4800374507904053
443,88600.0,4.0863037109375,-8.676587104797362,0.3878606855869293
444,88800.0,3.914519786834717,-8.681375503540039,0.042497079819440835
445,89000.0,3.852869033813477,-8.847772598266602,0.3627215623855591
446,89200.0,3.9223008155822754,-8.777143478393555,0.4812345504760742
447,89400.0,3.889979124069214,-8.774748802185059,0.5985504388809204
448,89600.0,3.4853591918945317,-8.886677742004395,0.6931213736534119
449,89800.0,3.810970544815064,-8.842385292053223,0.3758896589279175
450,90000.0,3.9875428676605225,-8.670601844787598,0.8577227592468262
451,90200.0,3.5051112174987797,-8.969876289367676,0.5889736413955688
452,90400.0,3.7888240814208975,-8.76337718963623,0.5363011956214905
453,90600.0,3.5751416683197017,-8.804078102111816,0.4225766062736511
454,90800.0,3.6756980419158936,-8.833407402038574,0.6063315868377686
455,91000.0,3.8085763454437256,-8.842984199523926,0.7266402244567871
456,91200.0,3.671508312225342,-8.81664752960205,0.5722141861915588
457,91400.0,3.73016619682312,-8.780136108398438,0.5494692921638489
458,91600.0,3.5045127868652344,-8.916007041931152,0.4985924959182739
459,91800.0,3.797203779220581,-8.781332969665527,0.6961141228675842
460,92000.0,3.7385458946228023,-8.804078102111816,0.6206967830657959
461,92200.0,3.7702691555023193,-8.814851760864258,0.6625953316688538
462,92400.0,3.4320881366729736,-8.920795440673828,0.5273229479789734
463,92600.0,3.812766313552856,-8.755595207214355,0.7380126714706421
464,92800.0,3.770867586135864,-8.818443298339844,0.7589619159698486
465,93000.0,3.5661635398864746,-8.871115684509277,0.6871358752250671
466,93200.0,3.745130062103272,-8.828020095825195,0.7326257228851318
467,93400.0,3.618835926055908,-8.814851760864258,0.6518214344978333
468,93600.0,3.5883097648620605,-8.920196533203125,0.7098808288574219
469,93800.0,3.5595793724060063,-8.861538887023926,0.5536591410636902
470,94000.0,3.7732617855072017,-8.737639427185059,0.6572083830833435
471,94200.0,3.475183725357056,-8.859743118286133,0.4237737059593201
472,94400.0,3.642179250717163,-8.821435928344727,0.6877344250679016
473,94600.0,3.672106742858887,-8.825027465820312,0.5877765417098999
474,94800.0,3.8055837154388423,-8.73344898223877,0.4273650050163269
475,95000.0,3.360262155532837,-8.940547943115234,0.6709750294685364
476,95200.0,4.046200752258302,-8.722076416015625,0.8164227604866028
477,95400.0,3.471592426300049,-8.908226013183594,0.7134721279144287
478,95600.0,4.042609691619873,-8.735244750976562,0.8271966576576233
479,95800.0,3.82653284072876,-8.901042938232422,0.9253589510917664
480,96000.0,3.7187938690185542,-8.787917137145996,0.6745663285255432
481,96200.0,3.660135746002197,-8.899846076965332,0.871489405632019
482,96400.0,3.820547342300415,-8.739435195922853,0.3351882398128509
483,96600.0,4.440645694732666,-8.544307708740233,0.9193734526634216
484,96800.0,3.3937809467315674,-8.941744804382324,0.7499836683273315
485,97000.0,3.47039532661438,-9.004592895507812,1.0259153842926023
486,97200.0,3.8097734451293945,-8.718485832214355,0.5925649404525757
487,97400.0,3.4847605228424072,-8.89026927947998,0.6374561786651611
488,97600.0,3.914519786834717,-8.71369743347168,0.8690952062606812
489,97800.0,3.799597978591919,-8.744821548461914,0.7535749673843384
490,98000.0,3.778050184249878,-8.744821548461914,0.812831461429596
491,98200.0,3.8821980953216553,-8.698134422302246,0.910993754863739
492,98400.0,3.3662476539611816,-8.933963775634766,0.6428431272506714
493,98600.0,3.5523967742919917,-8.759785652160645,0.9289502501487732
494,98800.0,3.792415380477905,-8.75080680847168,0.7374141216278076
495,99000.0,3.5727474689483643,-9.099164009094238,0.09277531504631042
496,99200.0,3.268683910369873,-8.857349395751953,-0.8744821548461914
497,99400.0,4.440645694732666,-8.53413200378418,0.2759317457675934
498,99600.0,3.6930561065673833,-8.813654899597168,-0.11671733111143112
499,99800.0,3.0095114707946777,-9.271546363830566,-0.6763619780540466
500,100000.0,2.9897594451904297,-9.367912292480467,-0.9660604000091552
501,100200.0,3.8253357410430913,-8.885480880737305,-0.26156654953956604
502,100400.0,3.3261446952819824,-9.064447402954102,-0.3926490843296051
503,100600.0,3.5296518802642822,-8.937555313110352,-0.18614917993545527
504,100800.0,3.9869444370269775,-8.73225212097168,0.014963760972023009
505,101000.0,3.98455023765564,-8.951920509338379,0.05446808785200119
506,101200.0,3.931279182434082,-8.792705535888674,-0.25079262256622314
507,101400.0,3.3943793773651123,-8.976460456848145,-0.11192893236875534
508,101600.0,3.832518339157105,-8.833407402038574,-0.13287819921970367
509,101800.0,3.731961965560913,-8.886079788208008,-0.01735796220600605
510,102000.0,3.6008794307708736,-8.910021781921387,-0.15083470940589905
511,102200.0,3.794809579849243,-8.917203903198242,-0.2322375625371933
512,102400.0,3.599682331085205,-8.974066734313965,-0.15921440720558167
513,102600.0,3.681085109710693,-8.852560997009277,-0.2861070930957794
514,102800.0,3.601477861404419,-8.901641845703125,-0.009576806798577309
515,103000.0,3.9175124168396,-8.771756172180176,0.020949264988303185
516,103200.0,3.709217071533203,-8.876502990722656,0.040701430290937424
517,103400.0,4.105457305908203,-8.653243064880371,-0.09696517139673233
518,103600.0,3.588908433914185,-8.938153266906738,0.08319851011037828
519,103800.0,3.6559460163116455,-8.917203903198242,-0.08858546614646913
520,104000.0,3.831321239471436,-8.83699893951416,0.058059390634298325
521,104200.0,3.760093688964844,-8.87410831451416,0.0957680642604828
522,104400.0,3.8025908470153813,-8.795698165893555,-0.0586579404771328
523,104600.0,3.599083662033081,-8.912415504455566,0.042497079819440835
524,104800.0,3.766677856445313,-8.866327285766602,-0.061052143573760986
525,105000.0,3.603273630142212,-8.87171459197998,0.043095629662275314
526,105200.0,3.7433342933654794,-8.82083797454834,0.028131870552897453
527,105400.0,3.755903959274292,-8.897452354431152,0.2059013396501541
528,105600.0,3.646369218826294,-8.844779968261719,0.16759411990642548
529,105800.0,3.8546648025512695,-8.843582153320312,0.22266076505184174
530,106000.0,3.4979286193847656,-8.869918823242188,0.13168109953403473
531,106200.0,3.8911762237548833,-8.790311813354492,0.1215057373046875
532,106400.0,3.700238704681397,-8.89445972442627,0.4405331015586853
533,106600.0,3.561973571777344,-8.923190116882324,0.04668693244457245
534,106800.0,3.516483783721924,-8.942343711853027,0.25737667083740234
535,107000.0,3.4153287410736084,-8.971672058105469,0.03770867735147476
536,107200.0,3.589506864547729,-8.890868186950684,-0.008978256024420261
537,107400.0,3.827131509780884,-8.828020095825195,0.11671733111143112
538,107600.0,3.904344320297241,-8.795100212097168,0.19632454216480252
539,107800.0,3.7044286727905273,-8.895057678222656,0.17417816817760468
540,108000.0,3.8738183975219727,-8.790909767150879,0.2489969730377197
541,108200.0,3.5595793724060063,-8.977059364318848,0.04908113554120064
542,108400.0,3.806780815124512,-8.81784439086914,0.17537526786327362
543,108600.0,3.5559880733489986,-8.874707221984863,0.0293289702385664
544,108800.0,3.6828808784484863,-8.883087158203125,0.16220717132091522
545,109000.0,3.811569213867188,-8.87171459197998,0.14185644686222074
546,109200.0,3.845686435699463,-8.789113998413086,0.18555063009262085
547,109400.0,3.7906198501586914,-8.869319915771484,0.1562216579914093
548,109600.0,3.64577054977417,-8.9249849319458,0.243011474609375
549,109800.0,3.8295257091522217,-8.801085472106934,0.1885433793067932
550,110000.0,3.560776472091675,-8.937555313110352,0.2364274114370346
551,110200.0,3.907337188720703,-8.760982513427733,-0.038905777037143714
552,110400.0,3.869029998779297,-8.834604263305664,0.23104046285152435
553,110600.0,3.7343561649322514,-8.864531517028809,0.13766659796237946
554,110800.0,3.5847184658050537,-8.890868186950684,0.19452889263629916
555,111000.0,3.754706859588623,-8.837596893310547,0.07661445438861847
556,111200.0,3.812766313552856,-8.812458038330078,0.09457096457481384
557,111400.0,3.660135746002197,-8.902240753173828,0.03172317147254944
558,111600.0,3.7702691555023193,-8.882488250732422,0.09816227108240128
559,111800.0,3.5039141178131104,-8.959701538085938,0.08080431073904037
560,112000.0,3.811569213867188,-8.842385292053223,0.09457096457481384
561,112200.0,3.6361937522888175,-8.872312545776367,0.1472434103488922
562,112400.0,4.088697910308838,-8.683769226074219,0.11671733111143112
563,112600.0,3.6972460746765137,-8.865130424499512,0.2172738015651703
564,112800.0,3.6499605178833012,-8.878896713256836,0.3902548849582672
565,113000.0,3.6756980419158936,-8.875306129455566,0.17836803197860718
566,113200.0,3.5661635398864746,-8.860940933227539,0.09696517139673233
567,113400.0,3.654150247573853,-8.839991569519043,0.3124433159828186
568,113600.0,3.622427225112915,-8.908226013183594,0.2609679996967316
569,113800.0,3.4991257190704346,-8.958504676818848,0.3274070918560028
570,114000.0,3.796006679534912,-8.811859130859375,0.16101007163524628
571,114200.0,3.5506010055541988,-8.921992301940918,0.25079262256622314
572,114400.0,3.76488208770752,-8.807669639587402,0.11432313174009325
573,114600.0,3.5924997329711914,-8.89565658569336,0.2849099934101105
574,114800.0,3.739144563674927,-8.866327285766602,0.2645592987537384
575,115000.0,3.739742994308472,-8.877100944519043,0.1843535304069519
576,115200.0,3.8289270401000977,-8.802282333374023,0.14664486050605774
577,115400.0,3.6493618488311768,-8.89146614074707,0.2274491637945175
578,115600.0,3.6762967109680176,-8.926780700683594,0.2603694200515747
579,115800.0,3.638587951660156,-8.82442855834961,0.018555063754320145
580,116000.0,3.7618894577026367,-8.82442855834961,0.10055647045373917
581,116200.0,3.4913446903228764,-8.936956405639648,0.20769700407981875
582,116400.0,3.575740337371826,-8.884284019470215,0.06643909960985184
583,116600.0,3.817554712295532,-8.857349395751953,0.13287819921970367
584,116800.0,3.539228677749634,-8.926780700683594,0.22625206410884854
585,117000.0,3.654150247573853,-8.860342025756836,0.21607670187950132
586,117200.0,3.6828808784484863,-8.877100944519043,0.15682020783424375
587,117400.0,3.7385458946228023,-8.845377922058105,0.18974047899246216
588,117600.0,3.651756048202514,-8.881291389465332,0.25737667083740234
589,117800.0,3.62302565574646,-8.91421127319336,0.5009866952896118
590,118000.0,3.845088005065918,-8.781332969665527,0.050876785069704056
591,118200.0,3.3500866889953613,-9.058462142944336,0.18375498056411746
592,118400.0,3.954024076461792,-8.652046203613281,-0.09816227108240128
593,118600.0,3.6852750778198238,-8.9064302444458,0.10893617570400238
594,118800.0,3.669712543487549,-8.959102630615234,0.17717093229293826
595,119000.0,3.9372646808624263,-8.692748069763184,-0.10295066982507706
596,119200.0,4.038419723510741,-8.786121368408201,0.06703764945268631
597,119400.0,4.021660327911377,-8.686761856079103,0.0867898091673851
598,119600.0,3.3692402839660645,-8.883087158203125,-0.08200141042470932
599,119800.0,4.424484729766847,-8.468291282653809,0.05027823522686958
600,120000.0,3.897161722183228,-8.669404029846191,0.09097966551780699
601,120200.0,4.280832767486571,-8.649652481079103,0.18136078119277954
602,120400.0,4.412513732910156,-8.558672904968263,0.0867898091673851
603,120600.0,3.9510314464569087,-8.831611633300781,0.17657238245010376
604,120800.0,4.019266128540038,-8.788516044616701,0.14425064623355865
605,121000.0,3.8606503009796143,-8.786720275878906,0.08918401598930359
606,121200.0,3.864840030670166,-8.73344898223877,0.2082955539226532
607,121400.0,4.046799659729004,-8.687360763549805,0.25977087020874023
608,121600.0,3.945045948028565,-8.783727645874022,0.32261869311332697
609,121800.0,3.785232782363892,-8.805274963378906,0.3687070608139038
610,122000.0,3.864241600036621,-8.803479194641113,0.3627215623855591
611,122200.0,3.864840030670166,-8.7669677734375,0.4668693244457245
612,122400.0,4.000710964202882,-8.705317497253418,0.3711012601852417
613,122600.0,3.9151182174682617,-8.79928970336914,0.4267664551734924
614,122800.0,3.84269380569458,-8.85675048828125,0.4022258818149567
615,123000.0,3.989937067031861,-8.789712905883789,0.4932055473327637
616,123200.0,3.7618894577026367,-8.838793754577637,0.5907692909240723
617,123400.0,3.560776472091675,-8.834005355834961,0.4022258818149567
618,123600.0,3.91631531715393,-8.690353393554688,0.25498247146606445
619,123800.0,3.7152025699615483,-8.832808494567871,0.4776432514190674
620,124000.0,4.0288429260253915,-8.723872184753418,0.4531026780605316
621,124200.0,3.801393747329712,-8.850166320800781,0.4955997467041016
622,124400.0,3.824138641357422,-8.802881240844727,0.4213795065879822
623,124600.0,3.8019924163818364,-8.795698165893555,0.3387795388698578
624,124800.0,3.756502389907837,-8.769960403442383,0.36571431159973145
625,125000.0,3.876212596893311,-8.773551940917969,0.4124012291431427
626,125200.0,3.7636849880218506,-8.760982513427733,0.5021837949752808
627,125400.0,3.869029998779297,-8.775347709655763,0.3585317134857178
628,125600.0,3.7349545955657963,-8.828619003295898,0.4752490520477295
629,125800.0,3.7672762870788574,-8.80048656463623,0.4118026793003082
630,126000.0,4.036623954772948,-8.645462036132812,0.4231751561164856
631,126200.0,3.732560396194458,-8.857349395751953,0.5428852438926697
632,126400.0,3.9624037742614746,-8.700529098510742,0.5213374495506287
633,126600.0,3.927687883377075,-8.739435195922853,0.4022258818149567
634,126800.0,4.0737342834472665,-8.661623001098633,0.5207388401031494
635,127000.0,3.725976467132568,-8.774150848388674,0.5231330990791321
636,127200.0,3.79181694984436,-8.819042205810547,0.4321534037590027
637,127400.0,3.7989995479583736,-8.8878755569458,0.4608838260173798
638,127600.0,4.0743327140808105,-8.662819862365723,0.5183446407318115
639,127800.0,3.5637693405151367,-8.83819580078125,0.5051765441894531
640,128000.0,3.95641827583313,-8.759186744689941,0.4566939771175385
641,128200.0,3.6571431159973145,-8.91181755065918,0.5051765441894531
642,128400.0,3.760692358016968,-8.798690795898438,0.4327519536018372
643,128600.0,3.8055837154388423,-8.831012725830078,0.4195838570594788
644,128800.0,3.9205052852630615,-8.75080680847168,0.5183446407318115
645,129000.0,3.8498764038085938,-8.754997253417969,0.4920084476470947
646,129200.0,3.7421371936798096,-8.845976829528809,0.5135562419891357
647,129400.0,3.7038300037384033,-8.834005355834961,0.4842272996902466
648,129600.0,3.9773676395416264,-8.768763542175293,0.4411316514015198
649,129800.0,3.7247793674468994,-8.848370552062988,0.5219359993934631
650,130000.0,3.642179250717163,-8.87171459197998,0.5716156363487244
651,130200.0,3.756502389907837,-8.82083797454834,0.5380968451499939
652,130400.0,3.574543237686157,-8.917802810668945,0.5021837949752808
653,130600.0,3.405751943588257,-9.014169692993164,0.6021417379379272
654,130800.0,3.8941690921783447,-8.793902397155763,0.4782418012619018
655,131000.0,3.5470097064971924,-8.942941665649414,0.4118026793003082
656,131200.0,3.606266260147095,-8.790909767150879,0.3112462162971497
657,131400.0,4.138377666473389,-8.677783966064451,0.3938461840152741
658,131600.0,3.968987941741944,-8.728062629699707,0.4082113802433014
659,131800.0,4.154538631439209,-8.702922821044924,0.3711012601852417
660,132000.0,3.78104305267334,-8.736441612243652,0.3800795078277588
661,132200.0,3.9624037742614746,-8.667608261108397,0.3615244626998901
662,132400.0,3.8019924163818364,-8.816049575805664,0.3746925592422485
663,132600.0,3.8163576126098633,-8.845976829528809,0.2759317457675934
664,132800.0,4.1635165214538565,-8.67598819732666,0.5009866952896118
665,133000.0,3.7277719974517822,-8.859145164489746,0.5428852438926697
666,133200.0,3.8211460113525386,-8.845377922058105,0.5614402890205383
667,133400.0,4.016871929168701,-8.746018409729004,0.5883750915527344
668,133600.0,3.7343561649322514,-8.887276649475098,0.6536170840263367
669,133800.0,3.9600095748901367,-8.755595207214355,0.4507084786891937
670,134000.0,3.813364744186402,-8.802282333374023,0.5099649429321289
671,134200.0,3.6403837203979488,-8.864531517028809,0.4884171485900879
672,134400.0,3.770867586135864,-8.826224327087402,0.5261258482933044
673,134600.0,3.812766313552856,-8.789113998413086,0.5476736426353455
674,134800.0,3.9378633499145512,-8.7298583984375,0.596754789352417
675,135000.0,3.5715503692626958,-8.87410831451416,0.5111620426177979
676,135200.0,3.824138641357422,-8.752602577209473,0.5345055460929871
677,135400.0,3.8534677028656006,-8.78312873840332,0.6733692288398743
678,135600.0,3.765480756759644,-8.752602577209473,0.5764040350914001
679,135800.0,4.2311530113220215,-8.559869766235353,0.5171475410461426
680,136000.0,3.5332431793212886,-8.8878755569458,0.5961562395095825
681,136200.0,3.9228994846344,-8.704718589782715,0.6171054840087891
682,136400.0,3.7032315731048575,-8.804078102111816,0.4291606545448303
683,136600.0,3.9779660701751713,-8.618527412414549,0.2017114907503128
684,136800.0,3.6008794307708736,-8.845377922058105,0.3842693865299225
685,137000.0,3.827131509780884,-8.767566680908201,0.5752069354057312
686,137200.0,4.0300397872924805,-8.672396659851074,0.38367083668708796
687,137400.0,3.9228994846344,-8.720281600952147,0.30945056676864624
688,137600.0,3.995922565460205,-8.726266860961914,0.5608417391777039
689,137800.0,3.705625772476196,-8.76337718963623,0.4495113790035248
690,138000.0,3.4835634231567383,-8.899248123168945,0.7224503755569458
691,138200.0,3.4979286193847656,-8.983643531799316,0.5787982344627379
692,138400.0,3.5021185874938965,-8.877699851989746,0.4608838260173798
693,138600.0,3.7684733867645264,-8.884882926940918,0.7050924301147461
694,138800.0,3.7888240814208975,-8.816049575805664,0.5303156971931458
695,139000.0,3.660135746002197,-8.831012725830078,0.6763619780540466
696,139200.0,3.772663354873657,-8.74721622467041,0.5979518890380859
697,139400.0,3.736750364303589,-8.83819580078125,0.436343252658844
698,139600.0,3.791218280792236,-8.862735748291016,0.5931634902954102
699,139800.0,3.8552632331848153,-8.883685111999512,0.6123170852661133
700,140000.0,3.806780815124512,-8.82442855834961,0.5015852451324463
701,140200.0,3.603872060775757,-8.877100944519043,0.5494692921638489
702,140400.0,3.736151695251465,-8.828020095825195,0.6847416758537292
703,140600.0,3.6008794307708736,-8.889671325683594,0.6027402877807617
704,140800.0,3.5907039642333984,-8.857349395751953,0.545877993106842
705,141000.0,3.5595793724060063,-8.905233383178711,0.6356605291366577
706,141200.0,3.8151605129241934,-8.790909767150879,0.6829460263252258
707,141400.0,3.700837373733521,-8.904634475708008,0.5363011956214905
708,141600.0,3.858256101608277,-8.728062629699707,0.4788403511047363
709,141800.0,3.820547342300415,-8.773551940917969,0.5261258482933044
710,142000.0,3.5458126068115234,-8.899248123168945,0.6177040338516235
711,142200.0,3.888782024383545,-8.719083786010742,0.6476315855979919
712,142400.0,3.725377798080444,-8.851962089538574,0.5261258482933044
713,142600.0,3.443460702896118,-8.927978515625,0.629675030708313
714,142800.0,3.558382272720337,-8.946533203125,0.6643909811973572
715,143000.0,4.018667697906493,-8.612542152404785,0.3082534670829773
716,143200.0,3.999513864517212,-8.702324867248535,0.6344634294509888
717,143400.0,3.8163576126098633,-8.741828918457031,0.5530605912208557
718,143600.0,3.621230125427246,-8.930971145629883,0.6105214357376099
719,143800.0,3.760093688964844,-8.84058952331543,0.7068880796432495
720,144000.0,3.7158010005950928,-8.857349395751953,0.5835866928100586
721,144200.0,3.621230125427246,-8.858546257019043,0.6027402877807617
722,144400.0,3.615244626998901,-8.837596893310547,0.6667851805686951
723,144600.0,3.963600873947144,-8.74721622467041,0.4812345504760742
724,144800.0,3.596689462661743,-8.939949035644531,0.6033388376235962
725,145000.0,4.219780445098877,-8.67598819732666,1.0079588890075684
726,145200.0,4.0509891510009775,-8.65982723236084,0.8409633636474609
727,145400.0,4.167108058929443,-8.637681007385254,0.7074866294860841
728,145600.0,3.924695253372192,-8.79809284210205,0.6590040326118469
729,145800.0,4.007893562316895,-8.758588790893555,0.608127236366272
730,146000.0,3.425503969192505,-8.96269416809082,0.7050924301147461
731,146200.0,4.049792289733887,-8.766369819641112,0.5716156363487244
732,146400.0,3.5883097648620605,-8.807669639587402,0.5464765429496765
733,146600.0,3.449446201324463,-8.981847763061523,0.6129156351089478
734,146800.0,3.746925592422485,-8.887276649475098,0.7116764783859253
735,147000.0,4.619013786315918,-8.448538780212402,0.9726444482803344
736,147200.0,3.658938646316528,-8.775347709655763,0.1927332431077957
737,147400.0,3.3417069911956787,-8.953716278076172,0.5093663930892944
738,147600.0,3.8630445003509517,-8.700529098510742,0.6703764796257019
739,147800.0,3.9001545906066895,-8.78312873840332,0.5566518902778625
740,148000.0,3.5470097064971924,-8.948328971862793,0.5590460896492004
741,148200.0,3.736151695251465,-8.851364135742188,0.3794809579849243
742,148400.0,3.739742994308472,-8.80587387084961,0.7984662652015686
743,148600.0,3.897760391235352,-8.728062629699707,0.5895721912384033
744,148800.0,3.441664934158325,-8.939949035644531,0.37828385829925537
745,149000.0,3.9737763404846187,-8.701725959777832,0.3387795388698578
746,149200.0,3.7158010005950928,-8.82323169708252,0.3794809579849243
747,149400.0,3.7834372520446777,-8.826224327087402,0.4596867263317108
748,149600.0,3.7954082489013667,-8.83939266204834,0.31543606519699097
749,149800.0,3.845088005065918,-8.857349395751953,0.5003881454467773
750,150000.0,3.4781765937805176,-8.808866500854492,0.3082534670829773
751,150200.0,3.7343561649322514,-8.850166320800781,0.6536170840263367
752,150400.0,3.7624878883361816,-8.88907241821289,0.5638344883918762
753,150600.0,3.923498153686523,-8.726266860961914,0.5279214978218079
754,150800.0,3.8833951950073238,-8.759186744689941,0.5895721912384033
755,151000.0,3.6254198551177983,-8.811859130859375,0.6512228846549988
756,151200.0,3.66851544380188,-8.905233383178711,0.6596025824546814
757,151400.0,3.426701068878174,-8.96389102935791,0.5548562407493591
758,151600.0,3.6182372570037837,-8.820239067077637,0.5608417391777039
759,151800.0,3.806182146072388,-8.761581420898438,0.5626373887062073
760,152000.0,3.5021185874938965,-8.860940933227539,0.6997054219245911
761,152200.0,3.647566318511963,-8.801085472106934,0.5698199868202211
762,152400.0,3.5781345367431636,-8.792705535888674,0.5195417404174805
763,152600.0,3.792415380477905,-8.74721622467041,0.5692214369773865
764,152800.0,3.876212596893311,-8.798690795898438,0.6943184733390808
765,153000.0,3.756502389907837,-8.862735748291016,0.7469909191131592
766,153200.0,3.666121244430542,-8.810662269592285,0.6332663297653198
767,153400.0,3.827131509780884,-8.765172004699707,0.5494692921638489
768,153600.0,3.6290111541748047,-8.872312545776367,0.618302583694458
769,153800.0,3.8253357410430913,-8.810662269592285,0.7769184708595276
770,154000.0,3.739742994308472,-8.79809284210205,0.6033388376235962
771,154200.0,3.8289270401000977,-8.662819862365723,0.3932476341724396
772,154400.0,3.6978445053100586,-8.904036521911621,0.5422866940498352
773,154600.0,4.259883403778076,-8.626308441162111,0.20709845423698425
774,154800.0,4.259883403778076,-8.626308441162111,0.20709845423698425
775,155000.0,3.736151695251465,-8.846575736999512,0.3675099611282349
776,155200.0,3.6481647491455083,-8.76337718963623,0.3794809579849243
777,155400.0,3.726574897766113,-8.844779968261719,0.5734112858772278
778,155600.0,3.785232782363892,-8.845976829528809,0.5907692909240723
779,155800.0,3.515286684036255,-8.821435928344727,0.4255693554878235
780,156000.0,3.925293684005737,-8.750208854675293,0.6919242739677429
781,156200.0,3.945644378662109,-8.828020095825195,0.2861070930957794
782,156400.0,3.8355112075805664,-8.793304443359375,0.3920505344867706
783,156600.0,4.124610900878906,-8.650250434875487,0.31543606519699097
784,156800.0,3.7235822677612314,-8.944138526916504,0.5674257874488831
785,157000.0,3.6379895210266113,-8.859743118286133,0.6368576288223267
786,157200.0,3.888782024383545,-8.713098526000978,0.4680664241313934
787,157400.0,3.81994891166687,-8.794501304626465,0.6278793811798096
788,157600.0,3.8402996063232417,-8.765172004699707,0.6075286865234375
789,157800.0,3.8343141078948975,-8.797493934631348,0.6338648796081543
790,158000.0,3.8929719924926762,-8.740632057189941,0.4776432514190674
791,158200.0,3.7193922996521,-8.814851760864258,0.4806360006332398
792,158400.0,3.8157589435577393,-8.822632789611816,0.5602431893348694
793,158600.0,4.144362926483153,-8.723274230957031,0.27054479718208313
794,158800.0,4.1431660652160645,-8.655038833618164,0.2364274114370346
795,159000.0,4.135385036468507,-8.588600158691406,0.1915361285209656
796,159200.0,4.045602321624757,-8.598775863647461,0.08499415963888167
797,159400.0,4.3586440086364755,-8.482058525085451,0.1999158412218094
798,159600.0,3.9875428676605225,-8.64127254486084,0.2472013235092163
799,159800.0,4.350264549255371,-8.678382873535156,0.5153518915176392
800,160000.0,4.065354347229004,-8.684967041015625,0.3435679376125336
801,160200.0,3.9139211177825928,-8.83939266204834,0.6159083843231201
802,160400.0,3.976170539855957,-8.718485832214355,0.1454477459192276
803,160600.0,3.7888240814208975,-8.780136108398438,0.3555389642715454
804,160800.0,3.950432777404785,-8.735244750976562,0.4836287498474121
805,161000.0,3.86543869972229,-8.851962089538574,0.5728127360343933
806,161200.0,3.775057554244995,-8.799888610839844,0.6254851818084717
807,161400.0,3.895964622497559,-8.716690063476562,0.71766197681427
808,161600.0,3.816956043243408,-8.806472778320312,0.5530605912208557
809,161800.0,4.02345609664917,-8.719083786010742,0.586579442024231
810,162000.0,3.4919431209564213,-8.910021781921387,0.5829881429672241
811,162200.0,3.8965632915496826,-8.829216957092285,0.6877344250679016
812,162400.0,3.658938646316528,-8.85555362701416,0.7134721279144287
813,162600.0,3.739144563674927,-8.880692481994629,0.5111620426177979
814,162800.0,3.7816414833068848,-8.723872184753418,0.5758054852485657
815,163000.0,3.664325714111328,-8.76457405090332,0.4985924959182739
816,163200.0,3.7247793674468994,-8.8070707321167,0.8068459630012512
817,163400.0,3.833117008209229,-8.796895980834961,0.7038952708244324
818,163600.0,3.9193081855773926,-8.777143478393555,0.4554968774318695
819,163800.0,3.5146880149841313,-8.945934295654297,0.6494272351264954
820,164000.0,3.60566782951355,-8.863933563232422,0.4944026470184326
821,164200.0,3.969586372375488,-8.680776596069336,0.6057330369949341
822,164400.0,3.76488208770752,-8.83819580078125,0.5003881454467773
823,164600.0,3.5649664402008057,-8.871115684509277,0.4722562730312347
824,164800.0,3.803189516067505,-8.786720275878906,0.5847837924957275
825,165000.0,3.897161722183228,-8.74721622467041,0.606930136680603
826,165200.0,3.5865142345428467,-8.93156909942627,0.6512228846549988
827,165400.0,3.6954503059387207,-8.848370552062988,0.6607996821403503
828,165600.0,3.6403837203979488,-8.829815864562988,0.4429273009300232
829,165800.0,3.889380693435669,-8.740632057189941,0.5919663906097412
830,166000.0,3.587112665176392,-8.835801124572754,0.5548562407493591
831,166200.0,3.673303842544556,-8.743025779724121,0.5494692921638489
832,166400.0,3.884592294692993,-8.754398345947267,0.646434485912323
833,166600.0,3.599083662033081,-8.807669639587402,0.6320692300796509
834,166800.0,3.7493197917938232,-8.778340339660645,0.6560112833976746
835,167000.0,3.825934410095215,-8.82323169708252,0.6194996833801271
836,167200.0,3.6960489749908447,-8.848969459533691,0.7451952695846558
837,167400.0,3.858854532241821,-8.75080680847168,0.6584054827690125
838,167600.0,3.5865142345428467,-8.845976829528809,0.5602431893348694
839,167800.0,3.706822872161865,-8.830414772033691,0.5009866952896118
840,168000.0,3.6858735084533687,-8.820239067077637,0.5901707410812378
841,168200.0,3.6511576175689697,-8.797493934631348,0.7308300733566284
842,168400.0,3.532644510269165,-8.929773330688477,0.7026981711387634
843,168600.0,3.879803895950317,-8.810063362121582,0.6667851805686951
844,168800.0,3.70742130279541,-8.835801124572754,0.7170634269714355
845,169000.0,3.553593873977661,-8.893860816955566,0.7146692276000977
846,169200.0,3.694253206253052,-8.798690795898438,0.7864952683448792
847,169400.0,3.7020344734191895,-8.84058952331543,0.558447539806366
848,169600.0,3.6619315147399902,-8.826224327087402,0.4938040971755981
849,169800.0,3.6104562282562256,-8.87410831451416,0.5386953949928284
850,170000.0,3.5960910320281982,-8.869319915771484,0.6655880808830261
851,170200.0,3.5104982852935787,-8.901042938232422,0.8044517636299133
852,170400.0,3.4189200401306152,-8.912415504455566,0.5758054852485657
853,170600.0,3.923498153686523,-8.769362449645996,0.7481880187988281
854,170800.0,3.7612907886505127,-8.835801124572754,0.6625953316688538
855,171000.0,3.7816414833068848,-8.772953987121582,0.6482301354408264
856,171200.0,3.659537315368652,-8.857349395751953,0.7817068696022034
857,171400.0,3.3028011322021484,-8.993220329284668,0.5518634915351868
858,171600.0,3.492541790008545,-8.953117370605469,0.5746083855628967
859,171800.0,3.733757495880127,-8.82083797454834,0.579995334148407
860,172000.0,3.95641827583313,-8.740632057189941,0.5506663918495178
861,172200.0,3.334524393081665,-8.998008728027344,0.4201824069023132
862,172400.0,3.4835634231567383,-9.012373924255373,0.5506663918495178
863,172600.0,3.7433342933654794,-8.80587387084961,0.496198296546936
864,172800.0,3.709815502166748,-8.880692481994629,0.6338648796081543
865,173000.0,3.6373908519744873,-8.83699893951416,0.4710591733455658
866,173200.0,3.9402575492858887,-8.743624687194824,0.6278793811798096
867,173400.0,3.711012601852417,-8.837596893310547,0.5363011956214905
868,173600.0,3.804386615753174,-8.756793022155763,0.4932055473327637
869,173800.0,3.9414546489715576,-8.69334602355957,0.6745663285255432
870,174000.0,3.626018524169922,-8.833407402038574,0.5716156363487244
871,174200.0,3.963002443313599,-8.686761856079103,0.6314706802368164
872,174400.0,3.724180698394776,-8.853158950805664,0.5398924946784973
873,174600.0,3.3518824577331543,-8.875306129455566,0.5165489912033081
874,174800.0,3.81994891166687,-8.761581420898438,0.4734533727169037
875,175000.0,3.852270603179932,-8.725069999694824,0.6189011335372925
876,175200.0,3.5835213661193848,-8.918999671936035,0.6350619792938232
