,Unnamed: 0,timestamp,ax,ay,az
0,0.0,5000.0,0.2753331959247589,-9.099164009094238,-1.2814964056015017
1,1.0,5100.0,0.2753331959247589,-9.099164009094238,-1.2814964056015017
2,2.0,5200.0,0.2753331959247589,-9.099164009094238,-1.2814964056015017
3,3.0,5300.0,0.7410054206848145,-10.408791542053224,-1.991377234458924
4,4.0,5400.0,0.7410054206848145,-10.408791542053224,-1.991377234458924
5,5.0,5500.0,2.1936872005462646,-13.424887657165527,0.2950853705406189
6,6.0,5600.0,2.3098061084747314,-10.071209907531738,-0.39803603291511536
7,7.0,5700.0,2.3098061084747314,-10.071209907531738,-0.39803603291511536
8,8.0,5800.0,0.3920505344867706,-7.687182903289795,2.653972625732422
9,9.0,5900.0,0.3920505344867706,-7.687182903289795,2.653972625732422
10,10.0,6000.0,-2.085349798202514,-7.2358760833740225,1.810615062713623
11,11.0,6100.0,-2.085349798202514,-7.2358760833740225,1.810615062713623
12,12.0,6200.0,-1.8584990501403809,-4.942829608917236,4.862025260925293
13,13.0,6300.0,-1.8584990501403809,-4.942829608917236,4.862025260925293
14,14.0,6400.0,-3.5212721824646,-8.073247909545897,5.791574001312256
15,15.0,6500.0,-3.4153287410736084,-5.838859558105469,6.143521785736084
16,16.0,6600.0,-3.4153287410736084,-5.838859558105469,6.143521785736084
17,17.0,6700.0,-4.766855716705322,-6.792948722839356,5.003881454467773
18,18.0,6800.0,-4.766855716705322,-6.792948722839356,5.003881454467773
19,19.0,6900.0,-0.4273650050163269,-9.893440246582033,3.02327823638916
20,10.0,6000.0,-2.085349798202514,-7.2358760833740225,1.810615062713623
21,11.0,6100.0,-2.085349798202514,-7.2358760833740225,1.810615062713623
22,12.0,6200.0,-1.8584990501403809,-4.942829608917236,4.862025260925293
23,13.0,6300.0,-1.8584990501403809,-4.942829608917236,4.862025260925293
24,14.0,6400.0,-3.5212721824646,-8.073247909545897,5.791574001312256
25,15.0,6500.0,-3.4153287410736084,-5.838859558105469,6.143521785736084
26,16.0,6600.0,-3.4153287410736084,-5.838859558105469,6.143521785736084
27,17.0,6700.0,-4.766855716705322,-6.792948722839356,5.003881454467773
28,18.0,6800.0,-4.766855716705322,-6.792948722839356,5.003881454467773
29,19.0,6900.0,-0.4273650050163269,-9.893440246582033,3.02327823638916
30,20.0,7000.0,-0.4273650050163269,-9.893440246582033,3.02327823638916
31,21.0,7100.0,-1.5143325328826904,-11.382035255432127,-0.1646013706922531
32,22.0,7200.0,-1.5143325328826904,-11.382035255432127,-0.1646013706922531
33,23.0,7300.0,0.09217676520347597,-8.209717750549316,0.3178302645683289
34,24.0,7400.0,2.158971309661865,-9.467870712280273,0.06344634294509888
35,25.0,7500.0,2.158971309661865,-9.467870712280273,0.06344634294509888
36,26.0,7600.0,0.04429273307323457,-9.54628086090088,-1.0474632978439329
37,27.0,7700.0,0.04429273307323457,-9.54628086090088,-1.0474632978439329
38,28.0,7800.0,0.3806780576705933,-9.851541519165039,-2.60010313987732
39,29.0,7900.0,0.3806780576705933,-9.851541519165039,-2.60010313987732
40,20.0,7000.0,-0.4273650050163269,-9.893440246582033,3.02327823638916
41,21.0,7100.0,-1.5143325328826904,-11.382035255432127,-0.1646013706922531
42,22.0,7200.0,-1.5143325328826904,-11.382035255432127,-0.1646013706922531
43,23.0,7300.0,0.09217676520347597,-8.209717750549316,0.3178302645683289
44,24.0,7400.0,2.158971309661865,-9.467870712280273,0.06344634294509888
45,25.0,7500.0,2.158971309661865,-9.467870712280273,0.06344634294509888
46,26.0,7600.0,0.04429273307323457,-9.54628086090088,-1.0474632978439329
47,27.0,7700.0,0.04429273307323457,-9.54628086090088,-1.0474632978439329
48,28.0,7800.0,0.3806780576705933,-9.851541519165039,-2.60010313987732
49,29.0,7900.0,0.3806780576705933,-9.851541519165039,-2.60010313987732
50,30.0,8000.0,-0.4201824069023132,-10.079588890075684,-2.1553800106048584
51,31.0,8100.0,-0.4201824069023132,-10.079588890075684,-2.1553800106048584
52,32.0,8200.0,2.5707740783691406,-10.657190322875977,-2.3744494915008545
53,33.0,8300.0,-0.7799112200737,-10.138845443725586,1.0791864395141602
54,34.0,8400.0,-0.7799112200737,-10.138845443725586,1.0791864395141602
55,35.0,8500.0,-0.2651578485965729,-9.437344551086426,1.5682021379470823
56,36.0,8600.0,-0.2651578485965729,-9.437344551086426,1.5682021379470823
57,37.0,8700.0,-1.4431051015853882,-7.243657112121582,2.29484224319458
58,38.0,8800.0,-1.4431051015853882,-7.243657112121582,2.29484224319458
59,39.0,8900.0,-2.75812029838562,-5.692812919616699,4.726154327392578
60,30.0,8000.0,-0.4201824069023132,-10.079588890075684,-2.1553800106048584
61,31.0,8100.0,-0.4201824069023132,-10.079588890075684,-2.1553800106048584
62,32.0,8200.0,2.5707740783691406,-10.657190322875977,-2.3744494915008545
63,33.0,8300.0,-0.7799112200737,-10.138845443725586,1.0791864395141602
64,34.0,8400.0,-0.7799112200737,-10.138845443725586,1.0791864395141602
65,35.0,8500.0,-0.2651578485965729,-9.437344551086426,1.5682021379470823
66,36.0,8600.0,-0.2651578485965729,-9.437344551086426,1.5682021379470823
67,37.0,8700.0,-1.4431051015853882,-7.243657112121582,2.29484224319458
68,38.0,8800.0,-1.4431051015853882,-7.243657112121582,2.29484224319458
69,39.0,8900.0,-2.75812029838562,-5.692812919616699,4.726154327392578
70,40.0,9000.0,-2.75812029838562,-5.692812919616699,4.726154327392578
71,41.0,9100.0,-2.2613234519958496,-7.185597896575928,5.647922039031982
72,42.0,9200.0,-3.840898036956787,-6.0836663246154785,5.625176906585693
73,43.0,9300.0,-3.840898036956787,-6.0836663246154785,5.625176906585693
74,44.0,9400.0,-2.421136379241944,-7.1945762634277335,4.734533786773682
75,45.0,9500.0,-2.421136379241944,-7.1945762634277335,4.734533786773682
76,46.0,9600.0,-2.071583032608032,-9.34816074371338,1.6370353698730469
77,47.0,9700.0,-2.071583032608032,-9.34816074371338,1.6370353698730469
78,48.0,9800.0,-1.1743559837341309,-10.500968933105467,0.28790274262428284
79,49.0,9900.0,-1.1743559837341309,-10.500968933105467,0.28790274262428284
80,40.0,9000.0,-2.75812029838562,-5.692812919616699,4.726154327392578
81,41.0,9100.0,-2.2613234519958496,-7.185597896575928,5.647922039031982
82,42.0,9200.0,-3.840898036956787,-6.0836663246154785,5.625176906585693
83,43.0,9300.0,-3.840898036956787,-6.0836663246154785,5.625176906585693
84,44.0,9400.0,-2.421136379241944,-7.1945762634277335,4.734533786773682
85,45.0,9500.0,-2.421136379241944,-7.1945762634277335,4.734533786773682
86,46.0,9600.0,-2.071583032608032,-9.34816074371338,1.6370353698730469
87,47.0,9700.0,-2.071583032608032,-9.34816074371338,1.6370353698730469
88,48.0,9800.0,-1.1743559837341309,-10.500968933105467,0.28790274262428284
89,49.0,9900.0,-1.1743559837341309,-10.500968933105467,0.28790274262428284
90,50.0,10000.0,-0.1927332431077957,-9.798869132995604,0.6027402877807617
91,51.0,10100.0,-0.7236474752426147,-9.695918083190918,-1.6190788745880127
92,52.0,10200.0,-0.7236474752426147,-9.695918083190918,-1.6190788745880127
93,53.0,10300.0,1.292868971824646,-9.083003044128418,-1.9069817066192627
94,54.0,10400.0,1.292868971824646,-9.083003044128418,-1.9069817066192627
95,55.0,10500.0,-0.6302735805511475,-9.329007148742676,-1.4317326545715332
96,56.0,10600.0,-0.6302735805511475,-9.329007148742676,-1.4317326545715332
97,57.0,10700.0,0.5638344883918762,-9.780912399291992,-1.6178817749023438
98,58.0,10800.0,0.5638344883918762,-9.780912399291992,-1.6178817749023438
99,59.0,10900.0,3.2603042125701904,-13.232752799987793,-1.6268600225448608
100,50.0,10000.0,-0.1927332431077957,-9.798869132995604,0.6027402877807617
101,51.0,10100.0,-0.7236474752426147,-9.695918083190918,-1.6190788745880127
102,52.0,10200.0,-0.7236474752426147,-9.695918083190918,-1.6190788745880127
103,53.0,10300.0,1.292868971824646,-9.083003044128418,-1.9069817066192627
104,54.0,10400.0,1.292868971824646,-9.083003044128418,-1.9069817066192627
105,55.0,10500.0,-0.6302735805511475,-9.329007148742676,-1.4317326545715332
106,56.0,10600.0,-0.6302735805511475,-9.329007148742676,-1.4317326545715332
107,57.0,10700.0,0.5638344883918762,-9.780912399291992,-1.6178817749023438
108,58.0,10800.0,0.5638344883918762,-9.780912399291992,-1.6178817749023438
109,59.0,10900.0,3.2603042125701904,-13.232752799987793,-1.6268600225448608
110,60.0,11000.0,-1.2000936269760132,-10.618284225463867,-0.06763619929552077
111,61.0,11100.0,-1.2000936269760132,-10.618284225463867,-0.06763619929552077
112,62.0,11200.0,-0.6111199855804443,-8.577826499938965,1.4287399053573608
113,63.0,11300.0,-0.6111199855804443,-8.577826499938965,1.4287399053573608
114,64.0,11400.0,-2.3116016387939453,-6.366182327270508,2.589329242706299
115,65.0,11500.0,-2.3116016387939453,-6.366182327270508,2.589329242706299
116,66.0,11600.0,-3.3752257823944087,-5.8622026443481445,4.895544052124023
117,67.0,11700.0,-3.3752257823944087,-5.8622026443481445,4.895544052124023
118,68.0,11800.0,-3.864840030670166,-6.026205539703369,5.026028156280519
119,69.0,11900.0,-2.9724013805389404,-6.733093738555907,3.2806549072265625
120,60.0,11000.0,-1.2000936269760132,-10.618284225463867,-0.06763619929552077
121,61.0,11100.0,-1.2000936269760132,-10.618284225463867,-0.06763619929552077
122,62.0,11200.0,-0.6111199855804443,-8.577826499938965,1.4287399053573608
123,63.0,11300.0,-0.6111199855804443,-8.577826499938965,1.4287399053573608
124,64.0,11400.0,-2.3116016387939453,-6.366182327270508,2.589329242706299
125,65.0,11500.0,-2.3116016387939453,-6.366182327270508,2.589329242706299
126,66.0,11600.0,-3.3752257823944087,-5.8622026443481445,4.895544052124023
127,67.0,11700.0,-3.3752257823944087,-5.8622026443481445,4.895544052124023
128,68.0,11800.0,-3.864840030670166,-6.026205539703369,5.026028156280519
129,69.0,11900.0,-2.9724013805389404,-6.733093738555907,3.2806549072265625
130,70.0,12000.0,-2.9724013805389404,-6.733093738555907,3.2806549072265625
131,71.0,12100.0,-1.2826935052871704,-9.206902503967283,1.9416975975036617
132,72.0,12200.0,-1.2826935052871704,-9.206902503967283,1.9416975975036617
133,73.0,12300.0,-0.8966285586357117,-8.685564994812013,-0.4776432514190674
134,74.0,12400.0,-0.8966285586357117,-8.685564994812013,-0.4776432514190674
135,75.0,12500.0,-0.7254431247711182,-9.436745643615724,-0.6218938827514648
136,76.0,12600.0,-0.7254431247711182,-9.436745643615724,-0.6218938827514648
137,77.0,12700.0,0.6787561774253845,-10.351330757141113,-1.0995371341705322
138,78.0,12800.0,0.7056909799575806,-10.589553833007812,-3.9965212345123287
139,79.0,12900.0,0.7056909799575806,-10.589553833007812,-3.9965212345123287
140,70.0,12000.0,-2.9724013805389404,-6.733093738555907,3.2806549072265625
141,71.0,12100.0,-1.2826935052871704,-9.206902503967283,1.9416975975036617
142,72.0,12200.0,-1.2826935052871704,-9.206902503967283,1.9416975975036617
143,73.0,12300.0,-0.8966285586357117,-8.685564994812013,-0.4776432514190674
144,74.0,12400.0,-0.8966285586357117,-8.685564994812013,-0.4776432514190674
145,75.0,12500.0,-0.7254431247711182,-9.436745643615724,-0.6218938827514648
146,76.0,12600.0,-0.7254431247711182,-9.436745643615724,-0.6218938827514648
147,77.0,12700.0,0.6787561774253845,-10.351330757141113,-1.0995371341705322
148,78.0,12800.0,0.7056909799575806,-10.589553833007812,-3.9965212345123287
149,79.0,12900.0,0.7056909799575806,-10.589553833007812,-3.9965212345123287
150,80.0,13000.0,0.6218938827514648,-13.018471717834473,-0.6997054219245911
151,81.0,13100.0,0.6218938827514648,-13.018471717834473,-0.6997054219245911
152,82.0,13200.0,-0.10893617570400238,-10.671555519104004,0.3800795078277588
153,83.0,13300.0,-0.10893617570400238,-10.671555519104004,0.3800795078277588
154,84.0,13400.0,-0.7625532150268555,-9.660603523254396,2.626439332962036
155,85.0,13500.0,-0.7625532150268555,-9.660603523254396,2.626439332962036
156,86.0,13600.0,-0.3992331326007843,-6.950367450714111,2.1487960815429688
157,87.0,13700.0,-4.0545806884765625,-4.3424835205078125,5.082291603088379
158,88.0,13800.0,-4.0545806884765625,-4.3424835205078125,5.082291603088379
159,89.0,13900.0,-4.192845821380615,-5.49888277053833,4.368220806121826
160,80.0,13000.0,0.6218938827514648,-13.018471717834473,-0.6997054219245911
161,81.0,13100.0,0.6218938827514648,-13.018471717834473,-0.6997054219245911
162,82.0,13200.0,-0.10893617570400238,-10.671555519104004,0.3800795078277588
163,83.0,13300.0,-0.10893617570400238,-10.671555519104004,0.3800795078277588
164,84.0,13400.0,-0.7625532150268555,-9.660603523254396,2.626439332962036
165,85.0,13500.0,-0.7625532150268555,-9.660603523254396,2.626439332962036
166,86.0,13600.0,-0.3992331326007843,-6.950367450714111,2.1487960815429688
167,87.0,13700.0,-4.0545806884765625,-4.3424835205078125,5.082291603088379
168,88.0,13800.0,-4.0545806884765625,-4.3424835205078125,5.082291603088379
169,89.0,13900.0,-4.192845821380615,-5.49888277053833,4.368220806121826
170,90.0,14000.0,-4.192845821380615,-5.49888277053833,4.368220806121826
171,91.0,14100.0,-4.026448726654054,-5.828085422515869,5.916072368621826
172,92.0,14200.0,-4.026448726654054,-5.828085422515869,5.916072368621826
173,93.0,14300.0,-0.8439561128616333,-9.68813705444336,1.4269442558288574
174,94.0,14400.0,-0.8439561128616333,-9.68813705444336,1.4269442558288574
175,95.0,14500.0,-2.053027868270874,-9.111733436584473,-0.2555810213088989
176,96.0,14600.0,-0.5710170865058899,-9.287108421325684,2.2822728157043457
177,97.0,14700.0,-0.5710170865058899,-9.287108421325684,2.2822728157043457
178,98.0,14800.0,0.8403648138046265,-10.004171371459961,-0.7026981711387634
179,99.0,14900.0,0.8403648138046265,-10.004171371459961,-0.7026981711387634
180,90.0,14000.0,-4.192845821380615,-5.49888277053833,4.368220806121826
181,91.0,14100.0,-4.026448726654054,-5.828085422515869,5.916072368621826
182,92.0,14200.0,-4.026448726654054,-5.828085422515869,5.916072368621826
183,93.0,14300.0,-0.8439561128616333,-9.68813705444336,1.4269442558288574
184,94.0,14400.0,-0.8439561128616333,-9.68813705444336,1.4269442558288574
185,95.0,14500.0,-2.053027868270874,-9.111733436584473,-0.2555810213088989
186,96.0,14600.0,-0.5710170865058899,-9.287108421325684,2.2822728157043457
187,97.0,14700.0,-0.5710170865058899,-9.287108421325684,2.2822728157043457
188,98.0,14800.0,0.8403648138046265,-10.004171371459961,-0.7026981711387634
189,99.0,14900.0,0.8403648138046265,-10.004171371459961,-0.7026981711387634
190,100.0,15000.0,-0.4351461529731751,-9.727043151855467,-1.193509578704834
191,101.0,15100.0,-0.4351461529731751,-9.727043151855467,-1.193509578704834
192,102.0,15200.0,0.9373299479484558,-14.827291488647461,-0.010175357572734356
193,103.0,15300.0,0.9373299479484558,-14.827291488647461,-0.010175357572734356
194,104.0,15400.0,0.5596446394920349,-10.284293174743652,0.5351040959358215
195,105.0,15500.0,-0.18136078119277954,-9.567230224609377,1.8279730081558228
196,106.0,15600.0,-0.18136078119277954,-9.567230224609377,1.8279730081558228
197,107.0,15700.0,-0.5476736426353455,-4.327519416809082,2.586935043334961
198,108.0,15800.0,-0.5476736426353455,-4.327519416809082,2.586935043334961
199,109.0,15900.0,-8.415618896484375,-11.553818702697756,8.461109161376951
200,100.0,15000.0,-0.4351461529731751,-9.727043151855467,-1.193509578704834
201,101.0,15100.0,-0.4351461529731751,-9.727043151855467,-1.193509578704834
202,102.0,15200.0,0.9373299479484558,-14.827291488647461,-0.010175357572734356
203,103.0,15300.0,0.9373299479484558,-14.827291488647461,-0.010175357572734356
204,104.0,15400.0,0.5596446394920349,-10.284293174743652,0.5351040959358215
205,105.0,15500.0,-0.18136078119277954,-9.567230224609377,1.8279730081558228
206,106.0,15600.0,-0.18136078119277954,-9.567230224609377,1.8279730081558228
207,107.0,15700.0,-0.5476736426353455,-4.327519416809082,2.586935043334961
208,108.0,15800.0,-0.5476736426353455,-4.327519416809082,2.586935043334961
209,109.0,15900.0,-8.415618896484375,-11.553818702697756,8.461109161376951
210,110.0,16000.0,-8.415618896484375,-11.553818702697756,8.461109161376951
211,111.0,16100.0,-3.7223851680755615,-8.313266754150389,6.472724437713622
212,112.0,16200.0,-3.7223851680755615,-8.313266754150389,6.472724437713622
213,113.0,16300.0,-0.3321954905986786,-10.61768627166748,0.2687491476535797
214,114.0,16400.0,-1.1079168319702148,-9.239224433898926,-0.871489405632019
215,115.0,16500.0,-1.1079168319702148,-9.239224433898926,-0.871489405632019
216,116.0,16600.0,0.851138710975647,-9.304466247558594,-1.0678139925003052
217,117.0,16700.0,0.851138710975647,-9.304466247558594,-1.0678139925003052
218,118.0,16800.0,2.202665567398072,-9.18715000152588,-1.5346833467483518
219,119.0,16900.0,2.202665567398072,-9.18715000152588,-1.5346833467483518
220,110.0,16000.0,-8.415618896484375,-11.553818702697756,8.461109161376951
221,111.0,16100.0,-3.7223851680755615,-8.313266754150389,6.472724437713622
222,112.0,16200.0,-3.7223851680755615,-8.313266754150389,6.472724437713622
223,113.0,16300.0,-0.3321954905986786,-10.61768627166748,0.2687491476535797
224,114.0,16400.0,-1.1079168319702148,-9.239224433898926,-0.871489405632019
225,115.0,16500.0,-1.1079168319702148,-9.239224433898926,-0.871489405632019
226,116.0,16600.0,0.851138710975647,-9.304466247558594,-1.0678139925003052
227,117.0,16700.0,0.851138710975647,-9.304466247558594,-1.0678139925003052
228,118.0,16800.0,2.202665567398072,-9.18715000152588,-1.5346833467483518
229,119.0,16900.0,2.202665567398072,-9.18715000152588,-1.5346833467483518
230,120.0,17000.0,0.4991910457611084,-9.690531730651855,-2.515707492828369
231,121.0,17100.0,0.4991910457611084,-9.690531730651855,-2.515707492828369
232,122.0,17200.0,2.892195701599121,-9.457097053527832,3.671508312225342
233,123.0,17300.0,2.892195701599121,-9.457097053527832,3.671508312225342
234,124.0,17400.0,0.768538773059845,-8.686163902282715,0.7212532758712769
235,125.0,17500.0,-1.832162857055664,-8.482058525085451,0.5129576921463013
236,126.0,17600.0,-1.832162857055664,-8.482058525085451,0.5129576921463013
237,127.0,17700.0,-4.531026840209961,-10.04068374633789,1.9764134883880613
238,128.0,17800.0,-4.531026840209961,-10.04068374633789,1.9764134883880613
239,129.0,17900.0,-2.9191303253173837,-9.594164848327637,5.054758548736572
240,120.0,17000.0,0.4991910457611084,-9.690531730651855,-2.515707492828369
241,121.0,17100.0,0.4991910457611084,-9.690531730651855,-2.515707492828369
242,122.0,17200.0,2.892195701599121,-9.457097053527832,3.671508312225342
243,123.0,17300.0,2.892195701599121,-9.457097053527832,3.671508312225342
244,124.0,17400.0,0.768538773059845,-8.686163902282715,0.7212532758712769
245,125.0,17500.0,-1.832162857055664,-8.482058525085451,0.5129576921463013
246,126.0,17600.0,-1.832162857055664,-8.482058525085451,0.5129576921463013
247,127.0,17700.0,-4.531026840209961,-10.04068374633789,1.9764134883880613
248,128.0,17800.0,-4.531026840209961,-10.04068374633789,1.9764134883880613
249,129.0,17900.0,-2.9191303253173837,-9.594164848327637,5.054758548736572
250,130.0,18000.0,-2.9191303253173837,-9.594164848327637,5.054758548736572
251,131.0,18100.0,0.3130418658256531,-9.9371337890625,-2.3283610343933105
252,132.0,18200.0,0.3130418658256531,-9.9371337890625,-2.3283610343933105
253,133.0,18300.0,1.259350061416626,-8.661623001098633,-3.1016883850097656
254,134.0,18400.0,2.106298923492432,-9.095572471618652,-2.0183119773864746
255,135.0,18500.0,2.106298923492432,-9.095572471618652,-2.0183119773864746
256,136.0,18600.0,0.9588778018951416,-8.741828918457031,-0.7930793166160583
257,137.0,18700.0,0.9588778018951416,-8.741828918457031,-0.7930793166160583
258,138.0,18800.0,1.7824832201004028,-9.385869026184082,2.33494520187378
259,139.0,18900.0,1.7824832201004028,-9.385869026184082,2.33494520187378
260,130.0,18000.0,-2.9191303253173837,-9.594164848327637,5.054758548736572
261,131.0,18100.0,0.3130418658256531,-9.9371337890625,-2.3283610343933105
262,132.0,18200.0,0.3130418658256531,-9.9371337890625,-2.3283610343933105
263,133.0,18300.0,1.259350061416626,-8.661623001098633,-3.1016883850097656
264,134.0,18400.0,2.106298923492432,-9.095572471618652,-2.0183119773864746
265,135.0,18500.0,2.106298923492432,-9.095572471618652,-2.0183119773864746
266,136.0,18600.0,0.9588778018951416,-8.741828918457031,-0.7930793166160583
267,137.0,18700.0,0.9588778018951416,-8.741828918457031,-0.7930793166160583
268,138.0,18800.0,1.7824832201004028,-9.385869026184082,2.33494520187378
269,139.0,18900.0,1.7824832201004028,-9.385869026184082,2.33494520187378
270,140.0,19000.0,0.9690531492233276,-9.519944190979004,2.894589900970459
271,141.0,19100.0,0.9690531492233276,-9.519944190979004,2.894589900970459
272,142.0,19200.0,-3.2166099548339844,-4.359841346740724,2.240972757339477
273,143.0,19300.0,-8.363545417785645,-14.463971138000488,10.981005668640137
274,144.0,19400.0,-8.363545417785645,-14.463971138000488,10.981005668640137
275,145.0,19500.0,-0.5805938839912415,-6.567893981933594,4.617218017578125
276,146.0,19600.0,-0.5805938839912415,-6.567893981933594,4.617218017578125
277,147.0,19700.0,-1.8004397153854368,-12.568960189819336,-1.0773907899856567
278,148.0,19800.0,-1.8004397153854368,-12.568960189819336,-1.0773907899856567
279,149.0,19900.0,2.400785684585572,-9.52473258972168,-2.2649147510528564
280,140.0,19000.0,0.9690531492233276,-9.519944190979004,2.894589900970459
281,141.0,19100.0,0.9690531492233276,-9.519944190979004,2.894589900970459
282,142.0,19200.0,-3.2166099548339844,-4.359841346740724,2.240972757339477
283,143.0,19300.0,-8.363545417785645,-14.463971138000488,10.981005668640137
284,144.0,19400.0,-8.363545417785645,-14.463971138000488,10.981005668640137
285,145.0,19500.0,-0.5805938839912415,-6.567893981933594,4.617218017578125
286,146.0,19600.0,-0.5805938839912415,-6.567893981933594,4.617218017578125
287,147.0,19700.0,-1.8004397153854368,-12.568960189819336,-1.0773907899856567
288,148.0,19800.0,-1.8004397153854368,-12.568960189819336,-1.0773907899856567
289,149.0,19900.0,2.400785684585572,-9.52473258972168,-2.2649147510528564
290,150.0,20000.0,2.400785684585572,-9.52473258972168,-2.2649147510528564
291,151.0,20100.0,0.6051344871520996,-9.074623107910156,-2.0416555404663086
292,152.0,20200.0,-0.3130418658256531,-9.536105155944824,-1.3072341680526731
293,153.0,20300.0,-0.3130418658256531,-9.536105155944824,-1.3072341680526731
294,154.0,20400.0,1.0899603366851809,-9.625887870788574,-2.6581623554229736
295,155.0,20500.0,1.0899603366851809,-9.625887870788574,-2.6581623554229736
296,156.0,20600.0,1.7764976024627686,-14.961366653442385,-0.3734954595565796
297,157.0,20700.0,1.7764976024627686,-14.961366653442385,-0.3734954595565796
298,158.0,20800.0,0.166995570063591,-11.522095680236815,0.06823474913835527
299,159.0,20900.0,0.166995570063591,-11.522095680236815,0.06823474913835527
300,150.0,20000.0,2.400785684585572,-9.52473258972168,-2.2649147510528564
301,151.0,20100.0,0.6051344871520996,-9.074623107910156,-2.0416555404663086
302,152.0,20200.0,-0.3130418658256531,-9.536105155944824,-1.3072341680526731
303,153.0,20300.0,-0.3130418658256531,-9.536105155944824,-1.3072341680526731
304,154.0,20400.0,1.0899603366851809,-9.625887870788574,-2.6581623554229736
305,155.0,20500.0,1.0899603366851809,-9.625887870788574,-2.6581623554229736
306,156.0,20600.0,1.7764976024627686,-14.961366653442385,-0.3734954595565796
307,157.0,20700.0,1.7764976024627686,-14.961366653442385,-0.3734954595565796
308,158.0,20800.0,0.166995570063591,-11.522095680236815,0.06823474913835527
309,159.0,20900.0,0.166995570063591,-11.522095680236815,0.06823474913835527
310,160.0,21000.0,-0.3860650360584259,-8.605359077453612,0.4812345504760742
311,161.0,21100.0,-1.978209137916565,-4.18805742263794,3.0280666351318364
312,162.0,21200.0,-1.978209137916565,-4.18805742263794,3.0280666351318364
313,163.0,21300.0,-5.992686748504639,-8.525752067565918,6.98508358001709
314,164.0,21400.0,-5.992686748504639,-8.525752067565918,6.98508358001709
315,165.0,21500.0,-2.0141222476959237,-6.5696892738342285,4.0527849197387695
316,166.0,21600.0,-2.0141222476959237,-6.5696892738342285,4.0527849197387695
317,167.0,21700.0,-0.9433154463768004,-10.560225486755373,1.7016788721084597
318,168.0,21800.0,-0.9433154463768004,-10.560225486755373,1.7016788721084597
319,169.0,21900.0,-2.499546527862549,-9.060855865478516,-1.261744260787964
320,160.0,21000.0,-0.3860650360584259,-8.605359077453612,0.4812345504760742
321,161.0,21100.0,-1.978209137916565,-4.18805742263794,3.0280666351318364
322,162.0,21200.0,-1.978209137916565,-4.18805742263794,3.0280666351318364
323,163.0,21300.0,-5.992686748504639,-8.525752067565918,6.98508358001709
324,164.0,21400.0,-5.992686748504639,-8.525752067565918,6.98508358001709
325,165.0,21500.0,-2.0141222476959237,-6.5696892738342285,4.0527849197387695
326,166.0,21600.0,-2.0141222476959237,-6.5696892738342285,4.0527849197387695
327,167.0,21700.0,-0.9433154463768004,-10.560225486755373,1.7016788721084597
328,168.0,21800.0,-0.9433154463768004,-10.560225486755373,1.7016788721084597
329,169.0,21900.0,-2.499546527862549,-9.060855865478516,-1.261744260787964
330,170.0,22000.0,-1.6639702320098877,-9.983820915222168,-0.08499415963888167
331,171.0,22100.0,-1.6639702320098877,-9.983820915222168,-0.08499415963888167
332,172.0,22200.0,0.524330198764801,-9.686341285705566,0.6572083830833435
333,173.0,22300.0,0.524330198764801,-9.686341285705566,0.6572083830833435
334,174.0,22400.0,1.2437877655029297,-10.02571964263916,-1.2096704244613647
335,175.0,22500.0,1.2437877655029297,-10.02571964263916,-1.2096704244613647
336,176.0,22600.0,-0.2944868206977844,-10.041281700134276,-2.8778305053710938
337,177.0,22700.0,-0.2944868206977844,-10.041281700134276,-2.8778305053710938
338,178.0,22800.0,-2.187103271484375,-13.051990509033205,2.981379747390747
339,179.0,22900.0,-0.9678560495376588,-9.239224433898926,-0.9959878921508788
340,170.0,22000.0,-1.6639702320098877,-9.983820915222168,-0.08499415963888167
341,171.0,22100.0,-1.6639702320098877,-9.983820915222168,-0.08499415963888167
342,172.0,22200.0,0.524330198764801,-9.686341285705566,0.6572083830833435
343,173.0,22300.0,0.524330198764801,-9.686341285705566,0.6572083830833435
344,174.0,22400.0,1.2437877655029297,-10.02571964263916,-1.2096704244613647
345,175.0,22500.0,1.2437877655029297,-10.02571964263916,-1.2096704244613647
346,176.0,22600.0,-0.2944868206977844,-10.041281700134276,-2.8778305053710938
347,177.0,22700.0,-0.2944868206977844,-10.041281700134276,-2.8778305053710938
348,178.0,22800.0,-2.187103271484375,-13.051990509033205,2.981379747390747
349,179.0,22900.0,-0.9678560495376588,-9.239224433898926,-0.9959878921508788
350,180.0,23000.0,-0.9678560495376588,-9.239224433898926,-0.9959878921508788
351,181.0,23100.0,-0.8200140595436096,-5.89392614364624,2.8125884532928467
352,182.0,23200.0,-0.8200140595436096,-5.89392614364624,2.8125884532928467
353,183.0,23300.0,-2.9502551555633545,-5.127781391143799,3.973177671432495
354,184.0,23400.0,-2.9502551555633545,-5.127781391143799,3.973177671432495
355,185.0,23500.0,-2.7898435592651367,-3.0783448219299316,3.4129345417022705
356,186.0,23600.0,-2.7898435592651367,-3.0783448219299316,3.4129345417022705
357,187.0,23700.0,-3.30699110031128,-7.9613189697265625,3.0178911685943604
358,188.0,23800.0,0.3902548849582672,-10.694300651550293,1.0678139925003052
359,189.0,23900.0,0.3902548849582672,-10.694300651550293,1.0678139925003052
360,180.0,23000.0,-0.9678560495376588,-9.239224433898926,-0.9959878921508788
361,181.0,23100.0,-0.8200140595436096,-5.89392614364624,2.8125884532928467
362,182.0,23200.0,-0.8200140595436096,-5.89392614364624,2.8125884532928467
363,183.0,23300.0,-2.9502551555633545,-5.127781391143799,3.973177671432495
364,184.0,23400.0,-2.9502551555633545,-5.127781391143799,3.973177671432495
365,185.0,23500.0,-2.7898435592651367,-3.0783448219299316,3.4129345417022705
366,186.0,23600.0,-2.7898435592651367,-3.0783448219299316,3.4129345417022705
367,187.0,23700.0,-3.30699110031128,-7.9613189697265625,3.0178911685943604
368,188.0,23800.0,0.3902548849582672,-10.694300651550293,1.0678139925003052
369,189.0,23900.0,0.3902548849582672,-10.694300651550293,1.0678139925003052
370,190.0,24000.0,1.2318167686462402,-9.361927032470703,1.1061211824417114
371,191.0,24100.0,1.2318167686462402,-9.361927032470703,1.1061211824417114
372,192.0,24200.0,0.12090718746185306,-11.319786071777346,-0.2825157940387726
373,193.0,24300.0,0.12090718746185306,-11.319786071777346,-0.2825157940387726
374,194.0,24400.0,0.900818407535553,-9.381080627441406,-2.0458452701568604
375,195.0,24500.0,0.900818407535553,-9.381080627441406,-2.0458452701568604
376,196.0,24600.0,2.3026235103607178,-10.017339706420898,-2.3953988552093506
377,197.0,24700.0,1.9871873855590816,-13.460800170898438,1.8225860595703125
378,198.0,24800.0,1.9871873855590816,-13.460800170898438,1.8225860595703125
379,199.0,24900.0,2.2619221210479736,-10.016741752624512,0.07661445438861847
380,190.0,24000.0,1.2318167686462402,-9.361927032470703,1.1061211824417114
381,191.0,24100.0,1.2318167686462402,-9.361927032470703,1.1061211824417114
382,192.0,24200.0,0.12090718746185306,-11.319786071777346,-0.2825157940387726
383,193.0,24300.0,0.12090718746185306,-11.319786071777346,-0.2825157940387726
384,194.0,24400.0,0.900818407535553,-9.381080627441406,-2.0458452701568604
385,195.0,24500.0,0.900818407535553,-9.381080627441406,-2.0458452701568604
386,196.0,24600.0,2.3026235103607178,-10.017339706420898,-2.3953988552093506
387,197.0,24700.0,1.9871873855590816,-13.460800170898438,1.8225860595703125
388,198.0,24800.0,1.9871873855590816,-13.460800170898438,1.8225860595703125
389,199.0,24900.0,2.2619221210479736,-10.016741752624512,0.07661445438861847
390,200.0,25000.0,2.2619221210479736,-10.016741752624512,0.07661445438861847
391,201.0,25100.0,-1.9446903467178345,-8.589199066162111,1.5047557353973389
392,202.0,25200.0,-1.9446903467178345,-8.589199066162111,1.5047557353973389
393,203.0,25300.0,-2.4025814533233643,-5.315726280212402,3.598485231399536
394,204.0,25400.0,-2.4025814533233643,-5.315726280212402,3.598485231399536
395,205.0,25500.0,-7.906252384185791,-10.204686164855957,6.949769020080566
396,206.0,25600.0,-2.2122423648834237,-8.600570678710938,4.829703330993652
397,207.0,25700.0,-2.2122423648834237,-8.600570678710938,4.829703330993652
398,208.0,25800.0,-1.0899603366851809,-10.389039993286133,0.5452794432640076
399,209.0,25900.0,-1.0899603366851809,-10.389039993286133,0.5452794432640076
400,200.0,25000.0,2.2619221210479736,-10.016741752624512,0.07661445438861847
401,201.0,25100.0,-1.9446903467178345,-8.589199066162111,1.5047557353973389
402,202.0,25200.0,-1.9446903467178345,-8.589199066162111,1.5047557353973389
403,203.0,25300.0,-2.4025814533233643,-5.315726280212402,3.598485231399536
404,204.0,25400.0,-2.4025814533233643,-5.315726280212402,3.598485231399536
405,205.0,25500.0,-7.906252384185791,-10.204686164855957,6.949769020080566
406,206.0,25600.0,-2.2122423648834237,-8.600570678710938,4.829703330993652
407,207.0,25700.0,-2.2122423648834237,-8.600570678710938,4.829703330993652
408,208.0,25800.0,-1.0899603366851809,-10.389039993286133,0.5452794432640076
409,209.0,25900.0,-1.0899603366851809,-10.389039993286133,0.5452794432640076
410,210.0,26000.0,-0.7272387742996216,-9.167996406555176,-0.5632359385490417
411,211.0,26100.0,-0.7272387742996216,-9.167996406555176,-0.5632359385490417
412,212.0,26200.0,0.5680243372917175,-9.43494987487793,0.4812345504760742
413,213.0,26300.0,0.5680243372917175,-9.43494987487793,0.4812345504760742
414,214.0,26400.0,1.1366472244262695,-9.419387817382812,-0.5668272376060486
415,215.0,26500.0,0.6482301354408264,-9.557653427124023,-1.7495628595352173
416,216.0,26600.0,0.6482301354408264,-9.557653427124023,-1.7495628595352173
417,217.0,26700.0,1.0235211849212646,-9.544485092163086,-1.9291280508041384
418,218.0,26800.0,1.0235211849212646,-9.544485092163086,-1.9291280508041384
419,219.0,26900.0,0.7242460250854492,-9.412205696105957,-2.056020736694336
420,210.0,26000.0,-0.7272387742996216,-9.167996406555176,-0.5632359385490417
421,211.0,26100.0,-0.7272387742996216,-9.167996406555176,-0.5632359385490417
422,212.0,26200.0,0.5680243372917175,-9.43494987487793,0.4812345504760742
423,213.0,26300.0,0.5680243372917175,-9.43494987487793,0.4812345504760742
424,214.0,26400.0,1.1366472244262695,-9.419387817382812,-0.5668272376060486
425,215.0,26500.0,0.6482301354408264,-9.557653427124023,-1.7495628595352173
426,216.0,26600.0,0.6482301354408264,-9.557653427124023,-1.7495628595352173
427,217.0,26700.0,1.0235211849212646,-9.544485092163086,-1.9291280508041384
428,218.0,26800.0,1.0235211849212646,-9.544485092163086,-1.9291280508041384
429,219.0,26900.0,0.7242460250854492,-9.412205696105957,-2.056020736694336
430,220.0,27000.0,0.7242460250854492,-9.412205696105957,-2.056020736694336
431,221.0,27100.0,3.220201253890991,-12.697649002075195,-2.2248120307922363
432,222.0,27200.0,3.220201253890991,-12.697649002075195,-2.2248120307922363
433,223.0,27300.0,-4.7393221855163565,-11.802815437316895,-4.237138271331787
434,224.0,27400.0,-0.8768763542175293,-8.085817337036133,1.8698714971542358
435,225.0,27500.0,-0.8768763542175293,-8.085817337036133,1.8698714971542358
436,226.0,27600.0,-2.141014814376831,-6.297947406768799,2.28287124633789
437,227.0,27700.0,-2.141014814376831,-6.297947406768799,2.28287124633789
438,228.0,27800.0,-4.377199172973634,-5.397727966308594,4.313154220581056
439,229.0,27900.0,-4.377199172973634,-5.397727966308594,4.313154220581056
440,220.0,27000.0,0.7242460250854492,-9.412205696105957,-2.056020736694336
441,221.0,27100.0,3.220201253890991,-12.697649002075195,-2.2248120307922363
442,222.0,27200.0,3.220201253890991,-12.697649002075195,-2.2248120307922363
443,223.0,27300.0,-4.7393221855163565,-11.802815437316895,-4.237138271331787
444,224.0,27400.0,-0.8768763542175293,-8.085817337036133,1.8698714971542358
445,225.0,27500.0,-0.8768763542175293,-8.085817337036133,1.8698714971542358
446,226.0,27600.0,-2.141014814376831,-6.297947406768799,2.28287124633789
447,227.0,27700.0,-2.141014814376831,-6.297947406768799,2.28287124633789
448,228.0,27800.0,-4.377199172973634,-5.397727966308594,4.313154220581056
449,229.0,27900.0,-4.377199172973634,-5.397727966308594,4.313154220581056
450,230.0,28000.0,-3.9821560382843018,-5.789778232574463,4.0743327140808105
451,231.0,28100.0,-3.9821560382843018,-5.789778232574463,4.0743327140808105
452,232.0,28200.0,-4.107851505279541,-6.449979305267334,5.218760967254639
453,233.0,28300.0,-2.1164743900299072,-9.479243278503418,2.542642116546631
454,234.0,28400.0,-2.1164743900299072,-9.479243278503418,2.542642116546631
455,235.0,28500.0,-2.213439464569092,-10.862493515014648,-0.14245499670505524
456,236.0,28600.0,-2.213439464569092,-10.862493515014648,-0.14245499670505524
457,237.0,28700.0,-1.1845313310623171,-10.224438667297363,1.2814964056015017
458,238.0,28800.0,-1.1845313310623171,-10.224438667297363,1.2814964056015017
459,239.0,28900.0,0.4782418012619018,-9.529520988464355,-0.669179379940033
460,230.0,28000.0,-3.9821560382843018,-5.789778232574463,4.0743327140808105
461,231.0,28100.0,-3.9821560382843018,-5.789778232574463,4.0743327140808105
462,232.0,28200.0,-4.107851505279541,-6.449979305267334,5.218760967254639
463,233.0,28300.0,-2.1164743900299072,-9.479243278503418,2.542642116546631
464,234.0,28400.0,-2.1164743900299072,-9.479243278503418,2.542642116546631
465,235.0,28500.0,-2.213439464569092,-10.862493515014648,-0.14245499670505524
466,236.0,28600.0,-2.213439464569092,-10.862493515014648,-0.14245499670505524
467,237.0,28700.0,-1.1845313310623171,-10.224438667297363,1.2814964056015017
468,238.0,28800.0,-1.1845313310623171,-10.224438667297363,1.2814964056015017
469,239.0,28900.0,0.4782418012619018,-9.529520988464355,-0.669179379940033
470,240.0,29000.0,0.4782418012619018,-9.529520988464355,-0.669179379940033
471,241.0,29100.0,0.9091981053352356,-9.479243278503418,-0.5069721937179565
472,242.0,29200.0,1.7974469661712646,-11.606491088867188,-2.6880898475646973
473,243.0,29300.0,1.7974469661712646,-11.606491088867188,-2.6880898475646973
474,244.0,29400.0,-0.3830722570419312,-12.736554145812988,2.761113166809082
475,245.0,29500.0,-0.3830722570419312,-12.736554145812988,2.761113166809082
476,246.0,29600.0,-0.5309142470359802,-9.468469619750977,1.8734627962112433
477,247.0,29700.0,-0.5309142470359802,-9.468469619750977,1.8734627962112433
478,248.0,29800.0,-0.8505401611328125,-6.706159114837647,2.305017709732056
479,249.0,29900.0,-0.8505401611328125,-6.706159114837647,2.305017709732056
480,240.0,29000.0,0.4782418012619018,-9.529520988464355,-0.669179379940033
481,241.0,29100.0,0.9091981053352356,-9.479243278503418,-0.5069721937179565
482,242.0,29200.0,1.7974469661712646,-11.606491088867188,-2.6880898475646973
483,243.0,29300.0,1.7974469661712646,-11.606491088867188,-2.6880898475646973
484,244.0,29400.0,-0.3830722570419312,-12.736554145812988,2.761113166809082
485,245.0,29500.0,-0.3830722570419312,-12.736554145812988,2.761113166809082
486,246.0,29600.0,-0.5309142470359802,-9.468469619750977,1.8734627962112433
487,247.0,29700.0,-0.5309142470359802,-9.468469619750977,1.8734627962112433
488,248.0,29800.0,-0.8505401611328125,-6.706159114837647,2.305017709732056
489,249.0,29900.0,-0.8505401611328125,-6.706159114837647,2.305017709732056
490,250.0,30000.0,-4.183269023895264,-5.395932197570801,3.780444383621216
491,251.0,30100.0,-2.385822057723999,-4.6938323974609375,4.483741283416748
492,252.0,30200.0,-2.385822057723999,-4.6938323974609375,4.483741283416748
493,253.0,30300.0,-4.025251388549806,-6.429628849029541,5.632957935333253
494,254.0,30400.0,-4.025251388549806,-6.429628849029541,5.632957935333253
495,255.0,30500.0,-1.3724761009216309,-9.733627319335938,1.1294646263122559
496,256.0,30600.0,-1.3724761009216309,-9.733627319335938,1.1294646263122559
497,257.0,30700.0,-1.7938556671142578,-9.367314338684082,-0.14784196019172668
498,258.0,30800.0,-1.7938556671142578,-9.367314338684082,-0.14784196019172668
499,259.0,30900.0,1.804031014442444,-10.201094627380373,0.974440097808838
500,250.0,30000.0,-4.183269023895264,-5.395932197570801,3.780444383621216
501,251.0,30100.0,-2.385822057723999,-4.6938323974609375,4.483741283416748
502,252.0,30200.0,-2.385822057723999,-4.6938323974609375,4.483741283416748
503,253.0,30300.0,-4.025251388549806,-6.429628849029541,5.632957935333253
504,254.0,30400.0,-4.025251388549806,-6.429628849029541,5.632957935333253
505,255.0,30500.0,-1.3724761009216309,-9.733627319335938,1.1294646263122559
506,256.0,30600.0,-1.3724761009216309,-9.733627319335938,1.1294646263122559
507,257.0,30700.0,-1.7938556671142578,-9.367314338684082,-0.14784196019172668
508,258.0,30800.0,-1.7938556671142578,-9.367314338684082,-0.14784196019172668
509,259.0,30900.0,1.804031014442444,-10.201094627380373,0.974440097808838
510,260.0,31000.0,0.6769605278968811,-9.485827445983887,-1.0348936319351196
511,261.0,31100.0,0.6769605278968811,-9.485827445983887,-1.0348936319351196
512,262.0,31200.0,1.0295066833496094,-9.258378028869627,-1.1420341730117798
513,263.0,31300.0,1.0295066833496094,-9.258378028869627,-1.1420341730117798
514,264.0,31400.0,2.3499090671539307,-10.792462348937988,-1.6561890840530396
515,265.0,31500.0,2.3499090671539307,-10.792462348937988,-1.6561890840530396
516,266.0,31600.0,1.2030863761901855,-12.056601524353027,2.381632089614868
517,267.0,31700.0,1.2030863761901855,-12.056601524353027,2.381632089614868
518,268.0,31800.0,3.178901195526123,-8.016983985900879,0.21428105235099792
519,269.0,31900.0,0.06404489278793335,-10.107122421264648,-0.3010708689689636
520,260.0,31000.0,0.6769605278968811,-9.485827445983887,-1.0348936319351196
521,261.0,31100.0,0.6769605278968811,-9.485827445983887,-1.0348936319351196
522,262.0,31200.0,1.0295066833496094,-9.258378028869627,-1.1420341730117798
523,263.0,31300.0,1.0295066833496094,-9.258378028869627,-1.1420341730117798
524,264.0,31400.0,2.3499090671539307,-10.792462348937988,-1.6561890840530396
525,265.0,31500.0,2.3499090671539307,-10.792462348937988,-1.6561890840530396
526,266.0,31600.0,1.2030863761901855,-12.056601524353027,2.381632089614868
527,267.0,31700.0,1.2030863761901855,-12.056601524353027,2.381632089614868
528,268.0,31800.0,3.178901195526123,-8.016983985900879,0.21428105235099792
529,269.0,31900.0,0.06404489278793335,-10.107122421264648,-0.3010708689689636
530,270.0,32000.0,0.06404489278793335,-10.107122421264648,-0.3010708689689636
531,271.0,32100.0,1.2306196689605713,-6.7043633460998535,1.4514847993850708
532,272.0,32200.0,1.2306196689605713,-6.7043633460998535,1.4514847993850708
533,273.0,32300.0,-5.613205909729004,-14.973936080932615,2.631826162338257
534,274.0,32400.0,-5.613205909729004,-14.973936080932615,2.631826162338257
535,275.0,32500.0,2.756923198699951,-5.711368083953857,-3.4614171981811523
536,276.0,32600.0,2.756923198699951,-5.711368083953857,-3.4614171981811523
537,277.0,32700.0,1.41257905960083,-10.110713958740234,-2.67372465133667
538,278.0,32800.0,0.4932055473327637,-9.518148422241213,-1.04028058052063
539,279.0,32900.0,0.4932055473327637,-9.518148422241213,-1.04028058052063
540,270.0,32000.0,0.06404489278793335,-10.107122421264648,-0.3010708689689636
541,271.0,32100.0,1.2306196689605713,-6.7043633460998535,1.4514847993850708
542,272.0,32200.0,1.2306196689605713,-6.7043633460998535,1.4514847993850708
543,273.0,32300.0,-5.613205909729004,-14.973936080932615,2.631826162338257
544,274.0,32400.0,-5.613205909729004,-14.973936080932615,2.631826162338257
545,275.0,32500.0,2.756923198699951,-5.711368083953857,-3.4614171981811523
546,276.0,32600.0,2.756923198699951,-5.711368083953857,-3.4614171981811523
547,277.0,32700.0,1.41257905960083,-10.110713958740234,-2.67372465133667
548,278.0,32800.0,0.4932055473327637,-9.518148422241213,-1.04028058052063
549,279.0,32900.0,0.4932055473327637,-9.518148422241213,-1.04028058052063
550,280.0,33000.0,0.6075286865234375,-9.361329078674316,-1.8273744583129885
551,281.0,33100.0,0.6075286865234375,-9.361329078674316,-1.8273744583129885
552,282.0,33200.0,-0.05267243832349777,-10.433332443237305,-1.79146146774292
553,283.0,33300.0,-0.05267243832349777,-10.433332443237305,-1.79146146774292
554,284.0,33400.0,6.5954270362854,-10.797849655151367,3.3662476539611816
555,285.0,33500.0,6.5954270362854,-10.797849655151367,3.3662476539611816
556,286.0,33600.0,0.6901286244392395,-7.994239330291747,0.8774749040603638
557,287.0,33700.0,-1.4610615968704224,-7.569867134094237,0.5171475410461426
558,288.0,33800.0,-1.4610615968704224,-7.569867134094237,0.5171475410461426
559,289.0,33900.0,-0.1646013706922531,-10.052056312561037,3.3877954483032227
560,280.0,33000.0,0.6075286865234375,-9.361329078674316,-1.8273744583129885
561,281.0,33100.0,0.6075286865234375,-9.361329078674316,-1.8273744583129885
562,282.0,33200.0,-0.05267243832349777,-10.433332443237305,-1.79146146774292
563,283.0,33300.0,-0.05267243832349777,-10.433332443237305,-1.79146146774292
564,284.0,33400.0,6.5954270362854,-10.797849655151367,3.3662476539611816
565,285.0,33500.0,6.5954270362854,-10.797849655151367,3.3662476539611816
566,286.0,33600.0,0.6901286244392395,-7.994239330291747,0.8774749040603638
567,287.0,33700.0,-1.4610615968704224,-7.569867134094237,0.5171475410461426
568,288.0,33800.0,-1.4610615968704224,-7.569867134094237,0.5171475410461426
569,289.0,33900.0,-0.1646013706922531,-10.052056312561037,3.3877954483032227
570,290.0,34000.0,-0.1646013706922531,-10.052056312561037,3.3877954483032227
571,291.0,34100.0,-1.2282254695892334,-6.503250598907473,-1.071405291557312
572,292.0,34200.0,-1.2282254695892334,-6.503250598907473,-1.071405291557312
573,293.0,34300.0,2.909553527832032,-9.137471199035645,-0.22026655077934265
574,294.0,34400.0,2.909553527832032,-9.137471199035645,-0.22026655077934265
575,295.0,34500.0,0.19572599232196808,-9.627084732055664,-3.3028011322021484
576,296.0,34600.0,-0.9816226959228516,-9.13926601409912,-1.4616601467132568
577,297.0,34700.0,-0.9816226959228516,-9.13926601409912,-1.4616601467132568
578,298.0,34800.0,-0.1538274586200714,-9.387065887451172,-1.2647370100021362
579,299.0,34900.0,-0.1538274586200714,-9.387065887451172,-1.2647370100021362
580,290.0,34000.0,-0.1646013706922531,-10.052056312561037,3.3877954483032227
581,291.0,34100.0,-1.2282254695892334,-6.503250598907473,-1.071405291557312
582,292.0,34200.0,-1.2282254695892334,-6.503250598907473,-1.071405291557312
583,293.0,34300.0,2.909553527832032,-9.137471199035645,-0.22026655077934265
584,294.0,34400.0,2.909553527832032,-9.137471199035645,-0.22026655077934265
585,295.0,34500.0,0.19572599232196808,-9.627084732055664,-3.3028011322021484
586,296.0,34600.0,-0.9816226959228516,-9.13926601409912,-1.4616601467132568
587,297.0,34700.0,-0.9816226959228516,-9.13926601409912,-1.4616601467132568
588,298.0,34800.0,-0.1538274586200714,-9.387065887451172,-1.2647370100021362
589,299.0,34900.0,-0.1538274586200714,-9.387065887451172,-1.2647370100021362
590,300.0,35000.0,0.497395396232605,-10.277111053466797,-2.516305923461914
591,301.0,35100.0,0.497395396232605,-10.277111053466797,-2.516305923461914
592,302.0,35200.0,-0.5225345492362976,-13.404537200927734,-1.282094955444336
593,303.0,35300.0,-0.5225345492362976,-13.404537200927734,-1.282094955444336
594,304.0,35400.0,1.8100165128707888,-10.644620895385742,0.30945056676864624
595,305.0,35500.0,-0.5057750940322876,-9.617507934570312,2.0458452701568604
596,306.0,35600.0,-0.5057750940322876,-9.617507934570312,2.0458452701568604
597,307.0,35700.0,-2.2571337223052983,-2.739565372467041,1.6813281774520874
598,308.0,35800.0,-2.2571337223052983,-2.739565372467041,1.6813281774520874
599,309.0,35900.0,-4.032433986663818,-8.699332237243652,6.446986675262451
600,300.0,35000.0,0.497395396232605,-10.277111053466797,-2.516305923461914
601,301.0,35100.0,0.497395396232605,-10.277111053466797,-2.516305923461914
602,302.0,35200.0,-0.5225345492362976,-13.404537200927734,-1.282094955444336
603,303.0,35300.0,-0.5225345492362976,-13.404537200927734,-1.282094955444336
604,304.0,35400.0,1.8100165128707888,-10.644620895385742,0.30945056676864624
605,305.0,35500.0,-0.5057750940322876,-9.617507934570312,2.0458452701568604
606,306.0,35600.0,-0.5057750940322876,-9.617507934570312,2.0458452701568604
607,307.0,35700.0,-2.2571337223052983,-2.739565372467041,1.6813281774520874
608,308.0,35800.0,-2.2571337223052983,-2.739565372467041,1.6813281774520874
609,309.0,35900.0,-4.032433986663818,-8.699332237243652,6.446986675262451
610,310.0,36000.0,-4.032433986663818,-8.699332237243652,6.446986675262451
611,311.0,36100.0,-2.2002713680267334,-9.040505409240724,4.3179426193237305
612,312.0,36200.0,-2.2002713680267334,-9.040505409240724,4.3179426193237305
613,313.0,36300.0,0.7906851172447205,-11.86386775970459,-1.006163239479065
614,314.0,36400.0,-0.30226796865463257,-8.132504463195799,0.7930793166160583
615,315.0,36500.0,-0.30226796865463257,-8.132504463195799,0.7930793166160583
616,316.0,36600.0,1.0067617893218994,-10.188525199890137,-0.8481459617614746
617,317.0,36700.0,1.0067617893218994,-10.188525199890137,-0.8481459617614746
618,318.0,36800.0,0.6877344250679016,-9.34037971496582,-1.280897855758667
619,319.0,36900.0,0.6877344250679016,-9.34037971496582,-1.280897855758667
620,310.0,36000.0,-4.032433986663818,-8.699332237243652,6.446986675262451
621,311.0,36100.0,-2.2002713680267334,-9.040505409240724,4.3179426193237305
622,312.0,36200.0,-2.2002713680267334,-9.040505409240724,4.3179426193237305
623,313.0,36300.0,0.7906851172447205,-11.86386775970459,-1.006163239479065
624,314.0,36400.0,-0.30226796865463257,-8.132504463195799,0.7930793166160583
625,315.0,36500.0,-0.30226796865463257,-8.132504463195799,0.7930793166160583
626,316.0,36600.0,1.0067617893218994,-10.188525199890137,-0.8481459617614746
627,317.0,36700.0,1.0067617893218994,-10.188525199890137,-0.8481459617614746
628,318.0,36800.0,0.6877344250679016,-9.34037971496582,-1.280897855758667
629,319.0,36900.0,0.6877344250679016,-9.34037971496582,-1.280897855758667
630,320.0,37000.0,1.368884801864624,-9.461885452270508,-1.513733983039856
631,321.0,37100.0,1.368884801864624,-9.461885452270508,-1.513733983039856
632,322.0,37200.0,0.5165489912033081,-10.22144603729248,-1.1336544752120972
633,323.0,37300.0,1.380257248878479,-12.673707008361815,-0.4219780564308167
634,324.0,37400.0,1.380257248878479,-12.673707008361815,-0.4219780564308167
635,325.0,37500.0,1.3850456476211548,-9.518148422241213,-0.2352303117513657
636,326.0,37600.0,1.3850456476211548,-9.518148422241213,-0.2352303117513657
637,327.0,37700.0,-2.0207061767578125,-10.305242538452148,2.7551276683807373
638,328.0,37800.0,-2.0207061767578125,-10.305242538452148,2.7551276683807373
639,329.0,37900.0,-1.4700398445129397,-4.544793605804443,3.355473756790161
640,320.0,37000.0,1.368884801864624,-9.461885452270508,-1.513733983039856
641,321.0,37100.0,1.368884801864624,-9.461885452270508,-1.513733983039856
642,322.0,37200.0,0.5165489912033081,-10.22144603729248,-1.1336544752120972
643,323.0,37300.0,1.380257248878479,-12.673707008361815,-0.4219780564308167
644,324.0,37400.0,1.380257248878479,-12.673707008361815,-0.4219780564308167
645,325.0,37500.0,1.3850456476211548,-9.518148422241213,-0.2352303117513657
646,326.0,37600.0,1.3850456476211548,-9.518148422241213,-0.2352303117513657
647,327.0,37700.0,-2.0207061767578125,-10.305242538452148,2.7551276683807373
648,328.0,37800.0,-2.0207061767578125,-10.305242538452148,2.7551276683807373
649,329.0,37900.0,-1.4700398445129397,-4.544793605804443,3.355473756790161
650,330.0,38000.0,-1.4700398445129397,-4.544793605804443,3.355473756790161
651,331.0,38100.0,-4.1820716857910165,-5.74249267578125,4.623802185058594
652,332.0,38200.0,-4.1820716857910165,-5.74249267578125,4.623802185058594
653,333.0,38300.0,-3.7229835987091056,-6.592434406280518,4.251503467559815
654,334.0,38400.0,-3.9151182174682617,-6.952761650085449,5.10383939743042
655,335.0,38500.0,-3.9151182174682617,-6.952761650085449,5.10383939743042
656,336.0,38600.0,-1.6735470294952393,-9.608530044555664,1.677138328552246
657,337.0,38700.0,-1.6735470294952393,-9.608530044555664,1.677138328552246
658,338.0,38800.0,-2.784456491470337,-10.70327854156494,-0.586579442024231
659,339.0,38900.0,-2.784456491470337,-10.70327854156494,-0.586579442024231
660,330.0,38000.0,-1.4700398445129397,-4.544793605804443,3.355473756790161
661,331.0,38100.0,-4.1820716857910165,-5.74249267578125,4.623802185058594
662,332.0,38200.0,-4.1820716857910165,-5.74249267578125,4.623802185058594
663,333.0,38300.0,-3.7229835987091056,-6.592434406280518,4.251503467559815
664,334.0,38400.0,-3.9151182174682617,-6.952761650085449,5.10383939743042
665,335.0,38500.0,-3.9151182174682617,-6.952761650085449,5.10383939743042
666,336.0,38600.0,-1.6735470294952393,-9.608530044555664,1.677138328552246
667,337.0,38700.0,-1.6735470294952393,-9.608530044555664,1.677138328552246
668,338.0,38800.0,-2.784456491470337,-10.70327854156494,-0.586579442024231
669,339.0,38900.0,-2.784456491470337,-10.70327854156494,-0.586579442024231
670,340.0,39000.0,0.008379706181585789,-9.276334762573242,0.061650693416595466
671,341.0,39100.0,0.7709329724311829,-9.45410442352295,-0.9331400990486144
672,342.0,39200.0,0.7709329724311829,-9.45410442352295,-0.9331400990486144
673,343.0,39300.0,0.5422866940498352,-8.99860668182373,-1.909974455833435
674,344.0,39400.0,0.5422866940498352,-8.99860668182373,-1.909974455833435
675,345.0,39500.0,1.6956933736801147,-10.97382354736328,-2.4839842319488525
676,346.0,39600.0,1.6956933736801147,-10.97382354736328,-2.4839842319488525
677,347.0,39700.0,-0.5231330990791321,-10.925939559936523,1.9231425523757928
678,348.0,39800.0,-0.5231330990791321,-10.925939559936523,1.9231425523757928
679,349.0,39900.0,2.2014684677124023,-10.919954299926758,2.3600842952728267
680,340.0,39000.0,0.008379706181585789,-9.276334762573242,0.061650693416595466
681,341.0,39100.0,0.7709329724311829,-9.45410442352295,-0.9331400990486144
682,342.0,39200.0,0.7709329724311829,-9.45410442352295,-0.9331400990486144
683,343.0,39300.0,0.5422866940498352,-8.99860668182373,-1.909974455833435
684,344.0,39400.0,0.5422866940498352,-8.99860668182373,-1.909974455833435
685,345.0,39500.0,1.6956933736801147,-10.97382354736328,-2.4839842319488525
686,346.0,39600.0,1.6956933736801147,-10.97382354736328,-2.4839842319488525
687,347.0,39700.0,-0.5231330990791321,-10.925939559936523,1.9231425523757928
688,348.0,39800.0,-0.5231330990791321,-10.925939559936523,1.9231425523757928
689,349.0,39900.0,2.2014684677124023,-10.919954299926758,2.3600842952728267
690,350.0,40000.0,2.2014684677124023,-10.919954299926758,2.3600842952728267
691,351.0,40100.0,-1.5490485429763794,-8.536525726318361,0.5907692909240723
692,352.0,40200.0,-1.367687702178955,-3.731961965560913,3.0089130401611333
693,353.0,40300.0,-1.367687702178955,-3.731961965560913,3.0089130401611333
694,354.0,40400.0,-3.75291109085083,-6.089652061462402,4.225766181945802
695,355.0,40500.0,-3.75291109085083,-6.089652061462402,4.225766181945802
696,356.0,40600.0,-0.07900865375995636,-10.583568572998047,1.7830817699432373
697,357.0,40700.0,-0.07900865375995636,-10.583568572998047,1.7830817699432373
698,358.0,40800.0,-2.1793220043182373,-9.682151794433594,-0.38486793637275696
699,359.0,40900.0,-2.1793220043182373,-9.682151794433594,-0.38486793637275696
700,350.0,40000.0,2.2014684677124023,-10.919954299926758,2.3600842952728267
701,351.0,40100.0,-1.5490485429763794,-8.536525726318361,0.5907692909240723
702,352.0,40200.0,-1.367687702178955,-3.731961965560913,3.0089130401611333
703,353.0,40300.0,-1.367687702178955,-3.731961965560913,3.0089130401611333
704,354.0,40400.0,-3.75291109085083,-6.089652061462402,4.225766181945802
705,355.0,40500.0,-3.75291109085083,-6.089652061462402,4.225766181945802
706,356.0,40600.0,-0.07900865375995636,-10.583568572998047,1.7830817699432373
707,357.0,40700.0,-0.07900865375995636,-10.583568572998047,1.7830817699432373
708,358.0,40800.0,-2.1793220043182373,-9.682151794433594,-0.38486793637275696
709,359.0,40900.0,-2.1793220043182373,-9.682151794433594,-0.38486793637275696
710,360.0,41000.0,-0.10594342648983003,-8.600570678710938,-0.4267664551734924
711,361.0,41100.0,-0.8547300100326538,-10.95885944366455,-1.3491326570510864
712,362.0,41200.0,-0.8547300100326538,-10.95885944366455,-1.3491326570510864
713,363.0,41300.0,0.3447650372982025,-9.986215591430664,0.02274491637945175
714,364.0,41400.0,0.3447650372982025,-9.986215591430664,0.02274491637945175
715,365.0,41500.0,-0.9750386476516724,-10.075998306274414,-0.0005985504249110818
716,366.0,41600.0,-0.9750386476516724,-10.075998306274414,-0.0005985504249110818
717,367.0,41700.0,1.4155718088150024,-9.723451614379883,-2.7515363693237305
718,368.0,41800.0,1.4155718088150024,-9.723451614379883,-2.7515363693237305
719,369.0,41900.0,0.042497079819440835,-11.053430557250977,0.8367735147476196
720,360.0,41000.0,-0.10594342648983003,-8.600570678710938,-0.4267664551734924
721,361.0,41100.0,-0.8547300100326538,-10.95885944366455,-1.3491326570510864
722,362.0,41200.0,-0.8547300100326538,-10.95885944366455,-1.3491326570510864
723,363.0,41300.0,0.3447650372982025,-9.986215591430664,0.02274491637945175
724,364.0,41400.0,0.3447650372982025,-9.986215591430664,0.02274491637945175
725,365.0,41500.0,-0.9750386476516724,-10.075998306274414,-0.0005985504249110818
726,366.0,41600.0,-0.9750386476516724,-10.075998306274414,-0.0005985504249110818
727,367.0,41700.0,1.4155718088150024,-9.723451614379883,-2.7515363693237305
728,368.0,41800.0,1.4155718088150024,-9.723451614379883,-2.7515363693237305
729,369.0,41900.0,0.042497079819440835,-11.053430557250977,0.8367735147476196
730,370.0,42000.0,3.2603042125701904,-9.285911560058594,-0.16220717132091522
731,371.0,42100.0,3.2603042125701904,-9.285911560058594,-0.16220717132091522
732,372.0,42200.0,0.09217676520347597,-7.844003200531006,1.18094003200531
733,373.0,42300.0,0.09217676520347597,-7.844003200531006,1.18094003200531
734,374.0,42400.0,-2.9885623455047607,-4.251503467559815,3.93367338180542
735,375.0,42500.0,-2.9885623455047607,-4.251503467559815,3.93367338180542
736,376.0,42600.0,-4.386775970458984,-6.294356346130371,6.144718647003174
737,377.0,42700.0,-4.386775970458984,-6.294356346130371,6.144718647003174
738,378.0,42800.0,-1.37906014919281,-10.782885551452637,4.253897666931152
739,379.0,42900.0,-0.6470330357551575,-11.537059783935547,1.103128433227539
740,370.0,42000.0,3.2603042125701904,-9.285911560058594,-0.16220717132091522
741,371.0,42100.0,3.2603042125701904,-9.285911560058594,-0.16220717132091522
742,372.0,42200.0,0.09217676520347597,-7.844003200531006,1.18094003200531
743,373.0,42300.0,0.09217676520347597,-7.844003200531006,1.18094003200531
744,374.0,42400.0,-2.9885623455047607,-4.251503467559815,3.93367338180542
745,375.0,42500.0,-2.9885623455047607,-4.251503467559815,3.93367338180542
746,376.0,42600.0,-4.386775970458984,-6.294356346130371,6.144718647003174
747,377.0,42700.0,-4.386775970458984,-6.294356346130371,6.144718647003174
748,378.0,42800.0,-1.37906014919281,-10.782885551452637,4.253897666931152
749,379.0,42900.0,-0.6470330357551575,-11.537059783935547,1.103128433227539
750,380.0,43000.0,-0.6470330357551575,-11.537059783935547,1.103128433227539
751,381.0,43100.0,-0.6859387755393982,-9.436745643615724,1.0558429956436155
752,382.0,43200.0,-0.6859387755393982,-9.436745643615724,1.0558429956436155
753,383.0,43300.0,1.7393875122070312,-9.051877975463867,-0.7918822169303894
754,384.0,43400.0,1.7393875122070312,-9.051877975463867,-0.7918822169303894
755,385.0,43500.0,1.261744260787964,-10.503961563110352,-1.2838906049728394
756,386.0,43600.0,1.261744260787964,-10.503961563110352,-1.2838906049728394
757,387.0,43700.0,0.8044517636299133,-10.311227798461914,-1.2437877655029297
758,388.0,43800.0,0.9469067454338074,-9.570821762084961,-1.432929754257202
759,389.0,43900.0,0.9469067454338074,-9.570821762084961,-1.432929754257202
760,380.0,43000.0,-0.6470330357551575,-11.537059783935547,1.103128433227539
761,381.0,43100.0,-0.6859387755393982,-9.436745643615724,1.0558429956436155
762,382.0,43200.0,-0.6859387755393982,-9.436745643615724,1.0558429956436155
763,383.0,43300.0,1.7393875122070312,-9.051877975463867,-0.7918822169303894
764,384.0,43400.0,1.7393875122070312,-9.051877975463867,-0.7918822169303894
765,385.0,43500.0,1.261744260787964,-10.503961563110352,-1.2838906049728394
766,386.0,43600.0,1.261744260787964,-10.503961563110352,-1.2838906049728394
767,387.0,43700.0,0.8044517636299133,-10.311227798461914,-1.2437877655029297
768,388.0,43800.0,0.9469067454338074,-9.570821762084961,-1.432929754257202
769,389.0,43900.0,0.9469067454338074,-9.570821762084961,-1.432929754257202
770,390.0,44000.0,2.321777105331421,-10.904990196228027,-2.6126725673675537
771,391.0,44100.0,2.321777105331421,-10.904990196228027,-2.6126725673675537
772,392.0,44200.0,-0.18734627962112427,-11.775880813598633,2.9071593284606934
773,393.0,44300.0,-0.18734627962112427,-11.775880813598633,2.9071593284606934
774,394.0,44400.0,1.240795016288757,-8.886677742004395,3.3895909786224365
775,395.0,44500.0,1.240795016288757,-8.886677742004395,3.3895909786224365
776,396.0,44600.0,-0.7314286231994629,-6.862978935241699,1.6855180263519287
777,397.0,44700.0,-2.1260511875152592,-5.025429248809815,5.234323501586914
778,398.0,44800.0,-2.1260511875152592,-5.025429248809815,5.234323501586914
779,399.0,44900.0,-9.563638687133787,-10.215459823608398,8.87171459197998
780,390.0,44000.0,2.321777105331421,-10.904990196228027,-2.6126725673675537
781,391.0,44100.0,2.321777105331421,-10.904990196228027,-2.6126725673675537
782,392.0,44200.0,-0.18734627962112427,-11.775880813598633,2.9071593284606934
783,393.0,44300.0,-0.18734627962112427,-11.775880813598633,2.9071593284606934
784,394.0,44400.0,1.240795016288757,-8.886677742004395,3.3895909786224365
785,395.0,44500.0,1.240795016288757,-8.886677742004395,3.3895909786224365
786,396.0,44600.0,-0.7314286231994629,-6.862978935241699,1.6855180263519287
787,397.0,44700.0,-2.1260511875152592,-5.025429248809815,5.234323501586914
788,398.0,44800.0,-2.1260511875152592,-5.025429248809815,5.234323501586914
789,399.0,44900.0,-9.563638687133787,-10.215459823608398,8.87171459197998
790,400.0,45000.0,-9.563638687133787,-10.215459823608398,8.87171459197998
791,401.0,45100.0,-2.962824583053589,-6.7504515647888175,4.939836502075195
792,402.0,45200.0,-2.962824583053589,-6.7504515647888175,4.939836502075195
793,403.0,45300.0,-0.608127236366272,-10.412981986999512,3.140594005584717
794,404.0,45400.0,-0.608127236366272,-10.412981986999512,3.140594005584717
795,405.0,45500.0,-2.3343467712402344,-10.934319496154783,-0.5716156363487244
796,406.0,45600.0,-1.3862427473068235,-10.177152633666992,-0.021547814831137657
797,407.0,45700.0,-1.3862427473068235,-10.177152633666992,-0.021547814831137657
798,408.0,45800.0,0.8038532137870789,-8.950124740600586,-1.268328309059143
799,409.0,45900.0,0.8038532137870789,-8.950124740600586,-1.268328309059143
800,400.0,45000.0,-9.563638687133787,-10.215459823608398,8.87171459197998
801,401.0,45100.0,-2.962824583053589,-6.7504515647888175,4.939836502075195
802,402.0,45200.0,-2.962824583053589,-6.7504515647888175,4.939836502075195
803,403.0,45300.0,-0.608127236366272,-10.412981986999512,3.140594005584717
804,404.0,45400.0,-0.608127236366272,-10.412981986999512,3.140594005584717
805,405.0,45500.0,-2.3343467712402344,-10.934319496154783,-0.5716156363487244
806,406.0,45600.0,-1.3862427473068235,-10.177152633666992,-0.021547814831137657
807,407.0,45700.0,-1.3862427473068235,-10.177152633666992,-0.021547814831137657
808,408.0,45800.0,0.8038532137870789,-8.950124740600586,-1.268328309059143
809,409.0,45900.0,0.8038532137870789,-8.950124740600586,-1.268328309059143
810,410.0,46000.0,1.116895079612732,-10.674548149108887,-1.3479355573654177
811,411.0,46100.0,1.116895079612732,-10.674548149108887,-1.3479355573654177
812,412.0,46200.0,0.11013327538967133,-12.04463005065918,4.146158695220946
813,413.0,46300.0,0.11013327538967133,-12.04463005065918,4.146158695220946
814,414.0,46400.0,-0.4746504724025726,-9.874286651611328,3.7493197917938232
815,415.0,46500.0,-0.9654618501663208,-8.652046203613281,1.7735048532485962
816,416.0,46600.0,-0.9654618501663208,-8.652046203613281,1.7735048532485962
817,417.0,46700.0,-1.9027918577194207,-4.321534156799316,3.766677856445313
818,418.0,46800.0,-1.9027918577194207,-4.321534156799316,3.766677856445313
819,419.0,46900.0,-1.631049871444702,-3.3057940006256104,5.215169906616211
820,410.0,46000.0,1.116895079612732,-10.674548149108887,-1.3479355573654177
821,411.0,46100.0,1.116895079612732,-10.674548149108887,-1.3479355573654177
822,412.0,46200.0,0.11013327538967133,-12.04463005065918,4.146158695220946
823,413.0,46300.0,0.11013327538967133,-12.04463005065918,4.146158695220946
824,414.0,46400.0,-0.4746504724025726,-9.874286651611328,3.7493197917938232
825,415.0,46500.0,-0.9654618501663208,-8.652046203613281,1.7735048532485962
826,416.0,46600.0,-0.9654618501663208,-8.652046203613281,1.7735048532485962
827,417.0,46700.0,-1.9027918577194207,-4.321534156799316,3.766677856445313
828,418.0,46800.0,-1.9027918577194207,-4.321534156799316,3.766677856445313
829,419.0,46900.0,-1.631049871444702,-3.3057940006256104,5.215169906616211
830,420.0,47000.0,-1.631049871444702,-3.3057940006256104,5.215169906616211
831,421.0,47100.0,-2.9712042808532715,-9.856928825378418,0.008379706181585789
832,422.0,47200.0,-2.9712042808532715,-9.856928825378418,0.008379706181585789
833,423.0,47300.0,-1.2234370708465576,-10.270526885986328,0.3597288131713867
834,424.0,47400.0,2.401384353637696,-8.550890922546388,-0.37828385829925537
835,425.0,47500.0,2.401384353637696,-8.550890922546388,-0.37828385829925537
836,426.0,47600.0,3.490746021270752,-8.329427719116211,-3.846285104751587
837,427.0,47700.0,3.490746021270752,-8.329427719116211,-3.846285104751587
838,428.0,47800.0,1.8986018896102903,-9.56483554840088,-3.160346269607544
839,429.0,47900.0,1.8986018896102903,-9.56483554840088,-3.160346269607544
840,420.0,47000.0,-1.631049871444702,-3.3057940006256104,5.215169906616211
841,421.0,47100.0,-2.9712042808532715,-9.856928825378418,0.008379706181585789
842,422.0,47200.0,-2.9712042808532715,-9.856928825378418,0.008379706181585789
843,423.0,47300.0,-1.2234370708465576,-10.270526885986328,0.3597288131713867
844,424.0,47400.0,2.401384353637696,-8.550890922546388,-0.37828385829925537
845,425.0,47500.0,2.401384353637696,-8.550890922546388,-0.37828385829925537
846,426.0,47600.0,3.490746021270752,-8.329427719116211,-3.846285104751587
847,427.0,47700.0,3.490746021270752,-8.329427719116211,-3.846285104751587
848,428.0,47800.0,1.8986018896102903,-9.56483554840088,-3.160346269607544
849,429.0,47900.0,1.8986018896102903,-9.56483554840088,-3.160346269607544
850,430.0,48000.0,-1.4233529567718506,-11.209053993225098,-0.9911994934082032
851,431.0,48100.0,-1.4233529567718506,-11.209053993225098,-0.9911994934082032
852,432.0,48200.0,3.751115560531616,-10.887033462524414,0.9804255962371826
853,433.0,48300.0,1.6944962739944458,-8.206725120544434,1.6645687818527222
854,434.0,48400.0,1.6944962739944458,-8.206725120544434,1.6645687818527222
855,435.0,48500.0,-1.5083470344543457,-8.142680168151855,1.1863269805908203
856,436.0,48600.0,-1.5083470344543457,-8.142680168151855,1.1863269805908203
857,437.0,48700.0,-2.162562608718872,-10.183736801147461,4.942230701446533
858,438.0,48800.0,-2.162562608718872,-10.183736801147461,4.942230701446533
859,439.0,48900.0,-2.5683798789978027,-7.408258438110352,1.9291280508041384
860,430.0,48000.0,-1.4233529567718506,-11.209053993225098,-0.9911994934082032
861,431.0,48100.0,-1.4233529567718506,-11.209053993225098,-0.9911994934082032
862,432.0,48200.0,3.751115560531616,-10.887033462524414,0.9804255962371826
863,433.0,48300.0,1.6944962739944458,-8.206725120544434,1.6645687818527222
864,434.0,48400.0,1.6944962739944458,-8.206725120544434,1.6645687818527222
865,435.0,48500.0,-1.5083470344543457,-8.142680168151855,1.1863269805908203
866,436.0,48600.0,-1.5083470344543457,-8.142680168151855,1.1863269805908203
867,437.0,48700.0,-2.162562608718872,-10.183736801147461,4.942230701446533
868,438.0,48800.0,-2.162562608718872,-10.183736801147461,4.942230701446533
869,439.0,48900.0,-2.5683798789978027,-7.408258438110352,1.9291280508041384
870,440.0,49000.0,-2.5683798789978027,-7.408258438110352,1.9291280508041384
871,441.0,49100.0,-0.5662286877632141,-9.306262016296387,-0.7858967185020447
872,442.0,49200.0,1.2144588232040403,-9.349357604980467,-2.0584149360656743
873,443.0,49300.0,1.2144588232040403,-9.349357604980467,-2.0584149360656743
874,444.0,49400.0,1.4838064908981323,-9.594164848327637,-2.218826532363892
875,445.0,49500.0,1.4838064908981323,-9.594164848327637,-2.218826532363892
876,446.0,49600.0,1.1647791862487793,-9.761758804321287,-1.823184609413147
877,447.0,49700.0,1.1647791862487793,-9.761758804321287,-1.823184609413147
878,448.0,49800.0,1.1174936294555664,-10.987589836120604,4.159327030181885
879,449.0,49900.0,1.1174936294555664,-10.987589836120604,4.159327030181885
880,440.0,49000.0,-2.5683798789978027,-7.408258438110352,1.9291280508041384
881,441.0,49100.0,-0.5662286877632141,-9.306262016296387,-0.7858967185020447
882,442.0,49200.0,1.2144588232040403,-9.349357604980467,-2.0584149360656743
883,443.0,49300.0,1.2144588232040403,-9.349357604980467,-2.0584149360656743
884,444.0,49400.0,1.4838064908981323,-9.594164848327637,-2.218826532363892
885,445.0,49500.0,1.4838064908981323,-9.594164848327637,-2.218826532363892
886,446.0,49600.0,1.1647791862487793,-9.761758804321287,-1.823184609413147
887,447.0,49700.0,1.1647791862487793,-9.761758804321287,-1.823184609413147
888,448.0,49800.0,1.1174936294555664,-10.987589836120604,4.159327030181885
889,449.0,49900.0,1.1174936294555664,-10.987589836120604,4.159327030181885
890,450.0,50000.0,0.646434485912323,-11.208455085754396,-0.5961562395095825
891,451.0,50100.0,-0.8750807046890259,-5.39293909072876,1.8974047899246216
892,452.0,50200.0,-0.8750807046890259,-5.39293909072876,1.8974047899246216
893,453.0,50300.0,-4.908711910247803,-6.758233070373535,4.684854030609131
894,454.0,50400.0,-4.908711910247803,-6.758233070373535,4.684854030609131
895,455.0,50500.0,-2.430713176727295,-9.687539100646973,6.894702434539795
896,456.0,50600.0,-2.430713176727295,-9.687539100646973,6.894702434539795
897,457.0,50700.0,-0.3124433159828186,-11.73697566986084,0.5261258482933044
898,458.0,50800.0,-0.3124433159828186,-11.73697566986084,0.5261258482933044
899,459.0,50900.0,-1.2539631128311155,-8.846575736999512,-1.6041151285171509
900,450.0,50000.0,0.646434485912323,-11.208455085754396,-0.5961562395095825
901,451.0,50100.0,-0.8750807046890259,-5.39293909072876,1.8974047899246216
902,452.0,50200.0,-0.8750807046890259,-5.39293909072876,1.8974047899246216
903,453.0,50300.0,-4.908711910247803,-6.758233070373535,4.684854030609131
904,454.0,50400.0,-4.908711910247803,-6.758233070373535,4.684854030609131
905,455.0,50500.0,-2.430713176727295,-9.687539100646973,6.894702434539795
906,456.0,50600.0,-2.430713176727295,-9.687539100646973,6.894702434539795
907,457.0,50700.0,-0.3124433159828186,-11.73697566986084,0.5261258482933044
908,458.0,50800.0,-0.3124433159828186,-11.73697566986084,0.5261258482933044
909,459.0,50900.0,-1.2539631128311155,-8.846575736999512,-1.6041151285171509
910,460.0,51000.0,1.702277421951294,-9.55166721343994,-0.090979665517807
911,461.0,51100.0,1.702277421951294,-9.55166721343994,-0.090979665517807
912,462.0,51200.0,1.6819267272949219,-9.710882186889648,0.07661445438861847
913,463.0,51300.0,1.6819267272949219,-9.710882186889648,0.07661445438861847
914,464.0,51400.0,1.447893500328064,-8.752602577209473,-1.5795745849609375
915,465.0,51500.0,1.447893500328064,-8.752602577209473,-1.5795745849609375
916,466.0,51600.0,1.403002142906189,-11.722610473632812,-2.565985679626465
917,467.0,51700.0,1.403002142906189,-11.722610473632812,-2.565985679626465
918,468.0,51800.0,-1.6035165786743164,-11.871050834655762,-0.05925649031996728
919,469.0,51900.0,-0.5955576896667479,-10.273519515991213,-1.958456993103028
920,460.0,51000.0,1.702277421951294,-9.55166721343994,-0.090979665517807
921,461.0,51100.0,1.702277421951294,-9.55166721343994,-0.090979665517807
922,462.0,51200.0,1.6819267272949219,-9.710882186889648,0.07661445438861847
923,463.0,51300.0,1.6819267272949219,-9.710882186889648,0.07661445438861847
924,464.0,51400.0,1.447893500328064,-8.752602577209473,-1.5795745849609375
925,465.0,51500.0,1.447893500328064,-8.752602577209473,-1.5795745849609375
926,466.0,51600.0,1.403002142906189,-11.722610473632812,-2.565985679626465
927,467.0,51700.0,1.403002142906189,-11.722610473632812,-2.565985679626465
928,468.0,51800.0,-1.6035165786743164,-11.871050834655762,-0.05925649031996728
929,469.0,51900.0,-0.5955576896667479,-10.273519515991213,-1.958456993103028
930,470.0,52000.0,-0.5955576896667479,-10.273519515991213,-1.958456993103028
931,471.0,52100.0,-0.09816227108240128,-6.159682273864746,0.11971008777618407
932,472.0,52200.0,-0.09816227108240128,-6.159682273864746,0.11971008777618407
933,473.0,52300.0,-0.5776011347770691,-2.851494312286377,3.654150247573853
934,474.0,52400.0,-0.5776011347770691,-2.851494312286377,3.654150247573853
935,475.0,52500.0,-1.6585832834243774,-11.705251693725586,4.502296447753906
936,476.0,52600.0,-1.6585832834243774,-11.705251693725586,4.502296447753906
937,477.0,52700.0,-1.918952703475952,-9.945513725280762,0.9564836025238036
938,478.0,52800.0,1.0211269855499268,-9.100958824157717,-0.9235633015632628
939,479.0,52900.0,1.0211269855499268,-9.100958824157717,-0.9235633015632628
940,470.0,52000.0,-0.5955576896667479,-10.273519515991213,-1.958456993103028
941,471.0,52100.0,-0.09816227108240128,-6.159682273864746,0.11971008777618407
942,472.0,52200.0,-0.09816227108240128,-6.159682273864746,0.11971008777618407
943,473.0,52300.0,-0.5776011347770691,-2.851494312286377,3.654150247573853
944,474.0,52400.0,-0.5776011347770691,-2.851494312286377,3.654150247573853
945,475.0,52500.0,-1.6585832834243774,-11.705251693725586,4.502296447753906
946,476.0,52600.0,-1.6585832834243774,-11.705251693725586,4.502296447753906
947,477.0,52700.0,-1.918952703475952,-9.945513725280762,0.9564836025238036
948,478.0,52800.0,1.0211269855499268,-9.100958824157717,-0.9235633015632628
949,479.0,52900.0,1.0211269855499268,-9.100958824157717,-0.9235633015632628
950,480.0,53000.0,1.0330979824066162,-9.818022727966307,-0.1430535465478897
951,481.0,53100.0,1.0330979824066162,-9.818022727966307,-0.1430535465478897
952,482.0,53200.0,5.859808444976808,-9.560646057128906,0.4842272996902466
953,483.0,53300.0,5.859808444976808,-9.560646057128906,0.4842272996902466
954,484.0,53400.0,0.6272808313369751,-9.349357604980467,-1.2641384601593018
955,485.0,53500.0,0.6272808313369751,-9.349357604980467,-1.2641384601593018
956,486.0,53600.0,1.1881226301193235,-9.261370658874512,-1.367687702178955
957,487.0,53700.0,1.0875661373138428,-9.97364616394043,-1.8417396545410158
958,488.0,53800.0,1.0875661373138428,-9.97364616394043,-1.8417396545410158
959,489.0,53900.0,1.6508020162582395,-9.418190956115724,-2.1057004928588867
