,Unnamed: 0,sp_mean_ax,sp_mean_ay,sp_mean_az,sp_mean_acc_magnitude,sp_var_ax,sp_var_ay,sp_var_az,sp_var_acc_magnitude,sp_cov_a_xy,sp_cov_a_yz,sp_cov_a_xz,sp_cov_a_xmag,sp_cov_a_ymag,sp_cov_a_zmag,sp_energy_ax,sp_energy_ay,sp_energy_az,sp_energy_acc_magnitude,sp_entropy_ax,sp_entropy_ay,sp_entropy_az,sp_entropy_acc_magnitude,Unnamed: 0r_,sw_mean_ax,sw_mean_ay,sw_mean_az,sw_mean_acc_magnitude,sw_var_ax,sw_var_ay,sw_var_az,sw_var_acc_magnitude,sw_cov_a_xy,sw_cov_a_yz,sw_cov_a_xz,sw_cov_a_xmag,sw_cov_a_ymag,sw_cov_a_zmag,sw_energy_ax,sw_energy_ay,sw_energy_az,sw_energy_acc_magnitude,sw_entropy_ax,sw_entropy_ay,sw_entropy_az,sw_entropy_acc_magnitude
0,0,-6.180691528320312,-1.0682030200958252,7.18945848941803,9.544950608828326,0.008375001216920232,0.06384255334450603,0.008360203130232405,0.0008269224127650935,-0.001099321802927263,0.006747137562665693,0.008520400541765834,-0.0002643015952252543,-0.0011884355415350651,0.0007067460787305191,0.5558455485962905,0.9532787847230816,0.5947520610391855,0.3369491810540338,2.640581710565194,2.671429305581869,2.777786687905889,2.811036096910704,0,-0.24909283369779586,7.006543588638307,-7.350751185417176,10.25796488442536,0.30065661867398924,8.562128282926762,3.5735826189598723,10.290472488030517,0.875803643285997,-0.9367008912516868,-4.205777406091761,1.3362990570049238,8.892267051038727,-5.627013094346014,1.5255648056118176,3.5931583661523456,2.8658558721576197,3.7836722666970495,2.882785574446568,2.931125201576989,2.9133096432811474,2.9423552492396765
1,1,-6.23282527923584,-0.9352949112653732,7.16788079738617,9.545527221331703,0.0018782970877940586,0.012683794693159741,0.003528899895279906,0.0015780704900042394,-0.004133189167647873,0.0015868713105407302,-0.004993791046262143,0.000377195628489902,-0.0023215420002049647,0.0021157057918764666,0.4053191702852218,0.6736953212204168,0.4761921269903389,0.3904812909400247,2.7646410209205907,2.8370862810447406,2.7814234690576383,2.7679456939911007,1,-0.2615355148911476,7.543253755569457,-7.4383283019065844,10.681775760671892,0.2696294097462098,7.6450733305907645,3.9415767752332407,9.958882223074463,0.8661157166225802,-0.9107464557473929,-4.116422460552023,1.2295087468918218,8.439179589036257,-5.583312435895658,1.4877098011190981,3.462878539583785,2.9005560773151027,3.7338046842033705,2.889872878861196,2.909548482915928,2.8774352348717707,2.9313787076270943
2,2,-6.205830645561218,-0.9986813992261888,7.184730005264282,9.547451232754954,0.0032650542407348018,0.018258212968083956,0.005381689984745385,0.0018720574650761953,-0.006343003608064059,0.0031629373108264976,-0.0077162730421688015,0.0009032910976673694,-0.0035446719004749968,0.002783082949694953,0.4133774454531416,0.6728359271276022,0.5141130840714007,0.40701293781954,2.5134913546963142,2.6501593853279637,2.6794137763186776,2.7516275203041456,2,-0.3022135071456432,6.934519648551941,-6.297550171613692,9.72936259385126,0.4221352777258794,1.3179384217458736,6.603715169474745,1.162249333592457,-0.2779181338382209,-1.0429280620758636,1.3126318477451475,0.2855679917214796,0.2658328069169195,-2.134313307284771,1.6542832061731898,1.941320524616584,3.1176685630514576,1.964723075744756,2.872747946914378,2.595780407138872,2.7224345308967943,2.685400643402397
3,3,-6.206997799873352,-1.0260351419448852,7.17626051902771,9.544509963419623,0.006176125962832974,0.0099506366483368,0.0053930379783028535,0.0011139008819150984,-0.004919401705569157,0.005022791384024145,-0.0057521259143288326,0.00026105573975561457,-0.0021825807039849696,0.0013895867735053307,0.5271177709898279,0.6075747926596905,0.4986820782906413,0.3593511558790411,2.6667300300152057,2.7680109622723803,2.6015470463156127,2.7775459047258617,3,-0.03996014669537544,6.574160552024841,-6.599404722452164,9.6849809178406,0.5433516480683088,1.1017217503467085,6.745423513400882,0.9952033211957344,0.006517043562703599,-1.2350927159063176,1.536179455071702,0.6037255821096198,-0.07829744958258097,-2.1916442853548155,1.67510847800465,1.9838805504813568,3.1407892797993164,1.9597599305278277,2.761453041985596,2.7312429944935444,2.7580831420821106,2.723169933500175
4,4,-6.227498149871826,-0.9714473247528076,7.1694071054458615,9.547672080031193,0.0077858415909089,0.01982576457067101,0.006955542955832767,0.0006715777878023856,-0.009230316366945095,0.007036473058762696,-0.00903107604033153,0.0010679647674582556,-0.0026238522529792225,0.0014847108604464769,0.5553265423579593,0.7185973561755625,0.5459523957195351,0.3069329973509386,2.659022448779788,2.700736995254156,2.661680951481559,2.726268853249876,4,-0.21822543216403573,6.408337950706482,-7.24092047214508,9.778443300559177,0.5344489652362524,1.127923745897626,0.932545723575896,0.4132274151173728,-0.0708445002562781,-0.484830018368512,0.5905457434388528,0.2914988334287177,0.32406645543961604,-0.2706399069230385,1.6608543167263272,2.005403505613605,1.9422922273232996,1.6225217093721027,2.7151069619775114,2.7448075983051505,2.788179154428241,2.8408322226313336
5,5,-6.194248676300049,-0.9773729741573334,7.198885703086853,9.54856492794195,0.005412551734623679,0.018603557180722086,0.005204403638930776,0.0006286993367230838,-0.009316948520763977,0.004960617023842056,-0.008712648841588042,0.0010467232770838973,-0.002192138021954569,0.0014717916970556132,0.5325102331741065,0.7321406219178667,0.5379748710843296,0.3091729587929798,2.7572302991510953,2.789519084749624,2.7966900149800704,2.768545970354592,5,-0.2928814962273464,6.713781785964966,-6.791309118270874,9.634805391856617,0.3679731201588977,0.9218986273815134,0.5157989100556325,0.17730228006667176,0.033080804411127616,-0.21215136125140585,0.5282790699858603,0.15082447267442178,0.28604629703669576,0.029185252836776063,1.5051552865209017,1.9554042764719124,1.6546561318331727,1.2902461134268812,2.725551650290706,2.7866096379160243,2.738193024481536,2.813239879435504
6,6,-6.195356011390686,-0.9814431130886078,7.20193829536438,9.551182398650493,0.002465728220921678,0.008247586847266921,0.00184630427369915,0.00045087202477565457,-0.003890339611837589,0.0016751181221037045,-0.002880902713273696,3.4904909045788666e-05,-0.0004357374621978963,0.0005765389925102705,0.4119726478091741,0.5433229600448097,0.40277055412765694,0.2876047590776256,2.6006718924167296,2.573338507739884,2.753622681605096,2.7876563480957777,6,-0.1665404550731182,6.989674139022827,-6.530611109733582,9.647658436328609,0.09165203312783377,1.4341844537803354,1.3305594610591245,1.2299206378763183,0.05035311595827036,-0.09025772499561788,0.20091806261627407,0.09513019812368499,0.9651620567017248,-0.7304397631451859,1.1012038429051192,2.190234153493249,2.055753896354516,2.1180279349512774,2.8194679732259615,2.8158860694058285,2.680620461873225,2.8237375863432064
7,7,-6.233513569831848,-0.8965686738491059,7.170274949073791,9.54425145228527,0.0012029415989355953,0.017961924139573274,0.0017691165848257129,0.0005485855560005615,-0.003452203740701553,0.0011982511350059869,-0.003350765226839364,0.00044177270257642314,-0.001968290280594605,0.0008647353416342098,0.34192959654090593,0.6485016457927422,0.3954130638950877,0.3023602901948719,2.6129637787638766,2.565119283254845,2.734926674416141,2.7862756356808913,7,-0.4756931487470865,6.917530608177185,-6.5992851734161375,9.670503367925694,0.1597488400364621,1.8605852884649403,1.3657591616504157,1.3970860247213637,-0.1499205662946784,-0.08727958010070369,0.28149067220175056,-0.057878742202056174,1.2200368877372962,-0.6998886876963326,1.311936807288688,2.2428449940648765,2.112373639937174,2.0724346561600693,2.9052631873295587,2.756075026732684,2.7343534240203264,2.6914322509287087
8,8,-6.236925339698791,-0.9197924435138702,7.162134647369385,9.542525721626983,0.0006634845583442559,0.018716586024809943,0.0005796520528125124,0.0006243450133400454,-0.0011954750175129675,0.0001884221754895164,-0.0012576843827637454,-0.00018251136384458036,-0.0019197528606613762,0.00043020485114754573,0.3114739163053723,0.7140543546840679,0.3199800656880817,0.3183943417315628,2.7616232788048314,2.721889098648973,2.895480087928532,2.8439855321449445,8,-0.4857430081814528,6.9416982412338255,-6.911907482147218,9.876626619386203,0.21078045399862352,1.0785248552652411,0.41006162512235056,0.2781378873761183,-0.17575936035646614,-0.17015033833684026,0.4824879661332875,-0.020861368865221396,0.44406289748423616,0.06495146983194104,1.3736136676171329,2.0436077694239225,1.5959703211969454,1.384600161456479,2.857113344132864,2.8350771381039364,2.807840160509927,2.6724414914831542
9,9,-6.240935659408568,-0.9126696854829788,7.176200556755066,9.555305137153027,0.0010043025127336074,0.02400486194630639,0.0004819592393896853,0.00048273037813894573,-0.0028091165462355828,9.845821949319636e-05,-6.472827184779241e-05,-0.00033209510047850705,-0.0003884482044714617,0.00030322928258874463,0.3379888082466563,0.7432055955101333,0.3015079522584842,0.3087827750215785,2.689058819374518,2.7093514471713664,2.8432130077104136,2.911300273876878,9,-0.44937210488133134,6.909634351730348,-6.540661096572876,9.609789432606881,0.18014041830180488,0.5388743347578407,1.7769607619402743,0.7877405723015968,-0.14534306007132633,-0.10673548100034856,0.17514776920167008,-0.02962505869070828,0.23589415517869344,-1.007531102794471,1.293270277908989,1.7055746023496652,2.336328529770183,1.8715949901741855,2.7919500065442517,2.8094616803989587,2.8359190421622564,2.7841287883698227
10,10,-6.240426921844483,-0.8306982040405273,7.186525583267213,9.555450084415176,0.0012115645569553556,0.027246821858633932,0.0007447921168956112,0.00026772198692119164,-0.0049117161630127144,0.0007005541939466405,-0.002750499258222816,0.00017742014611093094,-0.0013251809598343618,0.0003498574265312043,0.35647593854617965,0.7422730953108967,0.3142990534573096,0.25621141052718915,2.7428155732413453,2.5863005713121465,2.6979721175374287,2.8389045630865595,10,-0.3594019690062851,6.844549465179442,-6.818467593193054,9.758876122863244,0.1740146265303131,0.6420424678424512,1.9400002201022533,0.8959144667353791,-0.10080921642874643,-0.1275784668016256,0.18156556986290995,0.015662875262869424,0.2859918270580598,-1.1222837450122083,1.2988979549010624,1.7835586591608106,2.3813064182090633,1.90481230483345,2.828022750053781,2.80406501968638,2.83488931986507,2.756156483358391
11,11,-6.255330872535706,-0.8422502249479293,7.16099739074707,9.547002598605346,0.005687238448810566,0.019251530652961757,0.0035713531461432596,0.0002730473345201622,-0.00555708107512843,0.004279438196710128,-0.0038024489124022843,-3.198252468145799e-05,-0.0009591130915015748,0.00021096209920568414,0.5227688236835693,0.7075183941786687,0.4389167587426834,0.2437123857078131,2.6837290643745955,2.684757120780478,2.537994676335343,2.6696835599020408,11,-0.1696511199697852,6.317530274391174,-7.491688084602356,9.913591337153386,0.08586585814141992,1.6151702236066698,0.8385156411084346,0.20909638311571646,-0.0562966226178293,-0.10701031079637603,0.9126393474598364,0.03185312075528194,0.3027822947180418,-0.046016156923971666,1.0644986568071908,2.2249232167798394,1.931782078420497,1.2381585065899827,2.782527001847788,2.777845963317328,2.850850399116961,2.651271766300221
12,12,-6.261884927749634,-0.9147346824407576,7.146452593803406,9.54662507983276,0.006613303431825107,0.009962258642076921,0.003003990184886061,0.00029181354885880485,-0.005179082150582196,0.004241510546541171,-0.003378467704030553,-0.0007021744798609897,-4.0281563089174236e-05,-0.0002332161431542732,0.5630225761354444,0.6054711012288998,0.4552971328616986,0.2595375947006592,2.7728354799126267,2.6939223723182297,2.7402926196975064,2.8208514039957824,12,-0.062452668673358865,6.498427677154541,-7.1480788707733165,9.848039419860148,0.17887130225156708,2.7127649304602808,1.4205748408372554,0.4644360616638731,0.247771926166858,0.04846371495382407,1.7251502734175217,0.18435719096483666,0.7516841118146399,0.2284479309794193,1.3341445572566657,2.66425056529456,2.1894699060719005,1.6711821208998243,2.8803036520067815,2.9056523808349186,2.817667521386073,2.848636511291291
13,13,-6.23620707988739,-0.9196428000926972,7.168359565734862,9.546360358478065,0.0025103024745781605,0.00890386027661689,0.0011141043548329726,0.00032236472823045045,-0.0021542891104647465,0.0014242337315983232,-0.0014598661782973554,-0.0003739742806439069,-0.0005090501505706617,4.015169934674224e-05,0.4479908153393177,0.6059437236130158,0.3631909603769742,0.2740289732176149,2.8146120078326167,2.796610247960377,2.799853494798089,2.875905028082658,13,-0.2189432725077495,7.447660374641418,-6.034100377559662,9.792435942131167,0.5470006281292238,2.477223032886005,2.5732133660999605,1.4228548148032922,0.5218550126587352,-0.460488488485379,1.2812236474109284,0.6835326147764459,1.355516626479521,-0.391252608395164,1.6002347977238705,2.5347478073937046,2.3910810650606598,2.0643782066809115,2.652070434610692,2.8384813778715623,2.604640482198521,2.6629919891284626
14,14,-6.226390862464905,-0.8979154288768768,7.176140761375427,9.543671588239958,0.001316581318297641,0.00927233678910962,0.0005985854455903484,0.000160274602375237,-0.003048679747308968,0.0007327964064014898,-0.0019356819091397614,-3.65588682093568e-05,-0.00029896912018860067,0.00014468045574349614,0.3916153722367256,0.6105486907680909,0.3209356172977577,0.2247702728381244,2.8784833116602657,2.764814739990624,2.869267724869547,2.830233097346569,14,-0.4498506480827928,7.1222365379333485,-5.995695579051971,9.563131095294272,0.7924013307708779,1.7913219925268475,3.6776877221561586,1.444051086224877,0.21909762655738865,-1.1186664842453249,1.1148466363550842,0.7814312910650479,0.8671811372564359,-1.162874081557543,1.7291984470710595,2.3562334581310025,2.8223125658375263,2.1902615301961803,2.639640936010667,2.854408516050402,2.8595277922348217,2.8063056235292834
15,15,-6.239169907569885,-0.9022249907255172,7.169287371635437,9.547335681881382,0.0014594353195416414,0.010394792316132577,0.000826110076398455,0.00037914190278610585,-0.0030960425169127385,0.0007604612277663815,-0.0023397315142361127,-0.00010851418336694462,-0.0006585956453571253,0.0003313696330952704,0.3970203676091112,0.607969562040843,0.32403184831495657,0.2891113948843177,2.85881871574238,2.7115703640232103,2.685297441372863,2.9027181536166133,15,-0.4015156369656324,6.457510447502136,-7.073781776428223,9.70856948391354,0.4554368719640407,0.4685724436585221,2.031421502602452,0.4740868002017648,-0.1412230235914894,-0.7537356952286636,0.5283299734382357,0.30495275082851864,0.0176691791428932,-0.7895614549687878,1.6589026956901938,1.601084780936355,2.416388066239638,1.6972462266506207,2.840712001102728,2.7250665639625806,2.831189567296019,2.8736246305696227
16,16,-6.247220396995544,-0.873225212097168,7.166773438453674,9.548423322630986,0.001606217514201458,0.017437996087629783,0.0019307865431953516,0.0004892418724635742,-0.003370616376095714,0.001448375390339142,-0.002905071911701073,0.0003423241146500853,-0.0015549087989063582,0.000763824222159016,0.3910298452790479,0.7217802061601278,0.4128750552309485,0.3067719369888177,2.7882145295299754,2.8154314973228387,2.7770017570914174,2.8834314558515484,16,-0.4323830591514707,6.681119751930237,-6.942774820327759,9.720452486504062,0.07097399927956345,0.9083626525702148,0.9115042242140236,0.35320078434553204,-0.04207285787229847,-0.04313455945134663,0.5437666185591432,0.0015070536775912313,0.2577565204701094,-0.2466464674872352,1.0698577920995551,1.942827853965684,1.8682874250190296,1.4838417578092604,2.9018202046899266,2.8161512315404336,2.708644063478169,2.700085314609931
17,17,-6.249105858802795,-0.8516474694013596,7.172968411445618,9.552516157949807,0.001442002101523007,0.021002798795489847,0.0018329411730058738,0.0006338792970624977,-0.0021908222280270263,0.0011065433531431011,-0.0013069918137376235,9.159224290861252e-05,-0.001446152514548644,0.0007625261535030153,0.3806996322745797,0.7320746775311071,0.4061672432024216,0.3226026116275774,2.7702614490954547,2.758440073796128,2.76888759088482,2.863340166924608,17,-0.19692930881865325,6.447101664543152,-7.057989335060119,9.679069053522015,0.22788678665040102,1.2987605841528584,1.3508820236085948,0.4930417487294251,-0.3072598239017901,-0.3566940175953561,0.8583637048164359,0.07006406275889906,0.2523777905053086,-0.413651983204301,1.3774848664701191,2.0449213067882672,2.0901198684233218,1.6200605579125245,2.809529066847957,2.71408737122726,2.775691473190092,2.7201510262390927
18,18,-6.2406962394714345,-0.8997409999370575,7.185507988929747,9.560484834517137,0.0008813012918931477,0.014862263641120385,0.0011818597522619762,0.0005866965397658409,-0.0011147481512825623,0.0005191972020312387,-0.0006133587143011553,-8.387038539387599e-05,-0.00105035639864121,0.0005945689615625749,0.3257859137696697,0.6483861152588113,0.3657875868356751,0.3151570821517569,2.6745705085385856,2.6469192519916493,2.784132524290188,2.825954808824767,18,-0.1505085470387712,6.3494744300842285,-7.021977329254152,9.557474155958252,0.18006705612953086,0.7689063669703214,1.524728670149493,0.6856302319593085,-0.24651244450010204,-0.4113556912480437,0.4870573983783671,0.15231670926178256,0.11895874667967385,-0.8201897377988574,1.2971853723920181,1.886519557553983,2.1411625226255917,1.815368057963888,2.81040834009688,2.835466132026365,2.7612136765263933,2.8077580455495745
19,19,-6.224655055999756,-0.9024644076824188,7.186794877052307,9.550950033756848,0.001540999802072238,0.007718819166711201,0.0014763794095050565,0.0003642308228115605,-0.0017246771477657206,0.001302378722824103,-0.0021625477297533167,0.00012187011966748203,-0.0011891478011222649,0.0004485820163745362,0.4000959085853901,0.5422879781868264,0.3928089508984371,0.27033521207320843,2.832911038533912,2.5991237768771844,2.8340170572041745,2.783304557747715,19,-0.5067998306592927,7.125466847419739,-6.066164326667786,9.567188902933617,0.7888138927580047,1.2055702568929731,2.534223466589855,0.6300497170353098,-0.488406153638685,-1.2309230485720193,1.0179838241601675,0.16432723368511903,0.4442962179765193,-0.4633367597954267,1.8785858749180888,1.9830618858257567,2.3570480857055123,1.7770889812112742,2.8068115652673407,2.6782013226034285,2.68844547671417,2.7772639593244746
20,20,-6.237314367294313,-0.7967304795980453,7.16072804927826,9.530505016463103,0.0017580550301294125,0.013081786055730226,0.002245985431782034,0.0006335112214370148,-0.003218846258062825,0.001745989959364409,-0.0046030887696999895,0.0004398761086351335,-0.0024652616836248037,0.0009437201403332318,0.4004316974408935,0.6368219608747453,0.4167342551950023,0.29682009172794466,2.752628244165922,2.6826214932258603,2.7179563361230743,2.6317021909961635,20,-0.5005784973502159,7.219624447822571,-6.39110963344574,9.899056759702486,0.8883224131192475,5.374949313902401,3.586767998176136,4.827422477322194,0.04448273975606881,-1.5334551610542977,-0.4913014125308899,0.7677735312090015,4.526425610261032,-2.270392141824701,1.965403041107111,2.8156488729163813,2.634120482560372,2.828344429641397,2.844944176379772,2.6348447272975557,2.7305767972667754,2.6620823277216688
21,21,-6.267391562461853,-0.8269273400306701,7.13918023109436,9.537211515361617,0.003411241904428312,0.023012394274702648,0.0023984499826622714,0.0009238821728046737,-0.0032168199250757136,0.002341215176215895,-0.004506159334507674,-0.00019755986263479027,-0.003331666673929125,0.0006617386651680889,0.4792092312112199,0.7637333765553705,0.427089132958794,0.34661000299444045,2.8016737397177893,2.7702527990103465,2.7405149599233765,2.8134482189279755,21,-0.4453042909502983,6.569973134994508,-7.013602447509767,9.708222690726386,0.21476780174260526,5.054812778834948,1.591399139334676,5.075584335773924,0.7037085597874575,-0.4073686581424995,-1.6062729204430652,0.7836573329038784,4.7813140628214335,-2.2889382994826843,1.3634758966624536,2.8194980884915832,2.233921737710728,2.8680283126656474,2.8171043620211083,2.6319645735362047,2.799299051891712,2.680480826448372
22,22,-6.274813652038574,-0.8491335600614548,7.139659094810486,9.544208682516024,0.003381929840591171,0.019437941868608314,0.0016507125481409592,0.00039351618161876165,-0.004982607319857977,0.002092978211294405,-0.003674248869609585,-0.00020351103066419554,-0.001283586672383762,0.00018962142089804296,0.4930722483097486,0.737512834957673,0.40729306264500376,0.28985682459551937,2.8702313739138163,2.770989299938734,2.8504137683908635,2.8877566084082464,22,-0.4185046677477658,6.1436918020248426,-7.235177874565124,9.56448287330639,0.14419947547381862,0.9557659833079752,0.520268392248547,0.3450352805243983,0.16821565215402007,-0.1131910183658455,0.35510403676817603,0.1907964677874373,0.3374494878662328,-0.16923919028906448,1.2391885650056942,1.9375785240247496,1.6293589705846303,1.5609278115806091,2.8216969202187583,2.783590391102033,2.709815720971458,2.8664057244857686
23,23,-6.248686933517456,-0.859548345208168,7.158992266654968,9.54293449684599,0.0022734226896629697,0.030137065713261437,0.0012491814888293887,0.00048410546466704445,-0.007432540266736381,0.0013093667611823964,-0.005477705924133471,0.00019555091368732476,-0.0020304533685988023,0.0005814072296032206,0.4295547576334888,0.8110723967126956,0.36222034899147704,0.29260550330442026,2.769941177225023,2.7670510451979435,2.7433933151895933,2.7856685932438063,23,-0.3988835240714252,7.032864618301391,-7.177869749069214,10.218007667125423,0.17709406975407993,3.6815519826983554,0.6272502833732523,1.0484502877206403,-0.5633080231971381,-0.20762183385998226,1.3696787013394471,-0.3084557755433757,1.8298506226239744,0.558085993333197,1.307813255605664,2.6418000657882805,1.6855463020928712,1.9139230400527296,2.825488355942982,2.6970944260302216,2.646497216709958,2.6645638222519312
24,24,-6.204663562774657,-0.9288604766130448,7.188590574264526,9.542785389808591,0.00331830504071486,0.025153250293299997,0.001696955988956305,0.0003928910049548135,-0.007058314741176522,0.002070528770496147,-0.005157810463761273,1.2648784426708388e-05,-0.0015031531055057072,0.00036615047012720586,0.4438381424648254,0.7485277220798568,0.3689838486631556,0.26848516636402586,2.586877950895526,2.6284233772483865,2.5826803126286157,2.691832218341228,24,-0.4297509418800473,7.295596551895143,-7.0244896650314335,10.25203125207884,0.21991269908214173,2.8081726821156763,0.4371721065606613,0.9912839936566042,-0.5933775419722679,-0.24120351341141855,0.9438872214410048,-0.3078152020092776,1.5833008188734092,0.4260376062893872,1.3739018447215927,2.5372577127709133,1.6651884649714468,1.9042581095866624,2.825633710014024,2.7652902126326118,2.8767155551419794,2.679444904262704
25,25,-6.204424118995666,-0.9329605370759964,7.164409136772155,9.524373542762588,0.004207044830512152,0.01021410707141387,0.008067037396896405,0.001815462040607195,-0.0036604271036269156,0.004282311003689639,-0.00046648531510421436,0.0007746147612916037,0.0011325857730515644,0.0032552760060314697,0.4739963138830303,0.6220409395319727,0.5699291853759362,0.4248791155054555,2.648843742112585,2.7715220375537504,2.746037896759244,2.890762233845371,25,-0.489571513608098,6.766304326057434,-7.0877798080444325,9.843500057592808,0.15213244583466634,0.29174138077703005,0.3566716080825241,0.13179145917097554,-0.1199088141551852,-0.17704012833493354,0.1847333012013581,0.03392804315768798,0.07412293403153436,-0.1165913796237874,1.2094943349299614,1.504625590744633,1.5646971498799698,1.1644255427258985,2.7143356534277445,2.8690781606691402,2.8475710623678925,2.7324053397958545
26,26,-6.2431203603744505,-0.9611223429441452,7.140945935249329,9.535254135413318,0.007698130834157085,0.012111948331483848,0.011715918166648343,0.002415908348693924,0.0044349749241652785,0.007429688751224838,0.006027216807953906,-5.2895778785504605e-05,0.00026832432227532314,0.0031919194284337825,0.5687474624936091,0.6367876389099771,0.6121711832305461,0.4449586060079693,2.7181667412302883,2.7231450772459014,2.6742937294711764,2.8294666656805947,26,-0.4302295103669167,6.580501627922058,-7.250132870674133,9.824621509649418,0.0955895544278336,0.2421222981981533,0.3088896408373489,0.1511677473991398,-0.08449612490270943,-0.12801541934423116,0.12318952691286572,0.0238802716038615,0.0899302683258089,-0.12399510029492952,1.0758662937113976,1.453393083736346,1.4926915275942,1.1579369606351717,2.7527588359312736,2.8999858161141003,2.825690834441537,2.6312842161586896
27,27,-6.22809669971466,-0.9602544456720352,7.188171625137329,9.560440177498508,0.006665120030100056,0.008512663409894006,0.00733258252087483,0.00048091999374464816,0.006437663968849883,0.0066551376136442675,0.005968289630549876,-0.0001513395629060399,-0.0007572575579239992,0.0004040884088387272,0.5605893309884363,0.6037293613263922,0.5834379299437837,0.302651164758118,2.7531440572262724,2.7990192545508066,2.8089842183829927,2.868198743269572,27,-0.2390429855324328,6.717370939254762,-6.8955166101455685,9.754229499079663,0.054742707315865786,0.9214880478478932,1.6489399929829631,0.08134978451957457,0.0775781138498198,0.07916256997773173,1.1415963125007609,0.01959324189449356,0.02951388909276643,-0.09759110146673056,0.9668148366121244,1.9664404735578365,2.2009020582901027,1.0499004380498953,2.8234304889918613,2.821881483334848,2.7276661972185763,2.7681919450235943
28,28,-6.197391033172607,-0.8966883808374405,7.212203407287598,9.551481780352683,0.0009813350197634344,0.0019823201375087705,0.0008693537912653109,0.00044296479980510096,0.0005222139155771289,0.0005954493689099932,-0.0002375707146143204,-0.00024013583609141143,-0.0007058631347288977,0.0002906160564628537,0.3584143923239184,0.391985506137066,0.33469455079618804,0.27530120419166226,2.8270216281674534,2.654957849402793,2.7445738900641805,2.67354126510284,28,-0.2553141781128943,6.554778742790222,-6.841558480262758,9.613748888466693,0.07759400066025053,1.092189845738805,1.6297904660223974,0.0764842543590335,0.06531913297650582,0.046113728001526536,1.2495382425986743,0.03867448971783137,0.07802902105262696,-0.02402766154669059,1.058243807880603,1.989952004710047,2.2041410161666364,1.0241919924085552,2.8375438049863995,2.7488828268024608,2.754671294106151,2.729206407048169
29,29,-6.195774984359741,-0.8600271791219711,7.212412858009339,9.547148649376256,0.0005283071737985086,0.0010922206318580577,0.0006327557736737647,0.0002809748824841061,-9.501566212278493e-05,0.00034236085965929616,-0.000250548321904443,-7.494633301863896e-05,-0.0002273477890263161,0.00027964201737001935,0.31117081274220043,0.35450348643929025,0.3289706037479532,0.2573843818046508,2.8775827532716853,2.748109647848232,2.9048275950986,2.7860381663380784,29,-0.5649454064667225,6.2124854803085325,-6.475576329231262,9.090897129769015,0.21599727973939428,1.5063204475247567,1.302283172080413,1.1328296645969909,0.24882810716217946,-0.4209058260490424,0.08876259759983245,0.4376990073988464,0.952795413114906,-0.7719383827036933,1.3078306128190575,2.1520868735638827,1.8988952587733572,2.0015762663254417,2.7253236374329295,2.745929701181874,2.5659147175242243,2.751528457077349
30,30,-6.205980253219606,-0.8661922514438629,7.20918071269989,9.551873815021183,0.0008532018815003442,0.0009673563831642168,0.0006838825184564905,0.0008971671934409172,-0.00016178499714219894,-0.00013058105061622378,-0.00021870741731489808,-0.0006376705726240147,-0.00014822235450964757,0.000621597390408357,0.32957345955812656,0.3521952541963553,0.312663893405056,0.3444514782423085,2.7634383964602414,2.8025507902587856,2.7238577036096387,2.786270542139565,30,-0.5840879920870066,6.163552069664003,-6.608736824989319,9.175775366043627,0.21937477961054644,1.6738150539385843,1.7685486119771738,1.3576139737752329,0.19957251972246,-0.3893238008457409,0.2088279377216256,0.3851646825932715,0.9718617747115516,-1.051120944716185,1.3008547147067295,2.1792367536833845,2.1775637722652568,2.0269195861919385,2.7286303966783443,2.7189844523301714,2.7010309001479627,2.630883606043761
31,31,-6.324852347373962,-0.6812102355062961,7.111946225166321,9.547265207340734,0.03353006662324801,0.05050895173473111,0.02528257222054495,0.0012276657354000867,-0.02908857654237352,0.02788314259914304,-0.024773558964001564,-0.0004855050267047928,-0.001762612267112059,0.0011015434643214996,0.7643475134484774,0.8469971302865966,0.7314172022819929,0.3598874128387624,2.5017245836789828,2.6139682147423766,2.605201566086658,2.6923212073896625,31,-0.5498706366866827,6.565187454223633,-6.95820848941803,9.76719482746095,0.23490364323875726,2.0225470635491787,2.234521554151803,0.7263034302185194,-0.4479730194920766,-0.5293715445877707,1.4169778406129998,0.021380614293823395,0.5330676230751245,-0.4706000152120873,1.2640514422025249,2.3984453232416745,2.435375895774363,1.7427269857344423,2.579806250146637,2.8278640719111587,2.803621362238431,2.6958213572777114
32,32,-6.365464091300964,-0.4683058552443981,7.092463374137878,9.544551717078543,0.025553920110481625,0.012118154109898024,0.02315561623282748,0.0008410643463875936,-0.005388641714245013,0.02366191825522813,-0.006707600272818881,4.176694093427488e-05,-0.0017200739393536096,0.0010530396826663887,0.7407670789871053,0.6586964774254683,0.7376219200308237,0.3264300246115357,2.600433083199876,2.7950867550739096,2.711294581476169,2.678662112367724,32,-0.3945764482021332,7.193423247337341,-6.741418933868407,10.053744327287344,0.3903858122832625,2.90809480246254,1.8785968241332929,1.2507435781065943,-0.3533307802262322,-0.6788760969944683,1.1412625650359085,0.1744543925577117,1.3530483398050008,-0.4040960062327248,1.468813369551658,2.4921195927789657,2.359799340847525,2.1423601790650624,2.6615957326323283,2.7054043867169315,2.8397918335721903,2.846163844367513
33,33,-6.29262056350708,-0.5518335625529289,7.166025185585022,9.554177308694472,0.000967570112501755,0.02820150615757545,0.002365441203520671,0.0012258348404921727,-0.0027547408290443678,0.0006300612124744555,-0.002848513688210736,-1.2543767687290719e-05,-0.0020227310332534888,0.0014886238262733654,0.34620352170209395,0.7298666361049138,0.4405160686385293,0.3779803388114738,2.764681641683051,2.5698554898240142,2.7996165018159505,2.8298154018784323,33,-0.1854437582194805,7.1467631340026845,-7.152146983146667,10.192725269874467,0.1940746437402838,1.997245952520676,0.2913800373789438,0.7691961309019287,-0.1965234942872004,-0.18825294530554465,0.42039372228737415,-0.0114880897761901,1.150498120033418,0.09750245978599922,1.2696595545439744,2.3773343824957185,1.4017051412835342,1.8966743069943344,2.6927226394349537,2.8276627169811657,2.675033962459956,2.8500923326408287
34,34,-6.2765793800354,-0.720624777674675,7.171202707290648,9.558319933249946,0.000924701102983258,0.02065306551932817,0.0011009403268800056,0.0010125035530870199,-0.0027915633461361943,-8.244442378064355e-05,-0.0010342866847167886,-0.0004991260580439784,-0.00019796881378576347,0.0009192174734302325,0.3442683235454469,0.7389534884884335,0.3611453749863157,0.34797571170892583,2.7970958623265365,2.7584096166105305,2.8099098996087934,2.7560807262741185,34,-0.13878371119499205,7.055237579345702,-7.169853830337526,10.124016343969975,0.23236052650106695,1.2924785784150068,0.21222231040878767,0.3757300836820948,-0.043802014327765336,-0.1178810916691666,0.37841208678373,0.052929002150888985,0.6414730920205054,0.1131380415602638,1.3026563255428891,2.088632472130409,1.3002925842573347,1.566675326044614,2.6819989255919414,2.768433195870593,2.7089189415778065,2.8162884975793743
35,35,-6.270803308486937,-0.7808389544487,7.157884979248048,9.548253330619804,0.00036702281556341785,0.0005551740445589442,0.0005682068744470825,0.00028968475341797136,-0.000104407108453216,0.00022240817211959383,-0.000314786299848213,-6.59797460661481e-05,-0.0002125804561143804,0.00030545472667277987,0.2672535189294953,0.3074065690126929,0.3094899154524942,0.2613401708884219,2.745809719181436,2.805921338860008,2.8166226037089146,2.805941879711327,35,-0.08925228472799063,6.7294548034667985,-7.2509703874588025,9.94299805171588,0.18077534417513585,1.0816184061304115,0.14834070942203215,0.3653546972119387,0.09851622409387112,-0.07511622507514007,0.26057750367789795,0.13009996805131896,0.5848612822943859,0.07648354550380505,1.2142483284081498,1.9915106320527567,1.1828196058690867,1.5243839514857396,2.6497698551283952,2.7564827941710357,2.7211097387745027,2.7618999387064926
36,36,-6.28941822052002,-0.7709628731012345,7.13941969871521,9.545905614156307,0.0006211873934070988,0.0009855415033583868,0.0005117192068442583,0.0001868105578813972,0.000125511314893724,0.000375511505999872,0.00016444057335479188,-0.0001395027256461492,-4.051908181638967e-05,0.00012178407861998856,0.3168508012310037,0.33351209459983583,0.2752349714969823,0.23191382208474326,2.8256384242887402,2.64223637307622,2.5738434726944583,2.8079442574934013,36,-0.1907079616561532,6.3682581901550295,-7.461179876327515,9.904729090266574,0.12198608354725725,1.8736221182937935,0.3232079114753035,0.37842526958735534,0.15694758408791842,-0.016146465573812576,0.6757963820855414,0.13298098409884404,0.7581924047398264,0.20190297244576694,1.1649355174733025,2.2939693743014,1.4917187738163964,1.5233129758995745,2.77573346095508,2.7455321245015627,2.75508353013527,2.7413210336068525
37,37,-6.270893120765686,-0.7916427940130234,7.1461833000183095,9.540653729563935,0.0032628124988359803,0.0017314037115257364,0.0011253244561789753,0.0004995568744184106,-0.0007029219646195365,0.0015351010176992287,-0.0003161205197859408,-0.0009268870797174016,7.726513461589413e-05,-0.0001349551894532219,0.4604853957696158,0.3904152862095175,0.3578258964308563,0.28484513597699,2.720990835400489,2.717456635547953,2.7629426208251626,2.7244455387864743,37,-0.2249253127723932,6.477610158920287,-7.513941597938538,10.047501356013434,0.15817121062423053,2.3429176151883087,0.4732219132053298,0.36068927103081017,0.09878044555423912,-0.050877031958279945,0.9751802149181305,0.12802429780698266,0.8312226061814281,0.2819078578170401,1.140122939664861,2.4132276679005744,1.5951796827406108,1.526218904250426,2.5437104859430257,2.7215812108316086,2.710209059969309,2.7480303850639363
38,38,-6.263530945777893,-0.7963114917278291,7.150582623481751,9.539456097072378,0.0025480551849957453,0.0017997381134111153,0.0007851744672848433,0.0004394181265864728,-0.000694011288661343,0.0011021431086485275,-0.0004241603504060623,-0.000780603220682158,-1.3205743766616695e-05,-9.577754331877128e-05,0.4486922884699574,0.4162062731341816,0.33862936788576603,0.28595934838044895,2.815627887796412,2.8282057955854105,2.8392721204135896,2.785787983574236,38,-0.2864208597689867,6.491608190536499,-7.398009181022644,9.898348032735274,0.08454909230223928,0.8384196790101835,0.34883730079933695,0.1941848865248716,-0.07312607234907724,-0.12650426183082394,0.3887138864741212,0.05142678827180715,0.2634033708697834,-0.012938273654787842,1.0593408002003852,1.9040795810510789,1.4726524626153081,1.2181504550693214,2.7607832811862334,2.807998217567566,2.7441922911016783,2.5608495635809607
39,39,-6.292051911354065,-0.7544428884983063,7.1385817527771,9.545744386132526,0.0004728793281527256,0.002330535810995377,0.0003071426986025448,0.00017885560779916466,-0.00039541540536671744,0.00018375690547144758,-8.28860290183494e-05,-0.0001433405746231435,1.5069237630590124e-05,0.00011465355703703572,0.29151485502850016,0.43616065013012295,0.2482618722482769,0.2353313992995286,2.798818126732217,2.8068447464217523,2.65463152872565,2.871157130631565,39,-0.3744767397642136,6.130770635604859,-7.328617358207703,9.617313408296985,0.1164813022383708,0.8582766111419072,0.35245405562108884,0.2140505001946416,-0.1415321991418686,-0.17376457993069402,0.33966571593191314,0.0434721908465205,0.2533440183357168,-0.07065337751212558,1.130488645867794,1.890252352137752,1.4830332328746552,1.3103405812955409,2.736494055291681,2.76133126728396,2.7309242522583763,2.7280380387115137
40,40,-6.306117844581604,-0.7621342569589615,7.126281595230102,9.546666013929944,0.0010717051947883901,0.006397103391411106,0.0005320732099430861,0.0006622379763745811,0.0010882704365502767,0.0003225243974264637,-0.000299594521997977,-0.0005641809576235972,-0.001497099928938016,0.00021081396840572956,0.3548306609810781,0.5537780095717845,0.3024022592799226,0.3160081989241578,2.771824160471922,2.751971137271095,2.806091657146584,2.787658630510629,40,-0.4730610314756632,6.384529495239258,-7.144609260559082,9.680196342299233,0.12318182490375965,1.5036468798299396,0.3852729127711518,0.2492004340143533,-0.3074879664903166,-0.1810992042957574,0.6499392774920932,-0.06350440335664694,0.4846980558327488,0.1151254597445526,1.1029232113966347,2.1909898981350033,1.5317030609787088,1.368463708040947,2.6469466159499166,2.7854691704689407,2.75183934649315,2.752870503413088
41,41,-6.300940370559692,-0.7801506161689759,7.125772786140442,9.54428137053238,0.0009628597924467404,0.005895283148219578,0.0007031961537348335,0.0010512939006852619,0.001185017784707184,-8.015883418005561e-06,-0.00036029352818870287,-0.0007481560680676992,-0.001565409800011134,0.0005612390105349911,0.3537802785284166,0.5455778492218867,0.3133413253642968,0.3321503974693313,2.8315197216526435,2.7761187156058904,2.7316155017549724,2.6114140007166182,41,-0.4146761685609818,6.797410869598389,-7.171408915519715,10.01045858461877,0.11736221278850248,1.9105676711439863,0.7007285068497675,0.1987379846083191,-0.3673088063990596,-0.24585228346219565,1.0457252063862046,-0.06917230488551111,0.455367599422021,0.15060230930217666,1.069995518879992,2.2749972097441447,1.7737853558822432,1.3249955112875105,2.612945439040668,2.7218894841880306,2.74363311879924,2.7945134041179918
42,42,-6.287233591079711,-0.7574655562639236,7.124036955833435,9.531899884552594,0.00029916470103480473,0.0017244689879054465,0.0009139217912188717,0.0006716993476063096,-2.454019384332893e-06,-1.604281561340865e-05,-3.6946876210726454e-05,-0.00020915075137980377,-0.00016392269809041338,0.0006965826307433758,0.267427595493904,0.3999880295401556,0.3488554068130815,0.31128518337632954,2.859145947042944,2.7549915290046783,2.8159994626535467,2.76447255330044,42,-0.42879382222890855,7.102256488800049,-7.111229586601257,10.1711852126991,0.14585309085208764,2.2932828781683803,1.007344251782445,1.0701528281800656,-0.2681251500459922,-0.2952859954304257,0.5005474094134911,0.02484872387562367,1.1113078937706535,-0.4381283292778574,1.249477353005258,2.3247736010693023,1.9069006951913945,1.9621671708966788,2.8415779394223204,2.6919210516302368,2.6758404211659346,2.7260462410035786
43,43,-6.270234751701355,-0.8108562648296356,7.146153378486633,9.542304728142494,0.0006564545828059394,0.01342135271544611,0.002239509886253108,0.000801851692030559,4.34997512452628e-05,0.0008711306783610753,3.4794770858394565e-05,0.00022074624442847514,-0.0012215646414411936,0.001110242825335319,0.3292207764325385,0.6781775813255314,0.440149335161756,0.3194629974933898,2.884620758302553,2.805692871823437,2.851467330998964,2.685746044732082,43,-0.35629129223525524,6.794898509979247,-7.102974438667298,9.891908261617925,0.1163911395167853,1.5163095599612355,0.6536271143250255,1.1284184095261416,-0.11914837868280875,-0.16933676985868545,-0.04591150501237503,0.02894590221280245,1.088960529828163,-0.5059541654100702,1.090975476432269,2.0878571703516045,1.7351638691342948,1.9502512953743325,2.6653440215644117,2.6316166392004954,2.7285679240931744,2.6608833023712104
