timestamp,grx,gry,grz
1482405426664,0.2647300362586975,-9.529597282409668,2.299367666244507
1482405426845,0.33824360370635986,-9.521551132202148,2.322941541671753
1482405427026,0.22635602951049805,-9.504960060119629,2.403097629547119
1482405427210,0.2746506333351135,-9.497077941894531,2.4290859699249268
1482405427386,0.237874835729599,-9.401119232177734,2.7807846069335938
1482405427566,0.05550210922956467,-9.331315040588379,3.0156044960021973
1482405427747,0.28041496872901917,-9.2755765914917,3.171030044555664
1482405427928,0.032446008175611496,-9.413841247558594,2.747532367706299
1482405428108,0.013632657937705517,-9.499462127685547,2.4352433681488037
1482405428287,-0.30563539266586304,-9.529420852661133,2.295020580291748
1482405428471,-0.3174492418766022,-9.527416229248047,2.3017263412475586
1482405428650,-0.5091990828514099,-9.508557319641113,2.3448750972747803
1482405428836,-0.3227405846118927,-9.496845245361328,2.4240825176239014
1482405429010,-0.18622903525829315,-9.476383209228516,2.516718626022339
1482405429187,-0.13764679431915283,-9.42799186706543,2.695253849029541
1482405429367,-0.07392426580190659,-9.392728805541992,2.818077802658081
1482405429550,-0.25191545486450195,-9.381780624389648,2.844135046005249
1482405429730,-0.3591350317001343,-9.40263843536377,2.762570858001709
1482405429908,-0.616786539554596,-9.41833782196045,2.6617419719696045
1482405430090,-0.58540940284729,-9.418084144592285,2.669710874557495
1482405430272,-0.6927407383918762,-9.4185791015625,2.642134189605713
1482405430466,-0.7307052612304688,-9.445780754089355,2.5325241088867188
1482405430631,-0.5535010099411011,-9.442739486694336,2.588181734085083
1482405430812,-0.4836597740650177,-9.412588119506836,2.709179401397705
1482405430993,-0.4674166738986969,-9.361773490905762,2.8825533390045166
1482405431172,-0.38014206290245056,-9.3478364944458,2.94004225730896
1482405431351,-0.3508679270744324,-9.348443031311035,2.9417502880096436
1482405431534,-0.3765796720981598,-9.44509220123291,2.611286163330078
1482405431712,-0.24869734048843384,-9.50203800201416,2.412428379058838
1482405431890,-0.5748483538627625,-9.511279106140137,2.318514823913574
1482405432075,-0.6963659524917603,-9.515867233276367,2.2657787799835205
1482405432255,-0.8106938600540161,-9.488436698913574,2.3415257930755615
1482405432430,-0.6548771262168884,-9.391684532165527,2.7455029487609863
1482405432615,-0.5517114996910095,-9.367827415466309,2.8477718830108643
1482405432791,-0.570039689540863,-9.328267097473145,2.9713428020477295
1482405432974,-0.49299588799476624,-9.325910568237305,2.992445945739746
1482405433159,-0.3634491264820099,-9.393789291381836,2.7919559478759766
1482405433335,-0.2686043977737427,-9.445711135864258,2.6223604679107666
1482405433515,-0.5606849789619446,-9.479789733886719,2.447366952896118
1482405433696,-0.618012547492981,-9.519234657287598,2.2743401527404785
1482405433873,-0.7631146907806396,-9.529041290283203,2.1875574588775635
1482405434057,-0.7382579445838928,-9.45144271850586,2.5091028213500977
1482405434237,-0.9421878457069397,-9.377481460571289,2.710263252258301
1482405434413,-0.891578733921051,-9.346601486206055,2.83134388923645
1482405434595,-0.6658847332000732,-9.381611824035645,2.7771096229553223
1482405434777,-0.6308284401893616,-9.375873565673828,2.8045389652252197
1482405434953,-1.146144986152649,-9.472912788391113,2.262888193130493
1482405435140,-0.9432653188705444,-9.507025718688965,2.2129361629486084
1482405435316,-0.991427481174469,-9.549117088317871,2.0004501342773438
1482405435497,-0.8227571249008179,-9.562601089477539,2.012490749359131
1482405435676,-0.7313852310180664,-9.544122695922852,2.131943702697754
1482405435858,-0.7172805070877075,-9.538549423217773,2.161475419998169
1482405436038,-0.6068952679634094,-9.528454780578613,2.2384440898895264
1482405436218,-0.7050268054008484,-9.4950532913208,2.348890781402588
1482405436394,-0.9273311495780945,-9.48298454284668,2.3202269077301025
1482405436578,-0.97530198097229,-9.514803886413574,2.165104866027832
1482405436759,-0.8954830765724182,-9.55024242401123,2.0399422645568848
1482405436935,-0.8634290099143982,-9.62009048461914,1.6966859102249146
1482405437119,-0.8286905884742737,-9.616096496582031,1.736189603805542
1482405437299,-0.730170726776123,-9.577902793884277,1.9750983715057373
1482405437475,-0.24690833687782288,-9.560994148254395,2.16721248626709
1482405437659,-0.09222133457660675,-9.611554145812988,1.9441981315612793
1482405437837,-0.07130056619644165,-9.616508483886719,1.9204320907592773
1482405438016,-0.13000454008579254,-9.675237655639648,1.594765067100525
1482405438196,-0.09551913291215897,-9.536131858825684,2.28548526763916
1482405438380,0.2068362832069397,-9.512898445129395,2.3732635974884033
1482405438561,-0.36407941579818726,-9.471957206726074,2.513930559158325
1482405438741,0.3334900438785553,-9.449675559997559,2.6005332469940186
1482405438921,1.0484488010406494,-9.500198364257813,2.1948459148406982
1482405439102,1.2976057529449463,-9.322081565856934,2.7541613578796387
1482405439279,1.275814414024353,-9.059318542480469,3.531491994857788
1482405439457,0.39527928829193115,-8.239789009094238,5.302830696105957
1482405439643,0.4404357969760895,-8.303235054016113,5.199297904968262
1482405439819,1.3670028448104858,-8.81994915008545,4.0632734298706055
1482405439997,1.6248440742492676,-8.820111274719238,3.9668526649475098
1482405440183,1.7132459878921509,-9.11898422241211,3.1747896671295166
1482405440358,1.1201019287109375,-8.828381538391113,4.120126724243164
1482405440541,1.2630687952041626,-9.012582778930664,3.653543710708618
1482405440723,1.1000747680664063,-9.0314359664917,3.659698009490967
1482405440903,1.1999012231826782,-8.932056427001953,3.8663909435272217
1482405441083,1.7479450702667236,-8.668988227844238,4.238363742828369
1482405441263,1.9575387239456177,-7.710948467254639,5.734081268310547
1482405441439,1.3299357891082764,-7.243086814880371,6.47606086730957
1482405441625,1.5966840982437134,-6.896241188049316,6.786961555480957
1482405441804,2.3042030334472656,-7.345797061920166,6.074562072753906
1482405441980,2.243105888366699,-7.833657741546631,5.4564337730407715
1482405442164,2.1169583797454834,-8.378100395202637,4.636410713195801
1482405442344,0.08282426744699478,-8.375687599182129,5.100137233734131
1482405442520,-0.283084511756897,-8.705704689025879,4.505655765533447
1482405442705,-1.115829586982727,-8.466824531555176,4.820599555969238
1482405442880,-0.35721835494041443,-7.900798797607422,5.798290252685547
1482405443065,-0.20367877185344696,-6.91070556640625,6.954930305480957
1482405443245,-0.8004855513572693,-6.625017166137695,7.18601131439209
1482405443425,-0.7889072895050049,-6.174439907073975,7.577882289886475
1482405443604,-0.263755202293396,-6.301493167877197,7.509461402893066
1482405443787,0.18387627601623535,-6.9276347160339355,6.938619613647461
1482405443961,0.4094778299331665,-6.925595283508301,6.931005954742432
1482405444144,0.4554433226585388,-7.212349891662598,6.629100322723389
1482405444324,0.6279714703559875,-7.746844291687012,5.980170249938965
1482405444502,-0.4986395537853241,-7.208719253540039,6.629940986633301
1482405444683,-0.8216739892959595,-7.873211860656738,5.788590431213379
1482405444867,-1.8459839820861816,-8.038354873657227,5.305429458618164
1482405445043,-1.8156894445419312,-8.071074485778809,5.266061305999756
1482405445228,-1.6926991939544678,-7.825205326080322,5.663154602050781
1482405445407,-1.317230463027954,-7.083005905151367,6.653294563293457
1482405445586,-1.7547385692596436,-5.89371395111084,7.639072418212891
1482405445766,-2.0901811122894287,-5.686209201812744,7.711585521697998
1482405445946,-1.0517593622207642,-5.922090530395508,7.745517253875732
1482405446128,-0.6335065960884094,-6.815071105957031,7.02309513092041
1482405446308,-0.8662034273147583,-6.499467849731445,7.2922563552856445
1482405446486,0.20775727927684784,-7.215642929077148,6.637900352478027
1482405446668,0.9337718486785889,-7.744119167327881,5.943658828735352
1482405446848,2.340258836746216,-7.9763617515563965,5.203001499176025
1482405447024,2.4388880729675293,-6.821167945861816,6.610135078430176
1482405447208,3.498927116394043,-6.040679454803467,6.8875322341918945
1482405447387,6.262765884399414,-6.647195816040039,3.572523593902588
1482405447564,5.4762396812438965,-7.928206443786621,1.8233745098114014
1482405447749,5.820822238922119,-7.890292644500732,-0.1780664175748825
1482405447925,-0.18826720118522644,-9.782137870788574,0.6668699383735657
1482405448107,0.14288417994976044,-9.80504035949707,0.1055985540151596
1482405448289,-0.6456776261329651,-9.720229148864746,1.1272189617156982
1482405448469,-0.6250861883163452,-9.362768173217773,2.8492462635040283
1482405448650,-1.2065455913543701,-9.352510452270508,2.691690683364868
1482405448830,-0.2902434766292572,-9.649401664733887,1.724875569343567
1482405449009,-0.5897001028060913,-9.73648452758789,1.0116870403289795
1482405449190,-0.5838761925697327,-9.689111709594727,1.3966302871704102
1482405449369,-0.27423086762428284,-9.774547576904297,0.7439152002334595
1482405449546,-1.590544581413269,-9.607450485229492,1.1564888954162598
1482405449731,0.19175942242145538,-9.793416976928711,0.4717945158481598
1482405449909,0.3575631380081177,-9.690526962280273,1.4615782499313354
1482405450087,-0.1269177496433258,-9.677074432373047,1.583827018737793
1482405450269,-0.04690466821193695,-9.66930866241455,1.6348212957382202
1482405450452,-0.45072922110557556,-9.407554626464844,2.7322399616241455
1482405450630,-1.8566832542419434,-9.260411262512207,2.6396799087524414
1482405450813,-0.16333003342151642,-9.590095520019531,2.0429818630218506
1482405450991,-0.3159416913986206,-9.626336097717285,1.84505033493042
1482405451173,0.10248583555221558,-9.780281066894531,0.7113566994667053
1482405451353,0.04522380232810974,-9.804915428161621,0.178834468126297
1482405451528,-0.007992460392415524,-9.741053581237793,-1.1323422193527222
1482405451713,-0.4649525284767151,-9.719924926757813,-1.2154326438903809
1482405451893,0.033860258758068085,-9.708942413330078,-1.3804653882980347
1482405452068,0.1518714725971222,-9.687867164611816,-1.5141297578811646
1482405452253,0.2568759620189667,-9.73295783996582,-1.1721738576889038
1482405452433,0.7223280668258667,-9.769686698913574,-0.4493003487586975
1482405452609,1.1239187717437744,-9.709403991699219,0.7966560125350952
1482405452792,0.2038835734128952,-9.462676048278809,2.566433906555176
1482405452971,0.1657392829656601,-9.477653503417969,2.5133681297302246
1482405453155,0.26399609446525574,-9.698208808898926,1.4301784038543701
1482405453334,0.06274959444999695,-9.71826171875,1.3121914863586426
1482405453514,0.16645853221416473,-9.78754711151123,0.5887415409088135
1482405453693,0.42764389514923096,-9.79272174835205,-0.30023500323295593
1482405453875,-1.7131705284118652,-9.654642105102539,-0.1527601182460785
1482405454050,-0.7279379963874817,-9.541500091552734,2.1448283195495605
1482405454235,-0.738135814666748,-9.52049732208252,2.2328624725341797
1482405454415,-0.6231653690338135,-9.511073112487793,2.3068478107452393
1482405454591,-0.9283116459846497,-9.253788948059082,3.1106278896331787
1482405454774,-1.4260941743850708,-8.54993724822998,4.586420059204102
1482405454956,-0.7515138387680054,-9.462300300598145,2.463839292526245
1482405455131,-0.19741569459438324,-9.51411247253418,2.3691980838775635
1482405455316,-0.3371208906173706,-9.4845609664917,2.469788074493408
1482405455496,-0.40299853682518005,-9.520377159118652,2.317418336868286
1482405455677,-0.31654271483421326,-9.725016593933105,1.222395420074463
1482405455857,-1.4108043909072876,-9.662091255187988,0.9077584147453308
1482405456033,0.12886910140514374,-9.486701965332031,2.481180429458618
1482405456217,-0.38727760314941406,-9.528159141540527,2.2879204750061035
1482405456396,-0.29256752133369446,-9.440596580505371,2.638169527053833
1482405456572,0.5895320773124695,-9.050789833068848,3.7290773391723633
1482405456756,0.3230322301387787,-9.040384292602539,3.7864878177642822
1482405456932,-1.8562333583831787,-9.09428596496582,3.165240526199341
1482405457114,0.2403291016817093,-9.636488914489746,1.8029730319976807
1482405457293,0.36127838492393494,-9.158645629882813,3.486985206604004
1482405457478,0.05856368690729141,-9.80257511138916,0.2764870524406433
1482405457654,0.3060773015022278,-9.75685977935791,0.9383008480072021
1482405457834,0.04534253105521202,-9.493341445922852,2.4586188793182373
1482405458013,-2.2981112003326416,-8.62231159210205,4.067532539367676
1482405458194,-1.6325265169143677,-9.44509506225586,2.072537660598755
1482405458379,-1.5366688966751099,-9.425952911376953,2.227208375930786
1482405458557,-1.0523983240127563,-9.743409156799316,-0.3588765859603882
1482405458739,-0.5726369619369507,-9.77271556854248,0.5800935626029968
1482405458919,-0.3408879041671753,-9.790246963500977,0.4530377984046936
1482405459100,-0.5128304362297058,-9.301055908203125,3.065579414367676
1482405459281,-0.9631035923957825,-8.868180274963379,4.074087619781494
1482405459459,-0.7699262499809265,-9.016071319580078,3.7799551486968994
1482405459635,-0.812312662601471,-8.87473201751709,4.092636585235596
1482405459820,-0.9818986058235168,-9.417585372924805,2.5525176525115967
1482405460030,-0.737716019153595,-9.743703842163086,0.8284990191459656
1482405460175,-0.42575275897979736,-9.770598411560059,0.7242314219474792
1482405460361,-0.18358050286769867,-9.703857421875,1.404227375984192
1482405460541,-0.7111717462539673,-9.657110214233398,1.5507506132125854
1482405460717,-0.4039763808250427,-9.668152809143066,1.5918653011322021
1482405460902,-0.08120923489332199,-9.164685249328613,3.4888885021209717
1482405461081,-1.814536213874817,-9.221810340881348,2.7992947101593018
1482405461256,-1.2251313924789429,-9.46474838256836,2.2556512355804443
1482405461444,-1.0758280754089355,-9.58241081237793,1.7861697673797607
1482405461619,-0.57796311378479,-9.740159034729004,0.98269122838974
1482405461803,-0.34903988242149353,-9.753186225891113,0.9612181782722473
1482405461983,-0.03817921504378319,-9.800045013427734,-0.3578606843948364
1482405462158,-1.5228090286254883,-9.014761924743652,3.547602415084839
1482405462342,-0.27005481719970703,-9.635649681091309,1.8032506704330444
1482405462519,-0.5337473750114441,-9.556190490722656,2.1365222930908203
1482405462698,-0.577673077583313,-9.507942199707031,2.3314638137817383
1482405462886,-0.11116313189268112,-8.860960006713867,4.200166702270508
1482405463058,-1.5746747255325317,-8.604700088500977,4.43282413482666
1482405463242,-1.21543550491333,-9.365168571472168,2.6432394981384277
1482405463424,-0.07651625573635101,-9.351190567016602,2.9529292583465576
1482405463603,0.42838776111602783,-9.681995391845703,1.4986083507537842
1482405463780,0.16407500207424164,-9.603644371032715,1.9782541990280151
1482405463964,0.22305910289287567,-9.724747657775879,1.244957447052002
1482405464140,0.09990648180246353,-9.796253204345703,0.44024962186813354
1482405464323,-0.7793999910354614,-9.760781288146973,0.5385919213294983
1482405464505,-0.3236338496208191,-9.798822402954102,0.22076982259750366
1482405464680,-0.22116497159004211,-9.79595947265625,0.40079206228256226
1482405464863,-0.18459172546863556,-9.790584564208984,0.5299018621444702
1482405465045,0.3315083682537079,-9.649587631225586,1.716377854347229
1482405465221,0.47249624133110046,-8.952288627624512,3.9753830432891846
1482405465405,-1.019499659538269,-9.102897644042969,3.5026049613952637
1482405465583,-0.6530429124832153,-9.419038772583008,2.6505916118621826
1482405465764,0.01978212036192417,-9.637399673461914,1.8139772415161133
1482405465946,-0.6037269234657288,-9.439449310302734,2.5889596939086914
1482405466124,-0.7854282855987549,-9.658390998840332,1.5063029527664185
1482405466304,-0.8087354898452759,-9.280755996704102,3.0633156299591064
1482405466486,-0.42738473415374756,-9.686043739318848,1.4725083112716675
1482405466663,-0.7347537279129028,-9.33508014678955,2.9132180213928223
1482405466846,-0.15560659766197205,-9.419561386108398,2.7236053943634033
1482405467026,-0.5212467908859253,-8.721749305725098,4.453064918518066
1482405467202,-1.9062267541885376,-8.835467338562012,3.8041036128997803
1482405467388,0.17094898223876953,-9.337072372436523,2.99336576461792
1482405467567,-0.632386326789856,-9.55777359008789,2.1022493839263916
1482405467743,-0.03845291957259178,-9.671995162963867,1.6190824508666992
1482405467923,-0.17283932864665985,-9.699615478515625,1.434568166732788
1482405468107,0.3622533679008484,-9.615822792053223,1.8908038139343262
1482405468289,-0.7060283422470093,-9.643776893615723,1.633856177330017
1482405468468,-0.29274991154670715,-9.227005958557129,3.3086318969726563
1482405468647,-1.0518664121627808,-9.107755661010742,3.480335235595703
1482405468828,-0.2720153033733368,-9.63779067993164,1.7914737462997437
1482405469008,-0.7395591139793396,-9.64352798461914,1.6204349994659424
1482405469187,-0.7280999422073364,-9.733685493469238,0.9463754296302795
1482405469368,-0.4951236844062805,-9.789280891418457,-0.30864742398262024
1482405469549,-1.9856799840927124,-9.603264808654785,0.0689127966761589
1482405469725,0.843665599822998,-9.741902351379395,0.7442840337753296
1482405469909,0.07847082614898682,-9.747366905212402,1.0737872123718262
1482405470088,0.08429273217916489,-9.671164512634277,1.622300148010254
1482405470265,-0.41142764687538147,-9.631312370300293,1.799701452255249
1482405470450,-0.15022727847099304,-9.646032333374023,1.7612135410308838
1482405470629,0.5389370322227478,-9.485816955566406,2.428826332092285
1482405470809,1.3106365203857422,-8.970462799072266,3.739441394805908
1482405470990,0.16117249429225922,-8.458342552185059,4.959926128387451
1482405471169,-0.2892610430717468,-9.430373191833496,2.6748383045196533
1482405471351,-0.504048228263855,-9.639677047729492,1.730017066001892
1482405471528,0.2000548094511032,-9.603988647460938,1.9732606410980225
1482405471707,-0.08141981065273285,-9.53851318359375,2.2760732173919678
1482405471890,0.7377848625183105,-9.636320114135742,1.6635464429855347
1482405472072,0.49805203080177307,-9.601993560791016,1.9297844171524048
1482405472247,-0.14618495106697083,-9.676153182983398,1.5877835750579834
1482405472433,-0.11187237501144409,-9.605709075927734,1.9718577861785889
1482405472613,-0.39808881282806396,-9.574974060058594,2.081295967102051
1482405472788,0.1711905300617218,-9.290300369262695,3.135504722595215
1482405472973,-0.851997971534729,-8.118029594421387,5.435263156890869
1482405473227,-0.6053072214126587,-9.558687210083008,2.106062889099121
1482405473329,-0.44877558946609497,-9.487390518188477,2.4409897327423096
1482405473508,-0.12694215774536133,-9.773405075073242,0.7967378497123718
1482405473691,-0.970744788646698,-9.364274978637695,2.745612859725952
1482405473869,-0.46904703974723816,-9.623994827270508,1.8245816230773926
1482405474053,-1.825174331665039,-9.104771614074707,3.153135061264038
1482405474233,-0.3996461033821106,-9.596964836120605,1.9770967960357666
1482405474413,-0.5124672055244446,-9.516730308532715,2.310760021209717
1482405474592,-0.08022841066122055,-9.52922248840332,2.3147084712982178
1482405474775,-0.3378089368343353,-9.504240036010742,2.3928396701812744
1482405474951,-1.2006781101226807,-8.596525192260742,4.563825607299805
1482405475133,-0.4754803478717804,-9.318888664245605,3.0170559883117676
1482405475311,-0.4748420715332031,-9.596563339233398,1.9623645544052124
1482405475495,0.26970767974853516,-9.613524436950684,1.9177544116973877
1482405475673,-0.5239529013633728,-9.521869659423828,2.2868921756744385
1482405475850,-0.13516461849212646,-9.618255615234375,1.908216118812561
1482405476035,-0.5427135229110718,-9.635092735290527,1.743795394897461
1482405476215,0.3148655891418457,-9.611536026000977,1.9208436012268066
1482405476405,-0.24934808909893036,-9.52507209777832,2.3197436332702637
1482405476574,0.10788389295339584,-9.380516052246094,2.857383966445923
1482405476756,1.2899696826934814,-9.116683006286621,3.3752684593200684
1482405476936,-0.5003006458282471,-8.71136474609375,4.475737571716309
1482405477118,-1.2738291025161743,-9.37639331817627,2.575078010559082
1482405477300,0.37591537833213806,-9.425286293029785,2.6819846630096436
1482405477471,1.777897596359253,-9.442984580993652,1.9594746828079224
1482405477657,-0.18812982738018036,-9.76221752166748,0.9133026003837585
1482405477832,-0.2899538278579712,-9.637772560119629,1.7887516021728516
1482405478017,0.13022957742214203,-9.437711715698242,2.661397695541382
1482405478208,-1.973433017730713,-8.766838073730469,3.9266374111175537
1482405478372,-0.9652727246284485,-9.634909629821777,1.551499366760254
1482405478558,-1.7813199758529663,-9.427680015563965,2.0288305282592773
1482405478738,-0.19884967803955078,-9.74123764038086,1.1131670475006104
1482405478918,-0.8894715309143066,-9.732184410095215,0.8147580623626709
1482405479098,-1.1205192804336548,-9.7025728225708,0.8802724480628967
1482405479279,-1.0018113851547241,-9.68281078338623,1.1874006986618042
1482405479458,-0.9045469760894775,-9.60119342803955,1.780234456062317
1482405479639,-1.3809908628463745,-9.214017868041992,3.0602474212646484
1482405479817,-2.2075204849243164,-8.31614875793457,4.705199241638184
1482405479999,-1.7880024909973145,-8.691755294799805,4.174543857574463
1482405480178,-1.2528934478759766,-8.952831268310547,3.800983428955078
1482405480355,-1.346742868423462,-9.196856498718262,3.1264216899871826
1482405480537,-1.4130948781967163,-9.323270797729492,2.6926217079162598
1482405480719,-1.6070481538772583,-9.481971740722656,1.918337106704712
1482405480895,-1.9149247407913208,-9.220465660095215,2.7361364364624023
1482405481080,-1.8940954208374023,-9.553543090820313,1.1456904411315918
1482405481255,-1.9914811849594116,-9.52802848815918,1.19208562374115
1482405481438,-2.009178400039673,-9.485023498535156,1.472386121749878
1482405481620,-1.4402332305908203,-9.45472526550293,2.1689293384552
1482405481797,-1.8226572275161743,-9.05686092376709,3.289618492126465
1482405481981,-2.770247459411621,-8.171632766723633,4.660529136657715
1482405482159,-1.9785946607589722,-8.188945770263672,5.0196332931518555
1482405482339,-0.46315205097198486,-8.724678993225098,4.453746318817139
1482405482521,-0.7019712924957275,-8.598678588867188,4.662655353546143
1482405482702,-1.2428151369094849,-9.117040634155273,3.3919565677642822
1482405482877,-1.4744596481323242,-8.592269897460938,4.491019248962402
1482405483065,-1.6162608861923218,-9.29521369934082,2.675271511077881
1482405483243,-2.2337236404418945,-9.144427299499512,2.7496020793914795
1482405483417,-2.2585439682006836,-9.12559986114502,2.7915596961975098
1482405483603,-1.0059046745300293,-8.96370792388916,3.8484413623809814
1482405483778,-0.9339777231216431,-8.12464714050293,5.411853790283203
1482405483963,-1.50864577293396,-7.510804176330566,6.122270107269287
1482405484140,-1.1928625106811523,-7.432000637054443,6.285923957824707
1482405484320,-0.6220846176147461,-8.15624713897705,5.4091620445251465
1482405484503,-0.8722198009490967,-8.075321197509766,5.495344161987305
1482405484683,-1.3191776275634766,-8.526082038879395,4.662194728851318
1482405484859,-1.6917872428894043,-8.677820205688477,4.243075370788574
1482405485039,0.0026605974417179823,-9.589656829833984,2.051541566848755
1482405485223,-0.8612414598464966,-9.232242584228516,3.192857265472412
1482405485399,-0.18002353608608246,-9.348711967468262,2.956272602081299
1482405485584,0.41169264912605286,-8.669271469116211,4.565591812133789
1482405485764,-1.3583595752716064,-8.26308536529541,5.103594779968262
1482405485940,-1.3230935335159302,-8.227827072143555,5.169398307800293
1482405486124,-0.23471243679523468,-9.665666580200195,1.6401784420013428
1482405486304,-1.0212881565093994,-8.553730964660645,4.68626070022583
1482405486496,-0.966433584690094,-9.558566093444824,1.9672832489013672
1482405486665,-0.10037205368280411,-9.364995002746582,2.9081227779388428
1482405486842,0.45916619896888733,-9.602848052978516,1.9351608753204346
1482405487020,-1.3405981063842773,-9.135702133178711,3.3033506870269775
1482405487200,-0.8807033896446228,-8.672083854675293,4.493297100067139
1482405487391,-0.5071119070053101,-9.045586585998535,3.753746509552002
1482405487562,0.45441725850105286,-8.95490550994873,3.9715912342071533
1482405487746,1.8147048950195313,-8.92567253112793,3.6345016956329346
1482405487931,2.074172258377075,-9.124307632446289,2.9351680278778076
1482405488108,2.3500638008117676,-9.257198333740234,2.2252795696258545
1482405488286,2.4211061000823975,-9.267854690551758,2.1013076305389404
1482405488463,2.6577844619750977,-8.985398292541504,2.892951488494873
1482405488643,2.831026077270508,-8.634734153747559,3.6874165534973145
1482405488823,3.2470176219940186,-8.459622383117676,3.74993896484375
1482405489003,3.1507139205932617,-8.604745864868164,3.4930994510650635
1482405489183,2.9880177974700928,-8.578664779663086,3.6944046020507813
1482405489368,3.2433717250823975,-8.77013111114502,2.9556238651275635
1482405489552,3.184540271759033,-8.982563018798828,2.311427593231201
1482405489728,1.8810982704162598,-9.219819068908691,2.7616660594940186
1482405489911,0.4268198013305664,-9.767212867736816,0.7679723501205444
1482405490086,-0.6647162437438965,-9.637016296386719,1.690109372138977
1482405490268,-0.46466225385665894,-9.714292526245117,1.259753942489624
1482405490444,-0.3424138128757477,-9.659199714660645,1.6592191457748413
1482405490623,-0.29627302289009094,-9.457540512084961,2.5763423442840576
1482405490806,-1.790457844734192,-9.115218162536621,3.1428403854370117
1482405490984,-0.4269820749759674,-9.665459632873535,1.6021745204925537
1482405491169,-0.6285290718078613,-9.557049751281738,2.1066887378692627
1482405491348,-0.45519569516181946,-9.381596565246582,2.8193655014038086
1482405491525,-0.3747788071632385,-9.464637756347656,2.539794921875
1482405491705,-0.20044980943202972,-9.592008590698242,2.030656576156616
1482405491893,-0.4568859934806824,-9.649296760559082,1.6890006065368652
1482405492069,-0.23350326716899872,-9.757186889648438,0.9555939435958862
1482405492250,-0.7077680230140686,-9.73171615600586,0.9814046621322632
1482405492428,-0.6676581501960754,-9.747906684875488,-0.8384101390838623
1482405492614,-0.9321532845497131,-9.745200157165527,-0.5766741037368774
1482405492791,-1.0462427139282227,-9.74598217010498,-0.30260640382766724
1482405492986,-0.5249684453010559,-9.78742504119873,0.3180091381072998
1482405493146,-0.35668236017227173,-9.602850914001465,1.9566426277160645
1482405493331,-1.4447473287582397,-9.189765930175781,3.103433609008789
1482405493507,-1.600677251815796,-9.251632690429688,2.8311662673950195
1482405493692,-1.0215520858764648,-9.562541961669922,1.9195430278778076
1482405493869,-1.6610288619995117,-9.494844436645508,1.8053596019744873
1482405494047,-1.5786176919937134,-9.670616149902344,0.3969026505947113
1482405494231,-2.1998517513275146,-9.50716781616211,0.9719944596290588
1482405494412,-1.7775641679763794,-9.631940841674805,0.48614510893821716
1482405494592,-1.6997990608215332,-9.657867431640625,0.08169745653867722
1482405494770,-1.4746593236923218,-9.689491271972656,0.3309808373451233
1482405494952,-0.7779676914215088,-9.565011024475098,2.018846273422241
1482405495133,-1.9173673391342163,-9.012386322021484,3.357231855392456
1482405495313,-2.147916078567505,-8.971563339233398,3.326845645904541
1482405495489,-1.5061967372894287,-9.328989028930664,2.621396064758301
1482405495673,-1.8171627521514893,-9.183743476867676,2.920133352279663
1482405495853,-1.7759045362472534,-9.505437850952148,1.6319254636764526
1482405496029,-1.487109899520874,-9.381649017333984,2.437941551208496
1482405496213,-0.34826672077178955,-9.683555603027344,1.5092477798461914
1482405496392,-0.7138093709945679,-9.655741691589355,1.5580507516860962
1482405496569,-0.7925800085067749,-9.58838176727295,1.8987252712249756
1482405496754,-0.7248491644859314,-8.492987632751465,4.84913969039917
1482405496934,-2.3223001956939697,-7.926823139190674,5.2860941886901855
1482405497115,-1.0461782217025757,-9.22932243347168,3.145714521408081
1482405497293,1.2905209064483643,-9.007890701293945,3.6555187702178955
1482405497479,-1.4619786739349365,-9.68253231048584,0.530606746673584
1482405497653,-1.7206989526748657,-9.565892219543457,1.3050971031188965
1482405497835,-2.90371036529541,-8.911924362182617,2.8838229179382324
1482405498012,-1.9380170106887817,-9.105650901794434,3.082465171813965
1482405498191,-1.127151370048523,-9.565864562988281,1.8423224687576294
1482405498376,-1.99238121509552,-9.547731399536133,1.0205857753753662
1482405498551,-2.0705783367156982,-9.582283973693848,-0.250811904668808
1482405498736,-0.7126765847206116,-9.77523422241211,0.3275397717952728
1482405498911,-0.8372158408164978,-9.746889114379883,0.6838427186012268
1482405499093,-0.6977252960205078,-9.733505249023438,0.9708049297332764
1482405499277,-0.9545299410820007,-9.667278289794922,1.3427660465240479
1482405499457,-0.0393994078040123,-9.532188415527344,2.303523540496826
1482405499637,-0.5141656398773193,-9.254805564880371,3.2022805213928223
1482405499816,-1.3415745496749878,-9.675597190856934,0.8679875731468201
1482405499995,-0.7111093401908875,-9.591095924377441,1.9171762466430664
1482405500177,-0.8010109663009644,-9.628847122192383,1.6775182485580444
1482405500358,-0.34260478615760803,-9.745196342468262,1.0412380695343018
1482405500533,-0.6959480047225952,-9.734527587890625,0.9617623686790466
1482405500718,-1.058010220527649,-9.748883247375488,-0.10126198828220367
1482405500898,-1.1114246845245361,-9.37066650390625,2.669405221939087
1482405501074,-0.17517448961734772,-9.702242851257324,1.4164000749588013
1482405501257,-0.414326936006546,-9.675053596496582,1.5466285943984985
1482405501439,-0.37811583280563354,-9.670493125915527,1.5839778184890747
1482405501614,0.4576447010040283,-9.450194358825684,2.57968807220459
1482405501799,-0.16222791373729706,-9.1120023727417,3.621532917022705
1482405501979,-1.8832141160964966,-9.369719505310059,2.198235511779785
1482405502158,-1.053436040878296,-9.6600341796875,1.3207616806030273
1482405502339,-0.5393444895744324,-9.769441604614258,0.6614233255386353
1482405502520,-0.44700509309768677,-9.788569450378418,0.3930494785308838
1482405502699,-0.14954774081707,-9.676651000976563,1.5844260454177856
1482405502879,-0.13481837511062622,-9.805716514587402,0.011982114054262638
1482405503055,-1.464603304862976,-9.60470199584961,1.3322967290878296
1482405503238,-1.2550543546676636,-9.658863067626953,1.1408891677856445
1482405503419,-0.9608644247055054,-9.590694427490234,1.807125449180603
1482405503596,-0.8461529016494751,-9.320943832397461,2.928208112716675
1482405503778,-1.7270702123641968,-9.282395362854004,2.6504297256469727
1482405503959,-0.5214310884475708,-9.365030288696289,2.8626415729522705
1482405504138,-0.6871252059936523,-9.516830444335938,2.2645511627197266
1482405504321,-0.3320075571537018,-9.762689590454102,0.8660457730293274
1482405504502,-0.7488563656806946,-9.736272811889648,0.9025468230247498
1482405504678,-0.696336567401886,-9.778802871704102,-0.24594226479530334
1482405504862,-1.9400179386138916,-9.336359977722168,2.288907051086426
1482405505040,-0.08402955532073975,-9.583306312561035,2.079315185546875
1482405505216,-0.45738866925239563,-9.610845565795898,1.8954782485961914
1482405505399,-0.42441800236701965,-9.553531646728516,2.1726200580596924
1482405505578,0.02427826263010502,-9.326150894165039,3.0319461822509766
1482405505763,-0.38557174801826477,-8.9627685546875,3.961122512817383
1482405505940,-1.7949960231781006,-9.31371784210205,2.490586519241333
1482405506117,-0.5738509893417358,-9.635690689086914,1.7304794788360596
1482405506303,0.11327406018972397,-9.800838470458984,0.3179425001144409
1482405506483,-0.06895780563354492,-9.803236961364746,0.24939970672130585
1482405506659,0.463798850774765,-9.768634796142578,-0.7273737788200378
1482405506844,-1.310436487197876,-9.45453929901123,2.250521421432495
1482405507023,-0.4027214050292969,-9.620745658874512,1.857263445854187
1482405507199,-0.2659511864185333,-9.58950138092041,2.034970998764038
1482405507383,-0.47831588983535767,-9.503629684448242,2.371211290359497
1482405507563,-0.056395843625068665,-8.911772727966309,4.092371463775635
1482405507744,-0.7420421242713928,-8.127143859863281,5.437765121459961
1482405507924,0.17710837721824646,-9.632685661315918,1.8304022550582886
1482405508146,0.4165935814380646,-9.60049819946289,1.9563422203063965
1482405508283,-0.5686283111572266,-9.248833656311035,3.2103164196014404
1482405508465,0.18794673681259155,-9.532184600830078,2.2961978912353516
1482405508641,-0.35531243681907654,-9.560492515563965,2.1543238162994385
1482405508825,-2.0420637130737305,-9.225037574768066,2.626598834991455
1482405509006,0.1269853413105011,-9.679155349731445,1.5710633993148804
1482405509181,0.42814430594444275,-9.348201751708984,2.9322686195373535
1482405509364,0.029847880825400352,-9.475293159484863,2.5275135040283203
1482405509546,0.07237798720598221,-9.277950286865234,3.175652027130127
1482405509726,-0.7395637035369873,-7.974546432495117,5.659509181976318
1482405509906,-0.2963187098503113,-8.209698677062988,5.355690002441406
1482405510086,1.0221014022827148,-9.671086311340332,1.2632354497909546
1482405510263,-0.6217871308326721,-9.430150985717773,2.618399143218994
1482405510447,-0.8401612639427185,-9.68132495880127,1.3177461624145508
1482405510626,-1.0046513080596924,-9.106186866760254,3.498347282409668
1482405510805,-0.30403628945350647,-9.693696975708008,1.4526532888412476
1482405510987,0.05293313413858414,-9.535679817199707,2.2887487411499023
1482405511162,-0.0404663048684597,-9.327069282531738,3.028945207595825
1482405511346,0.8864476084709167,-8.824933052062988,4.183915615081787
1482405511527,-1.8442375659942627,-9.215612411499023,2.8002965450286865
1482405511705,-0.8875377774238586,-9.647005081176758,1.5224848985671997
1482405511888,-0.3307330012321472,-9.324542045593262,3.0189287662506104
1482405512068,1.5147541761398315,-9.136453628540039,3.225076675415039
1482405512249,-0.8002871870994568,-9.723305702209473,0.9936065673828125
1482405512425,-0.27112025022506714,-9.660850524902344,1.6627806425094604
1482405512609,-0.6413280963897705,-9.00733757019043,3.8245208263397217
1482405512789,-1.35147225856781,-8.94157600402832,3.793694496154785
1482405512969,-0.26624855399131775,-9.634183883666992,1.8116315603256226
1482405513149,-1.0503714084625244,-9.549731254577637,1.9671739339828491
1482405513328,-0.8688178062438965,-9.767182350158691,0.133014976978302
1482405513510,-0.47081515192985535,-9.788975715637207,0.35309332609176636
1482405513685,-0.7135790586471558,-9.755247116088867,0.704521894454956
1482405513868,-2.0709028244018555,-8.795969009399414,3.8095483779907227
1482405514050,-2.869135618209839,-8.45917797088623,4.047314167022705
1482405514230,-2.3299953937530518,-8.598766326904297,4.099113464355469
1482405514409,-1.911679744720459,-8.773147583007813,3.9430620670318604
1482405514587,-2.536442279815674,-8.991251945495605,2.982318878173828
1482405514768,-2.3123464584350586,-9.10880184173584,2.802354097366333
1482405514951,-2.4435884952545166,-9.130212783813477,2.6150481700897217
1482405515128,-2.3761372566223145,-9.189722061157227,2.4644227027893066
1482405515308,-1.919925332069397,-9.030462265014648,3.306814670562744
1482405515491,-1.289783239364624,-8.664271354675293,4.408768653869629
1482405515667,-2.2406482696533203,-8.024112701416016,5.173345565795898
1482405515849,-2.963676929473877,-8.01362133026123,4.813406467437744
1482405516030,-2.278440475463867,-7.706566333770752,5.6203155517578125
1482405516207,-2.166642904281616,-7.839818954467773,5.478437423706055
1482405516390,-2.0805113315582275,-8.286955833435059,4.813338756561279
1482405516573,-2.1654720306396484,-8.381945610046387,4.6069655418396
1482405516748,-2.2969560623168945,-8.886926651000977,3.452091693878174
1482405516933,-2.008817672729492,-8.562544822692871,4.33795690536499
1482405517115,-1.5455106496810913,-9.391036987304688,2.364366054534912
1482405517289,-2.2190427780151367,-9.285907745361328,2.240119457244873
1482405517471,-1.3647630214691162,-9.019502639770508,3.599494695663452
1482405517659,-1.0584226846694946,-8.208662986755371,5.260036468505859
1482405517829,-1.723031997680664,-8.070781707763672,5.297547817230225
1482405518014,-1.5787749290466309,-8.436504364013672,4.743760585784912
1482405518189,-0.6526126265525818,-9.111431121826172,3.567394495010376
1482405518370,-1.0174411535263062,-9.341285705566406,2.806349277496338
1482405518554,-1.8704712390899658,-9.483762741088867,1.6522639989852905
1482405518730,-0.19400310516357422,-9.633161544799805,1.8261890411376953
1482405518915,0.5737484097480774,-9.401204109191895,2.7310335636138916
1482405519095,-0.36668628454208374,-9.170047760009766,3.456322431564331
1482405519270,-0.9300498366355896,-9.272656440734863,3.0533974170684814
1482405519452,-0.2105100154876709,-9.420092582702637,2.718071937561035
1482405519635,0.34491103887557983,-9.574922561645508,2.0910027027130127
1482405519811,-0.1692265421152115,-9.608603477478027,1.95359206199646
1482405519995,-0.46444937586784363,-9.654611587524414,1.656246304512024
1482405520174,-0.2477690428495407,-9.794797897338867,0.41346216201782227
1482405520351,0.1691274344921112,-9.802579879760742,0.22635552287101746
1482405520536,0.4288185238838196,-9.797142028808594,0.05036649852991104
1482405520712,0.5437707901000977,-9.78955364227295,0.19826865196228027
1482405520891,0.7065569162368774,-9.765225410461426,0.558162271976471
1482405521076,1.6622291803359985,-9.49242877960205,1.8169162273406982
1482405521253,1.885240912437439,-8.75991153717041,3.9850003719329834
1482405521432,1.3964049816131592,-8.908602714538574,3.8545098304748535
1482405521617,1.501832127571106,-8.912701606750488,3.8050808906555176
1482405521793,1.772139310836792,-9.14393424987793,3.068941116333008
1482405521977,1.2352159023284912,-9.018357276916504,3.648820161819458
1482405522158,1.0304142236709595,-9.42635440826416,2.500492811203003
1482405522333,1.9902467727661133,-9.429320335388184,1.8158284425735474
1482405522518,0.29756051301956177,-9.67373275756836,1.5813772678375244
