timestamp,uv
1475639937055,0
1475639937156,0
1475639937250,0
1475639937370,0
1475639937450,0
1475639937560,0
1475639937675,0
1475639937753,0
1475639937876,0
1475639937951,0
1475639938052,0
1475639938162,0
1475639938250,0
1475639938376,0
1475639938449,0
1475639938595,0
1475639938648,0
1475639938769,0
1475639938848,0
1475639938950,0
1475639939047,0
1475639939150,0
1475639939246,0
1475639939366,0
1475639939446,0
1475639939563,0
1475639939649,0
1475639939763,0
1475639939849,0
1475639939947,0
1475639940047,0
1475639940174,0
1475639940245,0
1475639940364,0
1475639940445,0
1475639940548,0
1475639940645,0
1475639940747,0
1475639940844,0
1475639940965,0
1475639941060,0
1475639941145,0
1475639941245,0
1475639941352,0
1475639941445,0
1475639941557,0
1475639941645,0
1475639941789,0
1475639941844,0
1475639941956,0
1475639942042,0
1475639942173,0
1475639942241,0
1475639942359,0
1475639942441,0
1475639942559,0
1475639942645,0
1475639942744,0
1475639942841,0
1475639942940,0
1475639943042,0
1475639943140,0
1475639943241,0
1475639943358,0
1475639943441,0
1475639943543,0
1475639943638,0
1475639943742,0
1475639943837,0
1475639943959,0
1475639944037,0
1475639944150,0
1475639944241,0
1475639944351,0
1475639944439,0
1475639944538,0
1475639944638,0
1475639944738,0
1475639944838,0
1475639944963,0
1475639945036,0
1475639945137,0
1475639945235,0
1475639945355,0
1475639945438,0
1475639945537,0
1475639945635,0
1475639945743,0
1475639945838,0
1475639945935,0
1475639946055,0
1475639946135,0
1475639946234,0
1475639946340,0
1475639946434,0
1475639946565,0
1475639946632,0
1475639946746,0
1475639946831,0
1475639946941,0
1475639947031,0
1475639947154,0
1475639947232,0
1475639947338,0
1475639947454,0
1475639947556,0
1475639947630,0
1475639947731,0
1475639947832,0
1475639947930,0
1475639948032,0
1475639948136,0
1475639948232,0
1475639948367,0
1475639948429,0
1475639948549,0
1475639948631,0
1475639948728,0
1475639948829,0
1475639948930,0
1475639949029,0
1475639949138,0
1475639949227,0
1475639949346,0
1475639949427,0
1475639949544,0
1475639949630,0
1475639949742,0
1475639949849,0
1475639949939,0
1475639950026,0
1475639950126,0
1475639950226,0
1475639950365,0
1475639950425,0
1475639950525,0
1475639950625,0
1475639950729,0
1475639950824,0
1475639950945,0
1475639951028,0
1475639951125,0
1475639951225,0
1475639951325,0
1475639951424,0
1475639951540,0
1475639951643,0
1475639951764,0
1475639951821,0
1475639951941,0
1475639952021,0
1475639952130,0
1475639952221,0
1475639952329,0
1475639952440,0
1475639952538,0
1475639952620,0
1475639952721,0
1475639952822,0
1475639952935,0
1475639953019,0
1475639953121,0
1475639953220,0
1475639953369,0
1475639953418,0
1475639953534,0
1475639953618,0
1475639953726,0
1475639953819,0
1475639953921,0
1475639954074,0
1475639954128,0
1475639954220,0
1475639954324,0
1475639954421,0
1475639954532,0
1475639954618,0
1475639954731,0
1475639954818,0
1475639954956,0
1475639955040,0
1475639955117,0
1475639955215,0
1475639955318,0
1475639955417,0
1475639955517,0
1475639955640,0
1475639955715,0
1475639955817,0
1475639955917,0
1475639956015,0
1475639956115,0
1475639956216,0
1475639956317,0
1475639956414,0
1475639956557,0
1475639956614,0
1475639956714,0
1475639956812,0
1475639956914,0
1475639957012,0
1475639957112,0
1475639957234,0
1475639957313,0
1475639957414,0
1475639957516,0
1475639957612,0
1475639957731,0
1475639957810,0
1475639957935,0
1475639958008,0
1475639958119,0
1475639958209,0
1475639958329,0
1475639958408,0
1475639958512,0
1475639958609,0
1475639958717,0
1475639958808,0
1475639958942,0
1475639959015,0
1475639959110,0
1475639959207,0
1475639959308,0
1475639959409,0
1475639959535,0
1475639959606,0
1475639959728,0
1475639959815,0
1475639959908,0
1475639960006,0
1475639960119,0
1475639960205,0
1475639960317,0
1475639960413,0
1475639960509,0
1475639960607,0
1475639960734,0
1475639960804,0
1475639960905,0
1475639961006,0
1475639961126,0
1475639961205,0
1475639961306,0
1475639961407,0
1475639961505,0
1475639961603,0
1475639961703,0
1475639961814,0
1475639961904,0
1475639962005,0
1475639962102,0
1475639962203,0
1475639962320,0
1475639962403,0
1475639962524,0
1475639962601,0
1475639962708,0
1475639962820,0
1475639962900,0
1475639963002,0
1475639963118,0
1475639963199,0
1475639963301,0
1475639963402,0
1475639963507,0
1475639963622,0
1475639963715,0
1475639963798,0
1475639963921,0
1475639963999,0
1475639964102,0
1475639964197,0
1475639964326,0
1475639964403,0
1475639964511,0
1475639964611,0
1475639964701,0
1475639964837,0
1475639964920,0
1475639964995,0
1475639965115,0
1475639965195,0
1475639965335,0
1475639965395,0
1475639965504,0
1475639965595,0
1475639965696,0
1475639965819,0
1475639965895,0
1475639965995,0
1475639966095,0
1475639966195,0
1475639966301,0
1475639966394,0
1475639966515,0
1475639966592,0
1475639966734,0
1475639966822,0
1475639966945,0
1475639966991,0
1475639967111,0
1475639967191,0
1475639967301,0
1475639967398,0
1475639967496,0
1475639967592,0
1475639967695,0
1475639967792,0
1475639967918,0
1475639967990,0
1475639968094,0
1475639968191,0
1475639968291,0
1475639968390,0
1475639968510,0
1475639968589,0
1475639968707,0
1475639968792,0
1475639968906,0
1475639968989,0
1475639969089,0
1475639969190,0
1475639969303,0
1475639969390,0
1475639969529,0
1475639969588,0
1475639969708,0
1475639969787,0
1475639969906,0
1475639969987,0
1475639970093,0
1475639970188,0
1475639970288,0
1475639970409,0
1475639970486,0
1475639970588,0
1475639970687,0
1475639970787,0
1475639970905,0
1475639970989,0
1475639971088,0
1475639971186,0
1475639971285,0
1475639971384,0
1475639971487,0
1475639971585,0
1475639971687,0
1475639971782,0
1475639971900,0
1475639971982,0
1475639972094,0
1475639972184,0
1475639972290,0
1475639972385,0
1475639972487,0
1475639972583,0
1475639972686,0
1475639972782,0
1475639972900,0
1475639972981,0
1475639973088,0
1475639973179,0
1475639973283,0
1475639973379,0
1475639973504,0
1475639973579,0
1475639973687,0
1475639973788,0
1475639973920,0
1475639973985,0
1475639974089,0
1475639974177,0
1475639974284,0
1475639974378,0
1475639974498,0
1475639974579,0
1475639974680,0
1475639974777,0
1475639974942,0
1475639974979,0
1475639975079,0
1475639975177,0
1475639975277,0
1475639975377,0
1475639975477,0
1475639975604,0
1475639975675,0
1475639975823,0
1475639975883,0
1475639975976,0
1475639976075,0
1475639976176,0
1475639976276,0
1475639976375,0
1475639976527,0
1475639976574,0
1475639976692,0
1475639976776,0
1475639976882,0
1475639976973,0
1475639977094,0
1475639977172,0
1475639977359,0
1475639977378,0
1475639977495,0
1475639977592,0
1475639977671,0
1475639977773,0
1475639977878,0
1475639977974,0
1475639978071,0
1475639978172,0
1475639978285,0
1475639978371,0
1475639978509,0
1475639978569,0
1475639978674,0
1475639978768,0
1475639978871,0
1475639978985,0
1475639979070,0
1475639979168,0
1475639979286,0
1475639979367,0
1475639979471,0
1475639979568,0
1475639979708,0
1475639979767,0
1475639979869,0
1475639979966,0
1475639980084,0
1475639980165,0
1475639980285,0
1475639980379,0
1475639980485,0
1475639980570,0
1475639980666,0
1475639980765,0
1475639980867,0
1475639980966,0
1475639981066,0
1475639981165,0
1475639981286,0
1475639981366,0
1475639981466,0
1475639981567,0
1475639981705,0
1475639981763,0
1475639981876,0
1475639981962,0
1475639982081,0
1475639982163,0
1475639982280,0
1475639982364,0
1475639982474,0
1475639982561,0
1475639982662,0
1475639982764,0
1475639982863,0
1475639982962,0
1475639983078,0
1475639983162,0
1475639983345,0
1475639983385,0
1475639983460,0
1475639983561,0
1475639983668,0
1475639983760,0
1475639983868,0
1475639983984,0
1475639984062,0
1475639984159,0
1475639984259,0
1475639984360,0
1475639984468,0
1475639984559,0
1475639984676,0
1475639984759,0
1475639984858,0
1475639984959,0
1475639985083,0
1475639985155,0
1475639985259,0
1475639985355,0
1475639985479,0
1475639985556,0
1475639985672,0
1475639985767,0
1475639985856,0
1475639985971,0
1475639986056,0
1475639986154,0
1475639986256,0
1475639986354,0
1475639986477,0
1475639986556,0
1475639986681,0
1475639986753,0
1475639986925,0
1475639986957,0
1475639987062,0
1475639987152,0
1475639987260,0
1475639987352,0
1475639987456,0
1475639987551,0
1475639987684,0
1475639987750,0
1475639987867,0
1475639987953,0
1475639988055,0
1475639988151,0
1475639988270,0
1475639988352,0
1475639988496,0
1475639988549,0
1475639988725,0
1475639988751,0
1475639988851,0
1475639988949,0
1475639989052,0
1475639989149,0
1475639989250,0
1475639989369,0
1475639989448,0
1475639989549,0
1475639989655,0
1475639989748,0
1475639989852,0
1475639989948,0
1475639990089,0
1475639990147,0
1475639990262,0
1475639990347,0
1475639990446,0
1475639990547,0
1475639990651,0
1475639990746,0
1475639990864,0
1475639990947,0
1475639991046,0
1475639991147,0
1475639991246,0
1475639991345,0
1475639991490,0
1475639991543,0
1475639991657,0
1475639991746,0
1475639991850,0
1475639991945,0
1475639992046,0
1475639992143,0
1475639992243,0
1475639992344,0
1475639992450,0
1475639992545,0
1475639992662,0
1475639992741,0
1475639992845,0
1475639992941,0
1475639993044,0
1475639993140,0
1475639993249,0
1475639993340,0
1475639993461,0
1475639993547,0
1475639993659,0
1475639993742,0
1475639993849,0
1475639993941,0
1475639994066,0
1475639994138,0
1475639994280,0
1475639994338,0
1475639994440,0
1475639994537,0
1475639994659,0
1475639994737,0
1475639994854,0
1475639994942,0
1475639995040,0
1475639995137,0
1475639995238,0
1475639995338,0
1475639995445,0
1475639995538,0
1475639995657,0
1475639995735,0
1475639995876,0
1475639995936,0
1475639996049,0
1475639996135,0
1475639996252,0
1475639996336,0
1475639996436,0
1475639996559,0
1475639996634,0
1475639996736,0
1475639996838,0
1475639996935,0
1475639997051,0
1475639997135,0
1475639997235,0
1475639997335,0
1475639997435,0
1475639997536,0
1475639997654,0
1475639997732,0
1475639997834,0
1475639997931,0
1475639998051,0
1475639998131,0
1475639998244,0
1475639998352,0
1475639998440,0
1475639998532,0
1475639998644,0
1475639998732,0
1475639998846,0
1475639998932,0
1475639999068,0
1475639999128,0
1475639999232,0
1475639999328,0
1475639999450,0
1475639999536,0
1475639999634,0
1475639999729,0
1475639999829,0
1475639999929,0
1475640000030,0
1475640000127,0
1475640000228,0
1475640000326,0
1475640000449,0
1475640000529,0
1475640000630,0
1475640000726,0
1475640000847,0
1475640000925,0
1475640001044,0
1475640001124,0
1475640001240,0
1475640001331,0
1475640001427,0
1475640001526,0
1475640001626,0
1475640001725,0
1475640001844,0
1475640001926,0
1475640002028,0
1475640002122,0
1475640002226,0
1475640002324,0
1475640002427,0
1475640002522,0
1475640002625,0
1475640002746,0
1475640002823,0
1475640002924,0
1475640003027,0
1475640003124,0
1475640003247,0
1475640003321,0
1475640003442,0
1475640003521,0
1475640003661,0
1475640003720,0
1475640003823,0
1475640003920,0
1475640004037,0
1475640004124,0
1475640004230,0
1475640004319,0
1475640004419,0
1475640004522,0
1475640004627,0
1475640004720,0
1475640004861,0
1475640004918,0
1475640005026,0
1475640005117,0
1475640005236,0
1475640005317,0
1475640005436,0
1475640005520,0
1475640005618,0
1475640005741,0
1475640005816,0
1475640005918,0
1475640006018,0
1475640006118,0
1475640006237,0
1475640006315,0
1475640006455,0
1475640006518,0
1475640006623,0
1475640006714,0
1475640006816,0
1475640006935,0
1475640007016,0
1475640007116,0
1475640007231,0
1475640007313,0
1475640007433,0
1475640007511,0
1475640007651,0
1475640007711,0
1475640007834,0
1475640007911,0
1475640008014,0
1475640008110,0
1475640008219,0
1475640008310,0
1475640008422,0
1475640008510,0
1475640008630,0
1475640008715,0
1475640008829,0
1475640008909,0
1475640009011,0
1475640009111,0
1475640009212,0
1475640009311,0
1475640009411,0
1475640009511,0
1475640009651,0
1475640009708,0
1475640009815,0
1475640009908,0
1475640010011,0
1475640010117,0
1475640010208,0
1475640010309,0
1475640010414,0
1475640010508,0
1475640010634,0
1475640010707,0
1475640010852,0
1475640010906,0
1475640011024,0
1475640011106,0
1475640011207,0
1475640011305,0
1475640011406,0
1475640011526,0
1475640011609,0
1475640011708,0
1475640011805,0
1475640011907,0
1475640012013,0
1475640012106,0
1475640012217,0
1475640012305,0
1475640012443,0
1475640012507,0
1475640012603,0
1475640012702,0
1475640012805,0
1475640012904,0
1475640013004,0
1475640013127,0
1475640013202,0
1475640013303,0
1475640013403,0
1475640013503,0
1475640013601,0
1475640013702,0
1475640013805,0
1475640013900,0
1475640014004,0
1475640014098,0
1475640014208,0
1475640014298,0
1475640014403,0
1475640014522,0
1475640014601,0
1475640014700,0
1475640014805,0
1475640014899,0
1475640015017,0
1475640015099,0
1475640015200,0
1475640015298,0
1475640015399,0
1475640015496,0
1475640015609,0
1475640015696,0
1475640015805,0
1475640015902,0
1475640016000,0
1475640016098,0
1475640016204,0
1475640016295,0
1475640016396,0
1475640016498,0
1475640016621,0
1475640016696,0
1475640016796,0
1475640016898,0
1475640016998,0
1475640017097,0
1475640017203,0
1475640017294,0
1475640017394,0
1475640017495,0
1475640017594,0
1475640017718,0
1475640017792,0
1475640017894,0
1475640018001,0
1475640018094,0
1475640018204,0
1475640018293,0
1475640018395,0
1475640018490,0
1475640018591,0
1475640018691,0
1475640018811,0
1475640018890,0
1475640018999,0
1475640019116,0
1475640019190,0
1475640019291,0
1475640019389,0
1475640019491,0
1475640019604,0
1475640019688,0
1475640019794,0
1475640019889,0
1475640019997,0
1475640020088,0
1475640020206,0
1475640020301,0
1475640020389,0
1475640020488,0
1475640020588,0
1475640020687,0
1475640020791,0
1475640020888,0
1475640021014,0
1475640021087,0
1475640021187,0
1475640021287,0
1475640021426,0
1475640021486,0
1475640021592,0
1475640021687,0
1475640021787,0
1475640021886,0
1475640021987,0
1475640022107,0
1475640022184,0
1475640022285,0
1475640022390,0
1475640022484,0
1475640022598,0
1475640022681,0
1475640022786,0
1475640022881,0
1475640023005,0
1475640023081,0
1475640023185,0
1475640023281,0
1475640023384,0
1475640023505,0
1475640023582,0
1475640023681,0
1475640023782,0
1475640023881,0
1475640024000,0
1475640024081,0
1475640024226,0
1475640024279,0
1475640024401,0
1475640024479,0
1475640024580,0
1475640024679,0
1475640024780,0
1475640024879,0
1475640024998,0
1475640025078,0
1475640025191,0
1475640025285,0
1475640025397,0
1475640025479,0
1475640025577,0
1475640025679,0
1475640025786,0
1475640025878,0
1475640025979,0
1475640026079,0
1475640026175,0
1475640026275,0
1475640026379,0
1475640026476,0
1475640026575,0
1475640026694,0
1475640026777,0
1475640026876,0
1475640026985,0
1475640027076,0
1475640027185,0
1475640027275,0
1475640027418,0
1475640027474,0
1475640027621,0
1475640027672,0
1475640027785,0
1475640027871,0
1475640027986,0
1475640028096,0
1475640028174,0
1475640028273,0
1475640028375,0
1475640028472,0
1475640028592,0
1475640028671,0
1475640028774,0
1475640028870,0
1475640028972,0
1475640029069,0
1475640029191,0
1475640029269,0
1475640029376,0
1475640029478,0
1475640029573,0
1475640029670,0
1475640029778,0
1475640029867,0
1475640029968,0
1475640030069,0
1475640030203,0
1475640030268,0
1475640030389,0
1475640030467,0
1475640030586,0
1475640030666,0
1475640030783,0
1475640030869,0
1475640030969,0
1475640031068,0
1475640031169,0
1475640031267,0
1475640031376,0
1475640031466,0
1475640031584,0
1475640031667,0
1475640031768,0
1475640031872,0
1475640031967,0
1475640032064,0
1475640032165,0
1475640032264,0
1475640032367,0
1475640032463,0
1475640032581,0
1475640032668,0
1475640032766,0
1475640032865,0
1475640032976,0
1475640033062,0
1475640033187,0
1475640033261,0
1475640033382,0
1475640033461,0
1475640033566,0
1475640033662,0
1475640033766,0
1475640033863,0
1475640033962,0
1475640034085,0
1475640034160,0
1475640034261,0
1475640034363,0
1475640034462,0
1475640034569,0
1475640034660,0
1475640034774,0
1475640034859,0
1475640034967,0
1475640035058,0
1475640035182,0
1475640035257,0
1475640035362,0
1475640035456,0
1475640035577,0
1475640035656,0
1475640035760,0
1475640035856,0
1475640035970,0
1475640036055,0
1475640036185,0
1475640036256,0
1475640036376,0
1475640036461,0
1475640036557,0
1475640036656,0
1475640036756,0
1475640036856,0
1475640036962,0
1475640037055,0
1475640037183,0
1475640037254,0
1475640037356,0
1475640037452,0
1475640037556,0
1475640037653,0
1475640037754,0
1475640037876,0
1475640037954,0
1475640038076,0
1475640038152,0
1475640038251,0
1475640038351,0
1475640038452,0
1475640038551,0
1475640038653,0
1475640038777,0
1475640038850,0
1475640038954,0
1475640039050,0
1475640039187,0
1475640039250,0
1475640039352,0
1475640039452,0
1475640039553,0
1475640039656,0
1475640039752,0
1475640039850,0
1475640039949,0
1475640040051,0
1475640040159,0
1475640040250,0
1475640040352,0
1475640040447,0
1475640040561,0
1475640040649,0
1475640040755,0
1475640040849,0
1475640040967,0
1475640041046,0
1475640041147,0
1475640041246,0
1475640041352,0
1475640041447,0
1475640041554,0
1475640041645,0
1475640041764,0
1475640041847,0
1475640041981,0
1475640042043,0
1475640042162,0
1475640042245,0
1475640042346,0
1475640042447,0
1475640042564,0
1475640042642,0
1475640042756,0
1475640042842,0
1475640042964,0
1475640043047,0
1475640043180,0
1475640043241,0
1475640043342,0
1475640043442,0
1475640043544,0
1475640043643,0
1475640043779,0
1475640043840,0
1475640043943,0
1475640044040,0
1475640044142,0
1475640044240,0
1475640044358,0
1475640044442,0
1475640044553,0
1475640044648,0
1475640044741,0
1475640044864,0
1475640044940,0
1475640045041,0
1475640045148,0
1475640045240,0
1475640045365,0
1475640045439,0
1475640045595,0
1475640045637,0
1475640045750,0
1475640045837,0
1475640045946,0
1475640046040,0
1475640046139,0
1475640046242,0
1475640046341,0
1475640046437,0
1475640046535,0
1475640046666,0
1475640046766,0
1475640046834,0
1475640046958,0
1475640047036,0
1475640047185,0
1475640047234,0
1475640047342,0
1475640047434,0
1475640047553,0
1475640047652,0
1475640047734,0
1475640047847,0
1475640047936,0
1475640048036,0
1475640048139,0
1475640048233,0
1475640048357,0
1475640048432,0
1475640048535,0
1475640048631,0
1475640048732,0
1475640048830,0
1475640048945,0
1475640049030,0
1475640049152,0
1475640049229,0
1475640049341,0
1475640049432,0
1475640049540,0
1475640049630,0
1475640049767,0
1475640049830,0
1475640049937,0
1475640050028,0
1475640050140,0
1475640050230,0
1475640050343,0
1475640050429,0
1475640050540,0
1475640050627,0
1475640050728,0
1475640050829,0
1475640050954,0
1475640051026,0
1475640051129,0
1475640051227,0
1475640051328,0
1475640051425,0
1475640051541,0
1475640051625,0
1475640051742,0
1475640051826,0
1475640051929,0
1475640052042,0
1475640052126,0
1475640052227,0
1475640052326,0
1475640052428,0
1475640052545,0
1475640052627,0
1475640052726,0
1475640052825,0
1475640052924,0
1475640053022,0
1475640053122,0
1475640053260,0
1475640053342,0
1475640053421,0
1475640053522,0
1475640053624,0
1475640053723,0
1475640053824,0
1475640053941,0
1475640054021,0
1475640054126,0
1475640054220,0
1475640054320,0
1475640054419,0
1475640054530,0
1475640054620,0
1475640054727,0
1475640054819,0
1475640054939,0
1475640055018,0
1475640055121,0