,sp_mean_ax,sp_mean_ay,sp_mean_az,sp_mean_acc_magnitude,sp_var_ax,sp_var_ay,sp_var_az,sp_var_acc_magnitude,sp_cov_a_xy,sp_cov_a_yz,sp_cov_a_xz,sp_cov_a_xmag,sp_cov_a_ymag,sp_cov_a_zmag,sp_energy_ax,sp_energy_ay,sp_energy_az,sp_energy_acc_magnitude,sp_entropy_ax,sp_entropy_ay,sp_entropy_az,sp_entropy_acc_magnitude,sw_mean_ax,sw_mean_ay,sw_mean_az,sw_mean_acc_magnitude,sw_var_ax,sw_var_ay,sw_var_az,sw_var_acc_magnitude,sw_cov_a_xy,sw_cov_a_yz,sw_cov_a_xz,sw_cov_a_xmag,sw_cov_a_ymag,sw_cov_a_zmag,sw_energy_ax,sw_energy_ay,sw_energy_az,sw_energy_acc_magnitude,sw_entropy_ax,sw_entropy_ay,sw_entropy_az,sw_entropy_acc_magnitude
0,-5.234652751655085,-0.5114762887358666,7.155176508426666,9.711727976054425,7.282871457373396,7.429240495644736,2.7936153888982056,1.65145863444121,4.430986653181903,2.392909997701719,0.6257949133116858,-1.5434647839935574,-0.781308205533165,0.9156234551880218,3.3499858219540397,3.5014040926213172,2.8911098866907077,2.636015819687181,3.190507064652762,3.3045984365147043,3.422650908414036,3.4789047010242324,2.800798887014389,7.510651540756226,-3.232404302060604,9.95704304285292,8.178784267715745,7.490741965746645,15.579237511547909,6.182191834158025,0.9959422773328104,-8.756854793366362,1.1994073743746383,2.523892176599636,5.474041332903241,-2.9650960783754887,3.7102408497593418,3.8246187062149777,4.571360375255669,3.621262770315646,3.35375198782091,3.46389686431732,3.4309111490144906,3.4611835341053645
1,-4.946989369392395,-2.147120054066181,7.433143317699432,9.581294618411716,1.5347483255900194,1.1752081889912687,6.6621210052103,1.7138635342622888,-0.46767245164438576,1.5650650390408265,-0.979146065720308,-0.044465959429742866,-0.5153247369097429,2.5615718829602243,2.531825958056566,2.3414527553078384,3.712494575401835,2.586349912618359,3.4367531633274053,3.4241641622744847,3.4430955866303523,3.394175838233471,-1.1873185575008391,6.006583014130593,-3.6443287320435047,9.910230648048271,23.08179469424817,16.527239107465327,15.460594078868025,6.410371749618087,11.93998764609206,-2.1978523808112036,2.010808360831164,5.240547011876051,7.288429917449709,-2.7491645280670207,4.602227264854289,4.599712313448784,4.433879396725798,3.668393014027779,3.2902155302169547,3.448487625039834,3.432031197729935,3.485427067973895
2,-4.576591402292252,-1.877996825799346,7.845140552520752,9.634472603421399,1.192407859011995,1.1445434242845303,5.474814007654367,0.8325128642595166,-0.42154187691228157,1.4375192097915035,-0.7104385909792068,0.08104484155105125,-0.396157776665778,1.5952113034084268,2.382967234770442,2.3335130647702114,3.593599752750338,2.1929823668844675,3.429396176204964,3.424604563640049,3.4836126099837084,3.4444256870850483,-4.419902330636978,5.386841872334481,-4.568436870537698,9.452555548557058,2.2016462851351446,12.406344872527635,6.84633479583183,1.0167987857383791,2.524173852845272,-0.3200523170864594,3.8893447333126527,-0.022730050129048378,2.2839821687592967,0.18237031499856776,2.853154544465518,4.1933646276082825,3.089433620020447,2.254445646557725,3.499333633280699,3.4128607841111944,3.064282699402859,3.3997794830819212
3,-4.704576414823532,-1.2290335204452276,8.105046057701111,9.494982512141013,0.6361884408449489,0.23085963073147467,0.018089780278456893,0.04476998404416699,-0.16597803287795804,0.07010629039649363,-0.02329784692348823,-0.15618450027992392,0.016777092555478296,-0.013177165492297931,2.1305340180937646,1.6694496665916971,0.8414546309648014,1.1247880647453898,3.527601042388062,3.572573760934079,3.46842856285195,3.595296493629189,-5.108317470550537,7.207660245895386,-2.9415567230433224,9.893982120002914,1.9662051404530752,4.259037069183698,5.990672611871086,0.7360659642120702,0.2843938685785181,-0.8022795641007757,3.256272166112546,-0.4348935683477404,0.9849756718899965,0.134361423521581,2.320272638933871,3.1519678496886074,2.7796197468745225,2.1938908568844364,3.174146219676453,3.3533867952702905,2.906847793995685,3.5353310594496197
4,-4.861800634860993,-1.3074286580085754,8.064224898815155,9.509964943380515,0.008782971751891794,0.0520776793497134,0.00435252508935438,0.0024081538942918456,0.007576883555816927,0.0026837626554265916,0.010930849426148085,-0.002963401656663641,-0.0015793927080659284,0.0008991198647707516,0.7172724419838937,1.069657637585753,0.6060165827491424,0.5159701017396707,3.4927785728879233,3.3759223977899295,3.5103342320566946,3.495656137965996,-5.79972357749939,5.080321322381496,-4.761537539027631,10.010892545641756,0.7542064079696431,7.726321245207615,10.948856678397918,0.8660289359136928,-1.3518168439167415,-1.264092603208756,7.448332561752395,-0.3820172599014309,0.6914381272901037,-0.7212429960464234,2.0863556671950962,3.6334413934433782,3.5193093272940805,2.240498446249493,3.393046058607444,3.368557300644962,3.119616045855992,3.4681888358566133
5,-4.742943477630615,-1.346873116493225,8.101484775543213,9.492216860488517,0.10883019794956948,0.06906893848730922,0.010590871193868128,0.02587940839681945,0.011492646195681962,0.00432913879884828,0.017649007406306774,-0.04818460730024793,-0.00029302986898182366,0.004331077946441255,1.3562342784322121,1.0881708891400268,0.7093658711700914,0.9364777383063161,3.5035154863919553,3.303555873900543,3.352712012458209,3.480074613118386,-5.074100041389466,3.8596827000379563,-6.8907309710979465,9.87640078715446,0.38388650134918767,6.644611959852943,3.027145199594026,0.39669246340547143,0.3967160717979483,0.1856893684036045,3.6466977573724386,-0.013120202071021936,0.6358804659186675,-0.019186257813452234,1.7290337186714704,3.533114047045299,2.941432029546913,1.799028509505772,3.3508015433582865,3.350587018423902,3.3660785070376957,3.401297720581449
6,-4.723071575164795,-1.0923694908618926,8.154710900783538,9.49368712066339,0.09880425622824807,0.05476430055377296,0.004907280787998855,0.02503064680436987,-0.021680875081557416,-0.004235060843921535,0.004042542031151182,-0.04619862585216923,0.005912036150681994,0.005431082181199727,1.3089514802076179,1.0406947934989128,0.6002436025280625,0.9135955518307602,3.4832443802868895,3.358647362350721,3.4241827280242125,3.43901694182855,-4.908875566720963,6.33505784124136,-4.2750767230987545,9.74800433275586,0.5717185783362891,6.496149007050676,5.967169717326035,0.19679083951039417,0.2573175236578207,-0.23592174005121236,5.540512315806898,-0.03920347846438596,0.5616359501689488,0.3759617970700232,1.7690136738881999,3.022579107545215,2.9409455222386085,1.5448966898549792,3.2109534150311454,3.0202249278781386,3.0250988524036524,3.456224304360106
7,-4.82578284740448,-0.9450063809752465,8.144355988502502,9.51417127393775,0.0024750057542259753,0.005801592096393993,0.0011282533894647886,0.0015039158775334651,0.0010488595642080005,0.00016261580211589038,-0.00015989167765534712,-0.0012165397339800733,-0.0012527358028728522,0.0008955268275369505,0.5225413513654361,0.592754847426316,0.42701157153470465,0.45038120804187637,3.503692492221966,3.3391998385265036,3.4805343364678927,3.4122577205937867,-4.3405802100896835,8.182077598571777,-2.5348366037011147,9.83435494272543,2.3987207953954166,0.7601613258577135,1.8451415244289977,0.3864747812997826,0.9228737153203276,-0.7547042905805069,-0.318696568376111,-0.09296045573359117,0.29655097911583894,-0.37247249718374814,2.1674506281788397,1.9806650881586156,2.597774885138156,1.797535466428994,2.835876931944684,3.2513808197059384,3.389498929138474,3.4290147409166063
8,-4.8606932878494264,-1.1024700179696083,8.09358390569687,9.507630673219264,0.004717224593670067,0.03849984910170061,0.00569386238074173,0.000540473801197038,0.007191176812024182,0.0043230609693354315,0.011826627110342998,0.0003624521842337392,0.0016401003111128866,0.00112557464794022,0.5830909575052341,0.8705391462139593,0.6056168514088374,0.3465895659163996,3.3324394011941805,3.2153477110927615,3.364312747935136,3.447966650705711,-3.768456307053566,8.083493065834045,-3.3226735308766364,9.877428253764243,2.3481840110850274,2.763154550526831,2.656644318535121,0.6097198730567032,1.493292245765718,0.1096888778462447,1.1744979177030472,-0.01796138114014136,0.8872218645301925,0.017698575492505527,2.124494999216568,2.84136233625789,2.8244079209436705,2.0585227588063097,2.848723877792308,3.3860095876928895,3.401004408091273,3.4743981052568906
9,-4.752490365505219,-0.9291298189200461,8.150820171833038,9.492492825328657,0.052170536295987904,0.1596417277383195,0.019356900728184658,0.003370528117042597,0.03665724632075561,0.026431789260339872,0.0338937803186884,-0.007380983376955941,-0.002594797996500626,-0.00036560333262724686,1.0745829520671388,1.2000285373303834,0.80157546263634,0.5515016990448055,3.4236629266817156,3.113530196384327,3.3325223217503086,3.452443357515327,-4.202035766839981,7.27705203294754,-4.35649254322052,9.824584193506087,1.2104621701476774,3.695416767175958,2.5958169897105146,0.3931457525467494,1.3875876026684788,0.8012199287343135,2.6255558920911986,0.08062030336319416,0.8734827905146049,0.4930339442102299,2.03746037853117,3.09763419475075,2.7330843519105774,1.857005949388266,3.064376294163047,3.3867703186377525,3.2969921579552666,3.499145152991958
10,-4.723520565032959,-0.7928847932256758,8.19518768787384,9.499079200025509,0.04669068387170578,0.08066636697852404,0.010449078321934976,0.0033532212126915514,0.009894337216274487,0.01851895195878598,0.006956958231461907,-0.008419529236593637,-0.0038419906855207656,-0.0011254809171482498,1.063157561939514,1.1008265841965668,0.7183303929514728,0.546427455422442,3.432644145415852,3.2440782726160022,3.3829430058795285,3.4157760181213273,-4.9783871352672575,7.427500760555267,-2.6909084744751453,9.79853489831693,0.9647771111280565,2.0480937552902225,6.148620336964167,0.11719200452192197,0.5006343782040495,-0.7704367310382219,2.4496850756877913,0.04564604405644816,0.23860977531006347,0.05781227454414502,2.0176149202211366,2.6079437542773634,3.1527270165568977,1.3338327123012328,3.1577741010894416,3.3448371740839367,3.1480819835528484,3.4716726383057606
11,-4.792458570003509,-0.9581295937299729,8.152136993408202,9.507488809088636,0.013391099710569798,0.03300893521004166,0.004870700474603812,0.0006713178875959683,0.011898190255015857,0.007352331836997199,0.008578692250125915,-0.0016688912076836598,-0.0020564433197581894,-0.0004352403338918767,0.7493133870588942,0.9765112081634506,0.5889577951746751,0.36423088964226663,3.3512883841090897,3.461440667143375,3.374406252140131,3.4280437618293265,-5.208576655387878,7.231708073616028,-2.365065827220678,9.72493747639636,1.5163169046553013,1.2848787378690678,7.489717448933912,0.4919386138412617,0.0319823823345539,-1.161663785839929,2.039842630068808,-0.3078247057425561,0.15348403228996219,-0.6016613585722996,2.3799715571201765,2.0832235673509167,3.2082720060948775,1.9564662140225904,3.3614286581089052,3.1356015606364376,3.1194083737878526,3.483823083911885
12,-4.715844130516052,-0.9375394478440284,8.179206490516663,9.493813845963254,0.014127364850373705,0.09686473473935837,0.00777177070168096,0.0009008470018160991,0.021349935133694944,0.0088611982660478,0.022087122860630963,-0.001380068333022174,-0.0008874918192631235,0.00016210907266946356,0.7424068734417381,1.1033036948669,0.5949096364392664,0.39051243374379063,3.3012272690219264,3.0824244756849994,3.113545644235523,3.4192048290885917,-4.239483517408371,5.790391421318054,-5.517789073288441,9.672724843547938,1.6623032410160516,3.123151484291377,7.562596398779976,0.43650616486973587,-0.2480403016894253,-1.5295016437267666,3.2824742223341614,-0.26446685223686023,0.10028352354468012,-0.702811790124439,2.571367540252874,2.920053817460003,3.3337183431989925,1.902453058857296,3.407026052665633,3.3514810926903538,3.157205955317094,3.4847984426304555
13,-4.662528252601623,-0.6997802585363389,8.235215854644775,9.496671768930742,0.0047848433341752625,0.13303714353211768,0.005613625491521537,0.0007357173138573095,0.013147401397140887,0.003652843389698294,0.02364493997615243,-0.00041141406580713624,0.0018863284952200616,0.0008489779370381024,0.5992626923513544,1.154287468785752,0.5697868186602805,0.3839164189086741,3.4499004727726383,3.0898661017354154,3.254562978679062,3.4943672004289152,-4.450530529022217,6.606583297252655,-3.636611793190241,9.777534044288213,1.8084166891819997,4.985520304717684,12.685063295618004,0.0727830592119452,-0.5688924174309339,-3.4743314027783843,6.2897422400927985,-0.007223472169060028,0.32156106881337715,0.28042077084746975,2.236634214927312,3.034491837056907,3.5341647118013797,1.1486855411293577,3.0844169428241734,3.220927972451806,3.012893790592429,3.36474010674347
14,-4.690675044059754,-0.6053439736366272,8.234452772140504,9.500704902464994,0.008981882506362547,0.07486051366486574,0.007124974247392694,0.00039558403213750694,0.023372535854680947,0.007569747219502414,0.021259569170323785,-4.7714298180303525e-05,0.0002155775287732329,0.0004654032511682123,0.6357997844422663,1.0696636754809967,0.6170697530531482,0.32833149604064155,3.164285978442254,3.2056708342773517,3.2803399914810543,3.4755088259625815,-6.176473492383957,7.518129014968872,-0.24508485714904965,9.854716130180595,1.3316440539512322,0.7686008619034768,0.4086346110804982,0.06346954601284775,0.9232967430107547,-0.5700110921224677,-0.35228154946865786,0.06324026532009776,0.1235063753645109,-0.030262513545436957,2.3126907047170397,1.9463193851747935,1.7232294703082702,1.128776073691307,3.3440352174898127,3.225181396220725,3.337345606701657,3.354657269903376
15,-4.79823454618454,-0.997813493013382,8.128539323806763,9.498582144275256,0.013318748814012423,0.11055245949084384,0.011148792567639362,0.000430579504794055,0.03646361965263224,0.01170754413394315,0.03362647691543639,8.591813578466627e-06,0.0004997971909188365,0.0005784571498515941,0.6543949264895346,1.1218793720834632,0.631519044206369,0.32572315183835543,3.1007010898638883,3.1253264964135967,3.1289442621140893,3.3854890657547596,-6.957131850719452,6.852744829654694,-0.8667401734273881,10.011586946454633,0.37564468687777747,1.0490202139398417,3.649036083762384,0.8492503491607831,0.3751307895342407,-0.45180864223589623,-0.5074565156919395,0.1900619278178083,0.747206337324636,-1.2212348422602655,1.696585479889989,2.3281080119848343,3.113748220823149,2.2397855198581085,3.331288848447375,3.465054003309303,3.4087060684634243,3.4864136329194886
16,-4.838980877399445,-1.2433687895536423,8.084665513038635,9.504939837845544,0.00653819602991961,0.011842548895430636,0.003250933816184468,0.0007465662559793546,0.0009490657007804135,0.0036655091663775384,0.0022286747190474188,-0.0003291242627426226,-0.00016527576424708802,0.0006294633389748777,0.6857947873673501,0.7773621772649081,0.5572423045236509,0.39071577500609705,3.576507609519981,3.5120133431654326,3.493347463776257,3.519094605912581,-5.564628714323044,7.55527777671814,-2.1610178995877503,10.017995663015935,2.4812159804948366,2.3915034080436,3.9524321835440297,0.9862554385154392,1.696381382915522,-1.0999603262293012,-0.4939868108263001,-0.019833903733195546,0.8852780731348208,-0.8569686989495983,2.1851202972650623,2.509474489223022,3.1371038721180606,2.3208572991474385,2.8935767166352466,3.192364545690896,3.3752178066143927,3.495432011615603
17,-4.78542560338974,-1.0040383964776993,8.146570515632629,9.507582691832042,0.012219088106030394,0.10337642841801564,0.007522406565905076,0.0009372372747448821,0.01665314039260599,0.008071545912633997,0.02068509998307242,-0.0009615917920087005,-0.0011020525769335902,0.00031290410512646745,0.7950548051170191,1.142109553249383,0.6839336416871488,0.4059487943351377,3.5367165875422777,3.222860394508165,3.489869490246105,3.4681738294387343,-4.516333085298538,7.2216584324836735,-4.218546366691589,9.842303919339813,0.4733937811261738,3.0209424261789275,3.4023963178420513,0.20422181755714397,0.9790871736005121,0.8404156322090893,2.839646243669631,0.08386970081036077,0.4396878477487108,0.21185727342189437,1.7046820192178493,2.5275002473544905,2.4757377989106537,1.5819057171854385,3.2311467401434717,3.085745385922395,2.9792086479750957,3.5155464274910875
18,-4.699413919448853,-0.702324104309082,8.220401692390443,9.497672639498475,0.011877342852821087,0.036701992155203644,0.00651375172088436,0.0007020620939020713,0.014832549174454729,0.007963682812856055,0.0126037788654894,-0.0005412536608588751,4.796196449198553e-05,0.00044594181422606276,0.7632760318992504,0.9671218366453647,0.649726138398426,0.38428764039478536,3.509606584143106,3.399497378202412,3.461782713618108,3.495007554284639,-4.3252662181854244,6.656712925434112,-4.646383064985275,9.749522146879881,0.6249972950194933,4.415676929987741,5.770799332572529,0.0991128641421113,0.868713967741898,0.8352395199915713,4.425278803947583,0.021800929572237664,0.35494001596032665,0.17255134530556498,1.7886792589249743,3.1358719273290663,3.1521593338082523,1.2806965168359636,3.167058118449147,3.3189864530832267,3.179107150266449,3.4336509176507084
19,-4.634321570396423,-0.6309170365333557,8.250853061676025,9.484518513829101,0.0010393651638196343,0.0029638682413586797,0.0010604708315487407,0.0004252745251680311,0.0006234719192271286,0.000756766170257032,0.00034185104937606335,0.0001134021218462189,-0.00019306506923248096,0.0005354685653283532,0.42820576147351,0.5415246776634773,0.4293060695201234,0.3330016239295537,3.5272973011783835,3.5107799501549213,3.5388171013769734,3.473575296829644,-4.732285344600678,7.5666436672210695,-2.0570497694425285,9.77542647041089,1.7622932691177549,4.143292840592889,6.480421022991478,0.4076605121612719,0.3785203172911432,-1.4048084481415446,3.8616866199246354,-0.09514354684769914,0.711800978596341,0.4494371391026566,2.2205184886776097,2.9137139592404853,3.104595711269549,1.7683264907459155,3.095180340638177,3.2134229078941634,3.0453193172325537,3.301977075000875
20,-4.66519181728363,-0.6646154269576072,8.234348058700562,9.488997320819546,0.005911401454557402,0.025318119783378622,0.0015838086467924919,0.0011683607620688586,0.010342400831691398,0.001993826661401512,0.005392509535109267,-0.0020659678580393914,-0.0026119123478623397,-7.92619662810083e-05,0.5951060981258168,0.8249215497427457,0.43000895895421976,0.4315783458685346,3.327015628910957,3.219542148611627,3.313071520701758,3.4771248909739247,-6.181976854801178,7.565088331699371,-0.517926452215761,9.875167894790028,1.0625168639711733,1.089940303430736,0.06869602863832598,0.371621051757795,0.7594881448093257,-0.07537678947861111,0.017391315000195914,-0.0037923950486033722,0.44467890181855824,0.0594240755862752,2.048874269706173,2.1000427600026583,1.1891556601032425,1.7513208554044482,3.2019488879932227,3.205970450543636,3.4943455114044224,3.3595069483904085
21,-4.779290449619293,-0.7873182699084282,8.16023247241974,9.493290380026156,0.023882835035482494,0.04659360919968553,0.0067560055784170675,0.0037135004701183516,0.009360698474273507,0.008131023043804107,0.010745510963307652,-0.005963199431426701,0.0005885361673736444,0.0007994411096138048,0.9015056830906945,1.0160931896597794,0.5915068394338137,0.5985950875273356,3.498702908495853,3.361825823491643,3.2836935108484053,3.586121908265433,-6.817031919956207,7.185048162937164,-0.5755336587317288,9.951381808425783,0.1461501384865209,0.2718029861897775,0.2439610626157175,0.044560748003893445,0.1638320750147336,0.02652835194526809,0.07927969788328666,0.013178437217486441,0.0755637812538104,0.020881167128853833,1.2084586381477247,1.6193288385460427,1.5641746501746105,1.0632406018574063,3.1034993130858943,3.402034698704537,3.4083178546388098,3.4629360209362807
22,-4.783151066303253,-0.9116371840238571,8.15827214717865,9.504476135749425,0.022341404857959823,0.04449436642731978,0.00626588787794193,0.0033111881617242656,-0.010738219390468432,0.007512819335382139,0.000416700705956873,-0.003982242806372813,0.0015070768505403564,0.001553185718291622,0.8880351823965362,1.0357484944969604,0.5750735636741694,0.5913243164520382,3.4766948788355787,3.4065559065236712,3.237080560300014,3.6229795325003473,-5.796612697839737,6.562615156173706,-2.709333321545273,9.92540436289688,2.3808766401989243,3.9027303140097853,8.834260444524661,0.24142815465213083,0.19441260483698544,-2.3937888334702326,4.438810878997181,0.17669899380793647,0.4619922408104958,0.11115132839107818,2.239951547872136,3.048863419524344,3.241423085104704,1.6273765515092746,2.949268494638213,3.349671852496832,3.0412196509968545,3.4828209969428823
23,-4.68213073015213,-0.9251793801784516,8.216840291023255,9.504820520723314,0.005149969569604683,0.042015846136932926,0.001666318505157829,0.0007873103783090052,0.00020535151803472763,0.0017608070002834918,0.0038809582693623843,-0.0010296925335563718,-0.0009110829284667494,0.00020210293735733431,0.6223516068758599,0.9498906855768987,0.4478698572125598,0.3822050205853346,3.4792495603508984,3.2515235346690137,3.3801326420167213,3.473490688542925,-5.004109936952591,7.058767032623291,-2.2371695978567003,9.799191952942301,1.2387585885998058,4.650678877340038,10.960585728625544,0.2839443852548921,0.4201315868031619,-0.9274284400034344,5.916727924002557,0.23801228579063732,0.37823333939796044,-0.18382577521746724,1.9585795318648558,3.0548716614353344,3.3249248708224037,1.6648365585383211,3.0012453168554254,3.2715401296062736,2.975296692952561,3.4436836447138903
24,-4.670099854469299,-0.8603713408112525,8.213054513931274,9.488586475281819,0.0021420536866729053,0.026899454782528247,0.000994643188187192,0.0003568128977680044,0.0016760928293383813,0.001014113809414763,0.0027175360626407077,-0.000324884123992393,-0.0009922626823401885,0.00011544623067603142,0.49683715955560126,0.7393245089248464,0.39605808500551415,0.3293822436327909,3.4801310641418404,2.9691777173477023,3.386212945060765,3.5429721705714576,-4.991667264699936,7.203293478488922,-2.634976230375469,9.753906671005648,0.5599437617682007,1.4229598900387876,9.802816070658302,0.10221552418129574,-0.22890874531218594,-1.364404524983338,3.203785247298128,-0.03488929688850092,0.05009362911367763,-0.028500748270373435,1.623692633490202,2.1861873181767737,3.2262434578020467,1.270663871626232,3.077024628487975,3.1396171102124404,2.961791299742263,3.4157670684663164
25,-4.651993727684021,-0.7277026437222958,8.241530585289002,9.494342943293608,0.0043457961714448825,0.04366264860835878,0.0027180328610291625,0.00034211197605723697,0.009813081154971778,0.0028601243722272142,0.009877607598228377,-0.00034372211728686444,0.0006426335448515184,0.00025076791031510264,0.5860894603398623,0.8269813880147904,0.47100967628851254,0.3225273360610097,3.466852618494071,2.9564219478521245,3.2615639863594446,3.526093732981574,-4.3852063596248625,6.498666977882385,-5.519404274225235,9.766879682768835,0.45327294180115923,1.5739555091215043,1.5849529954474548,0.05791694438706062,0.2821161094684155,-0.19882139181958933,1.17327423914276,0.041467611169786985,0.07278821456522815,-0.05722829125377013,1.795892062271564,2.5667676679627625,2.489667335372118,1.1026034804464357,3.3324894576352073,3.4509630853925475,3.394146489432966,3.3819520815555713
26,-4.588712012767791,-0.40126820392906665,8.2945472240448,9.49199142516213,0.0041949211166596246,0.07673387604939338,0.0027565063068672657,0.000512528254280927,0.014136814056223678,0.002825042617301041,0.011678583481191137,-0.00033715109196713215,-0.000741292934258011,0.0003730183540204764,0.5681198708072028,1.0402186670851588,0.4867995294922807,0.35545690048569334,3.4095853295477245,3.1829986506812378,3.275382758247327,3.535367409104114,-3.884029722213745,7.119724273681641,-5.085465896129608,9.867574017716791,0.4347601024141811,2.8050623970611777,2.9195326914092616,0.2815162184427821,0.6356258384989227,0.22459899337296244,2.3301630800572997,0.2346354547868031,0.432269850461402,-0.015092791649361734,1.7469270307523534,2.8718893692274006,2.9752492629797733,1.670811543451448,3.2711962542986512,3.3564814444912265,3.4256657082920623,3.4554166622924147
27,-4.55685418844223,-0.21751322466880083,8.335682559013367,9.5030339398924,0.0019182819290316777,0.007721014918549674,0.0059347033105058705,0.003452727873046006,-0.00012266443455962372,0.002065816894192572,-0.0036318042192201535,0.0008891007153679711,-0.0033115963615277834,0.004315111399951893,0.49818187992670687,0.6075594092297766,0.5993993200011196,0.5079061484954336,3.5325967632610227,3.192351206025787,3.3012126891478473,3.2217831225374285,-3.7125839293003082,7.805447316169738,-4.312703731656074,9.930654835980443,0.32922081253228,1.97247950785188,3.4117575250895036,0.26709399240570836,0.4506996205762995,0.19206249017972707,2.1294311200203944,0.1695917111861766,0.2989022029223048,-0.10956240782230034,1.7090044690822874,2.6287354023380494,3.03108084840972,1.6459301312802057,3.413522415460687,3.3781908768995335,3.4000663235191007,3.467072828676784
28,-4.563453221321106,-0.2669834179803729,8.33125331401825,9.50340525524195,0.0018357007126998022,0.004558771595095221,0.005770067913731042,0.003401243444332329,-0.000929943255856537,0.001896033703949873,-0.003050173304476367,0.000798151718873862,-0.0023456334908419944,0.004235233768052544,0.4967517447994673,0.5439270982322842,0.5949678427431465,0.5059673676539588,3.5450223994532943,3.2801746108361014,3.3327863458079316,3.2410509903451263,-4.650331097841263,8.054240965843201,-2.136431585252285,9.901628808810933,1.6010940685934454,1.001385873549457,4.7296331479820175,0.17156304541236297,0.744419129120785,-1.779461174283171,0.27642683016793385,0.10227408848189737,0.23855400412170538,-0.08424698133611508,2.1870607953838634,1.8614557294528487,2.9233830346491163,1.4274038672028915,3.1427763396869546,2.950153323096839,3.1064252510794526,3.367070153804563
29,-4.59071717262268,-0.40503907166421416,8.288935804367066,9.487167436719242,0.00627697982556875,0.05526494908268232,0.0021391361450229865,0.0009647626530936673,0.012809293134167015,0.0025864035866853268,0.00941668276161317,-0.001685203348702663,-0.0015796018433309065,4.901132852083254e-06,0.6603007981947899,1.0313263452589396,0.47032359614232955,0.4248798264197831,3.5002194736291714,3.2899299090488596,3.333196164405658,3.5750849487233696,-6.2398831963539125,7.218009400367737,-0.8246264901012182,9.778132234924012,1.9478106575383884,1.7388832051006102,0.9572304117611122,0.6479661743525507,0.9038692647323555,-0.23727621210153835,0.508196343897535,-0.3137696349057526,0.718997024960567,0.32349950824702667,2.4423989933033554,2.5944537489439528,1.8664701495377665,2.192202487057484,3.2728675683429196,3.4603544084685813,3.0943988597567333,3.6053931121671994
30,-4.5665207505226135,-0.8124424163252115,8.269826984405517,9.488787869059067,0.008852860406631472,0.12661053043730056,0.0028886180229631365,0.0010366989152186636,-0.003240194442024056,0.0031385719746711734,0.00796512000745206,-0.0012722165432012746,-0.0013933846770771757,0.0003631572465010822,0.7008928167953488,1.141622133360665,0.5456759833944436,0.4148164520353936,3.461055628884039,3.075681333800601,3.4873450199753044,3.462429798589054,-5.738586831092834,7.680123245716095,-0.7233502956107258,9.92749788564421,3.250677629162902,5.584600926339281,1.6674413875478713,4.229584833378908,-0.4753304866393914,0.02498312723086112,2.5223819767718676,-2.1004640720575063,4.249908952477332,1.6528090947152743,2.949347730604839,3.589052187689326,2.4289931163908047,3.4209404493022175,3.398423214555377,3.507425894138584,3.3129197522778684,3.5473179331310174
31,-4.533944630622864,-0.7684489607810974,8.281378984451294,9.480975438919268,0.005231043772697859,0.15710926067402142,0.0032489806907832755,0.0009844949842959345,0.0012746141479873137,0.00278591155462238,0.010181117566751984,-0.00021137943506535701,-0.0035754985369224937,0.0006941151080289516,0.6207305703850918,1.1718509448366292,0.541952709790566,0.4082749378709645,3.4887158212638147,3.0496668314932265,3.4023480129421055,3.4583862768650966,-4.527938270568848,8.803972125053406,-0.5739783471450209,10.014984658037417,1.0512031613996764,3.5675736895322703,1.104053776367096,3.7143009894179704,-1.7768433780785269,-0.5042019383466595,1.4717425619325708,-1.9153463670691422,3.569339926312656,1.29673338388933,2.3895830103503095,3.2368500157214757,2.32819386186879,3.2754453021460055,3.4846175128388577,3.472659658116328,3.443463998529353,3.481611859596446
32,-4.470992088317871,-0.32287306115031245,8.34828200340271,9.47949376433661,0.012005679139210993,0.05825825537019956,0.005618754218353279,0.0010392504287028764,0.015982183357331266,0.007111518586498262,0.01195851851542573,-0.000354534165525318,-0.0007304200399251735,0.0008915452724473838,0.7440402088547452,1.1078267968755304,0.5868494693341099,0.4193430808048372,3.4256002882145618,3.411396094084946,3.3166341512590423,3.480718842280686,-4.358885425329208,8.546444571018219,-1.4285749461501838,9.89567273315692,0.4607845593751733,1.3912459952164329,2.2069930149604957,0.11859740714884047,0.5520848462625779,0.4895459604628991,1.4010598933343286,0.022112218439521037,0.19916454043974524,0.010568913828057734,1.8788046422344986,2.5243479938363045,2.6896157087996126,1.3167679442598368,3.435299080786026,3.473400865637194,3.3678112406395337,3.3784758882047576
33,-4.427372705936432,-0.395133063942194,8.377596068382264,9.490530330138814,0.01609909740882811,0.10978468364731388,0.007393571312669422,0.0016969966564330287,0.012745252324568211,0.008586364916886392,0.014042844256116226,-0.0007262145802094717,-0.0007642576942983311,0.0015441127923650215,0.8370513691252706,1.1411398101461754,0.6869034028520807,0.46949081806805815,3.502273189151621,3.1098355162122244,3.498417112905935,3.467173298095158,-4.624369043111801,7.331249558925629,-3.7612180452793837,9.906520339379039,0.6666069896604405,2.6769928619576966,5.865499126416209,0.1215349695651232,1.1255277326531385,1.5240035636282692,3.584786454599137,0.027225254140468377,0.25098664975297486,0.10345090742981736,1.9442907992513125,2.6979487332183596,2.840865659289377,1.3605892589823358,3.313870376685924,3.3105147187116852,2.9359219916957175,3.455559223849501
34,-4.4606521964073185,-0.6700622424483299,8.345334339141846,9.491441231625974,0.014258270622429627,0.07956687498978024,0.006591714550673792,0.0014937880795514054,0.006453519900494025,0.007655779715466809,0.00955145383573146,-0.00036673139821056394,0.0002999556939740643,0.001547672597808203,0.8075857851726457,1.1115279861401406,0.6769205241495059,0.46053221648710757,3.482248255749029,3.267198783723105,3.5323666811832632,3.4788233502938226,-5.112026214599609,5.989653789997101,-5.844050574302673,9.816962392544632,0.025059006054526916,0.09768452877396477,0.11135719025876956,0.017629998063796688,0.005769767995155737,-0.018115407246901135,0.06865397804577697,0.0011191237490344673,0.01594181682758184,-0.01432168022369003,0.8701388361706277,1.238472279752472,1.2749360047355842,0.8381588754586878,3.357786979269468,3.3470625955304505,3.3907845540717574,3.443073489732676
35,-4.442725646495819,-0.6633734434843064,8.356586980819703,9.488576768172305,0.006059422910550572,0.01590295063967822,0.0018813522539182304,0.0005948827869039133,0.004593353432052095,0.002717003576942348,0.002660047182078785,-0.0007737770674284643,-0.0008653131114346396,0.00019613759913258597,0.6416160349458835,0.7722564232507414,0.47935271164075804,0.3724632465571952,3.458621281289945,3.3621260447257444,3.43390346062437,3.547918025549417,-5.290171897411346,4.942135920189321,-6.449135565757752,9.923100818271795,0.8536005710829122,3.394635931440192,1.431479323347759,1.0992500348159722,0.644516548445743,0.8853449228061697,1.2166894389753753,-0.7573393455264203,0.11548356207820512,-0.9641880073609411,2.2657682919609226,2.6842279478282833,2.551140121253013,2.4420033478875616,3.5101750250990404,3.0460675090281644,3.4882857834491374,3.5346038698759905
36,-4.389334893226623,-0.49271174911409615,8.388444685935974,9.482086793526067,0.00983649951413974,0.024609295846089608,0.0029189480809895594,0.0015288066801301444,0.008162027019843143,0.003585867518862151,0.003979125735110223,-0.0017565020679135323,-0.0012978552892304632,0.0007397700489163969,0.7250020949742357,0.9097701430596943,0.5376648099645546,0.4542583708675277,3.4479707842244873,3.4612559990089347,3.421856829490414,3.4632205976659334,-4.82847683429718,3.9738203724846244,-7.05966420173645,10.099810155214637,1.4825452265129766,10.105506537370825,3.003652594888567,1.1949149864860997,-0.1328366162113805,0.4645215163673856,3.7976518613854546,-0.7485119247491662,0.18168139732925276,-1.0196420908014903,2.3972553963334318,3.587290392258752,2.909774695309263,2.4424365453744405,3.3299874676579857,3.1556258107623116,3.3800556381541687,3.486157851468434
37,-4.422329962253571,-0.476072040386498,8.37234377861023,9.482681366395799,0.0147259805087018,0.02555414884419471,0.0038311420440223652,0.0015895619884779399,0.008395268655962677,0.005553699118614994,0.005196196948924969,-0.0023539257308851816,-0.0004311232358623425,0.0005409484172704659,0.7405487755663122,0.9282036535238799,0.5207984996973529,0.45202813200195613,3.278775093220137,3.479449193825797,3.2679251421871904,3.4437415225181653,-3.896711695194244,5.9976098716259,-5.6464033901691435,10.204634511822734,0.40754505845889816,14.20917266202502,7.42775216264226,0.4065128906319059,0.009232545152449015,0.02387100707450947,8.54995655776223,-0.04366710046431234,0.5402647463636545,0.1143872221113419,1.772571358105829,4.066679497812511,3.590907675528262,1.7534014183448268,3.3982957248984547,3.2569257491866876,3.33162967725551,3.3955616290193666
38,-4.498809742927551,-0.503231267631054,8.333856987953187,9.484944663495899,0.007331466451392563,0.010679822289981294,0.0016254291582620262,0.0006909105747119447,0.0006473396416960073,0.0026289666139705323,0.001055456302903794,-0.0012172878770513448,-5.950850669174747e-06,0.00012045230335564135,0.6628902756847842,0.7551279190174162,0.4581546137958555,0.38509594971646494,3.425537096758635,3.5144449902620174,3.4278002301319255,3.5204739731560335,-4.2226140856742855,8.41854819059372,-2.235434701666236,10.159856009239206,0.9087654207520955,2.6710572305530293,6.735304118014587,0.5478626983691499,0.1226315902293808,-1.5073693286435617,2.453650276741152,0.16348793985398533,0.7374110216093062,-0.18189579047408508,2.030348756549072,2.879216709438624,3.3547059634433296,1.982900236045888,3.2914892406034095,3.406842301638946,3.240779747939034,3.4677308972460237
39,-4.5204473495483395,-0.4398447826504707,8.324579501152039,9.48362031306563,0.0035468472312995595,0.008949043688824546,0.0007435142505499185,0.00039561180975312363,-0.0011395739995611488,0.0011853229308890546,-0.0002454438072729828,-0.0006217611471783735,-0.00010434493438142158,9.564835183376841e-05,0.5506468742121795,0.6836919397297264,0.3809116882296259,0.3253556776454518,3.4224720064211622,3.3225962722481794,3.456232885804666,3.466440854728771,-5.8354962229728695,7.866165053844452,-1.049611632153392,10.038575664616662,1.7335869981334924,2.2098266051035074,1.3761008763340463,1.4818242506194856,0.8574432732136922,0.83891538871838,-0.06468046424506155,-0.395619698594068,1.3613682738894288,-0.7612733652426618,2.38615115861872,2.5956534455764766,2.3508563808523064,2.590400960239696,3.2748394746650376,3.3122093615793857,3.3451218668212985,3.513569530716432
40,-4.51570383310318,-0.6963236413896083,8.311067247390747,9.489142446449073,0.003782401634131022,0.0916100213605025,0.0009357355588364114,0.0003918954873223062,-0.007453308415203796,0.0010358859313742115,0.0023502725848149847,-0.0003985977449165385,-0.0009599693657870553,0.00014021193512037453,0.5521591398673964,0.9591830190058326,0.392040479226456,0.32334771210075985,3.35675889980675,2.853981652302756,3.381331822467927,3.4667971916260094,-5.497390371561051,6.652585220336914,-3.844129367172718,9.936563966157227,2.6106648134506805,2.205082608063465,6.169832453913452,1.2627266951227811,-0.39023966558293066,-2.3439565261166013,1.2049897825736475,-0.6578256533501674,1.1059089339532822,-0.46564157107025206,2.5627595116370796,2.733500903815955,2.882030931546834,2.5220265316280335,3.2184696709597,3.400950900173828,2.983487530577835,3.5417814015665456
41,-4.48300803899765,-0.7646631352603436,8.313147163391113,9.47989662056916,0.007653026889259239,0.0695969409517364,0.004076402946259618,0.0013741776210397752,0.0037578303411440364,0.004060881583492838,0.0068810462051426885,-0.000365929355484845,-0.0007958803389058811,0.001214643562372572,0.6687157654227591,1.0327955080764344,0.5751209019909804,0.4502752998698595,3.4180072816034652,3.2399047860050074,3.4186268628191727,3.462089104902106,-3.80494686961174,7.469853949546814,-4.147718736529351,9.786412279293087,0.8274136226704757,2.8021964624981766,4.9426028447814065,0.06559151988476619,1.0692581467721245,0.743972211562226,3.2158700285816755,0.04292059483025016,0.05250736257786088,-0.10720709475934295,1.8029444462280473,2.518346792253051,2.961613635136965,1.180932473601996,2.976789118796261,3.0684527815896967,3.156004599624704,3.487073906032874
42,-4.488439881801606,-0.4906467482447624,8.333288407325744,9.479997697944352,0.011231639653620716,0.024907519066621205,0.006236987299066332,0.0015208955063896424,0.0006100952122087047,0.006569076272545478,0.0047549435972700045,0.00030379599130210593,0.002311218952688084,0.002031439455786886,0.7718104316748776,0.8907099777591859,0.6322409517467148,0.45775765481443764,3.520028353797683,3.391872878875438,3.4025201052100655,3.4690416036943263,-4.09292311668396,8.726385033130645,-1.6421941637992858,9.89387102394892,0.8045752283834539,0.49655755473380137,1.4045399502579317,0.35688629092675217,0.053784450358311475,-0.7446081612849483,0.15020645839534696,-0.13611798570240274,0.3636730745018171,0.1107686197447811,1.9807274234345555,1.9244522927706122,2.453262181860767,1.8108561783682684,3.244766473552848,3.4694316974873156,3.3921074524825108,3.502908051772741
43,-4.521315217018127,-0.38251861222088335,8.33367748260498,9.489645321182916,0.007037705103984169,0.005363474254443542,0.0031215354791641987,0.0005728097745969149,-0.00024202135149268737,0.004120274659831333,-0.0005829008849491128,0.0002154781534549189,-0.0006213368586598227,0.0007538344654075894,0.6689422746133278,0.6159703705744132,0.5528847170688148,0.36156298149626465,3.4854256495676235,3.4646686284818786,3.477874183782991,3.483933479395877,-5.590830087661743,7.738926875591278,-1.3195818573236466,9.80856409511606,2.167601673502511,1.6843801943146872,0.39021811312447513,0.8388532373833002,0.9256425031445585,0.1991517252372316,0.3479359202041296,-0.5366944818258225,0.7124351381967072,0.08178827964888882,2.624346451721649,2.2351600192175285,1.7176072818067114,2.31306728819878,3.379482048542316,3.1542695715162004,3.3473131113945818,3.5737939071237323
44,-4.576950442790985,-0.5498882800340652,8.299784517288208,9.498495344885036,0.006979402177077327,0.07680675210667504,0.004109777416257301,0.0016002321080102473,0.015803344405231973,0.0037137776118091334,0.010971249902361417,-0.001128758249360175,-0.003064762549066651,0.0010332507613156504,0.6512829114851708,1.0291838336277217,0.5748320427466325,0.44375621670687615,3.410556349762952,3.183447362201853,3.416363331888984,3.344495787040501,-5.740261840820312,6.599703872203827,-3.4250265061855316,9.715738908658993,2.033887138665591,0.9754883147298536,3.9372117404245794,0.6306089669515733,-0.01411433723501314,-1.537141561364225,0.6541912916163214,-0.5424239240358691,0.3887902251918583,-0.1740582993584714,2.6685653368316116,2.2851113351245473,2.9044418803129437,2.1115033045361513,3.401506340363345,3.4720389334917408,3.2739271534217806,3.523544358000858
45,-4.580257439613343,-0.5607070785015822,8.295355200767517,9.49805629230718,0.009448690915504217,0.096718900217275,0.005030667943136241,0.001449762747532184,0.01861980035432344,0.005456623404215958,0.012851075651251095,-0.0009340549018895684,-0.0037182039069412706,0.0009216898676401062,0.7163380633076882,0.999078816069333,0.6160641364794506,0.4410827027640121,3.4478603766192273,2.934111212975316,3.4664840074419696,3.3934010079186434,-4.887100875377655,6.1633129000663756,-5.673143118619919,9.81992318050994,0.5724627725821635,0.9603902000691952,1.0431442238532587,0.13891252314019356,0.07390430171514299,-0.41595159063006004,0.6917006842694318,-0.004753597351147219,0.2548522181390088,0.11675353472440886,1.9154375320352757,2.2963611573035445,2.3388275178401114,1.4751910141895517,3.3922884645682263,3.486295991520566,3.501633206982047,3.568477727454873
46,-4.506695592403412,-0.2971204314380884,8.33776252269745,9.484916609003028,0.009980670460283262,0.03528171489423049,0.0030655835402093106,0.0003551673798481476,0.009984553294075157,0.005185911206508135,0.0058466925467049406,-0.0006722086737706517,-0.001516575912374646,-6.00731336834882e-05,0.719897638428757,1.000098867682732,0.5467821308455751,0.30815262316149467,3.441657344478119,3.4670358725087524,3.4732214768133645,3.4074025539069392,-4.470989012718201,6.474978113174439,-5.568516993522644,9.798884730547986,0.6661600306839509,1.3742633013654826,1.207485865797054,0.07388239017351582,0.598286514387928,0.2707742147260387,1.1106963757159227,-0.0013036203108419402,0.11678978558444747,0.034409749564396006,1.957990429181961,2.3076004471364664,2.2241317040630384,1.1977783813334306,3.346405016661687,3.326903363396111,3.293592873922101,3.426078319043858
47,-4.469046807289123,-0.24130560420453548,8.360926413536072,9.484016470111422,0.004506700039491882,0.005708051992384241,0.00127719367523744,0.00034307143224220326,0.0038064757841039373,0.0020351091698447197,0.0016284470557057324,-0.00044552486965072707,-0.0005386334846557194,0.00012413338844993879,0.5805867879503057,0.6310859525513849,0.4486535112828222,0.3194606375136954,3.3990895791140363,3.470317624281522,3.51338708431383,3.4932507315594368,-4.210171377658844,7.000561666488648,-5.118128007650375,9.847275443607149,0.5546170995919089,1.5951791086386125,2.09978239180658,0.10579123182680227,0.48978129462438713,0.17273709264611614,1.5751297361394083,0.0664392048863083,0.16501573928306343,0.005928810972123251,1.945515246022351,2.2437384664628266,2.5396196576221324,1.2504145182173272,3.4050778862710542,3.1919561710002564,3.301096475626505,3.320355206166347
48,-4.465365731716156,-0.27599160000681877,8.361016178131104,9.483012221767337,0.0011229827453810746,0.004129533264990665,0.0003622390227787888,0.0002129232799653816,0.00015734091795862923,0.00036646049306677083,0.0003450934958449072,-0.00021163247278744289,8.669754549760363e-05,0.00013319098528541987,0.41912369996526977,0.5309554199662495,0.32258618766409763,0.275444884629672,3.432881964393156,3.2364941830637615,3.4905067804386323,3.4027219866048566,-3.8970705568790436,6.517809730768204,-5.610391288995743,9.870088590194252,0.41740195170636096,3.6872156648881265,4.451064526030797,0.07039419303229418,0.37717594788778913,0.16917650854927327,3.726848934777296,0.07792031725137391,0.08538560622932842,-0.03118086839263209,1.7254512070948858,2.8927532640301834,2.9761798235715298,1.1820898735134564,3.278593832499114,3.2553884622138454,3.200993955478607,3.4447749990506513
49,-4.451868426799774,-0.35060091093182566,8.371999597549438,9.488972460869245,0.0013841207999003148,0.00670088371150844,0.0006693993782181954,0.00037736441877105406,-0.0003812829156756145,0.0005147478434869722,0.0001684950878655448,-0.00018155374972579513,7.004944838010796e-05,0.00033808965137572405,0.44863179125022395,0.6085270122151424,0.368251763537267,0.31573667550707013,3.496871612847858,3.2793227854360985,3.4507013526879247,3.427086916378267,-3.9213577568531037,7.247142010927201,-3.8045280620455744,9.813621418144734,0.9941211849700818,4.553835629807537,8.988180394543104,0.244221742655268,0.256896455651815,-1.1103007575303034,5.161177822719711,0.08823628197711518,0.2443461443924227,-0.1417735389261584,2.044229721504872,2.942871944326807,3.2930557099995537,1.5914219877294495,3.213143872967702,3.20067709949683,3.0003675246145445,3.4199029759125725
50,-4.445164692401886,-0.38265328444540503,8.379586243629456,9.4936699046421,0.0021544813930688697,0.004030017143145365,0.0013435432875684565,0.0009742313519991484,0.0013820708073250592,0.0006591762043501411,0.0007706490209191641,-0.0004724586046581898,-0.0001264267967382571,0.0008493391993129551,0.5114105400813557,0.5979649254951994,0.444084189857785,0.4182940441111443,3.5327928698604882,3.537226100669584,3.4757411923717063,3.5100184710998183,-5.655555963516235,7.586862945556641,-1.2035299561917783,9.822442923384727,2.8455061662909795,1.271923639908789,1.7511982025863284,0.24186081229866746,1.4833934994034832,-1.2188307793689996,-0.16877702689957624,-0.028019275556037948,0.261432372391477,0.02451317764505461,2.5671802677412727,2.0331042666439796,2.424095692392848,1.5826862846661889,3.1625382827686055,3.0749797355959005,3.276212573633587,3.4027506864889174
51,-4.49324324131012,-0.6232705596834421,8.333453011512756,9.492923878779363,0.00516034384226877,0.0866948360280048,0.0029375493679014725,0.0009838502010024645,0.010474946243684925,0.002542494738832626,0.011467485165194191,-0.0008521064871683106,-0.0010295537200099448,0.0005946399428100496,0.5718023341420382,0.9924423679977303,0.5003463640212634,0.4148567763632596,3.364836654860257,2.997126656400008,3.3547333779759914,3.4840595450559366,-6.311667853593827,6.4409998685121534,-2.4564717806875707,9.841194335510522,2.6613789350374364,3.1358511976786185,5.466624512844795,1.529268040733405,-0.6277897656501908,-2.2419571767322064,0.9761135113987095,-0.8586559675829246,1.7866011192990874,-0.19439506674477672,2.7488163931323935,3.1153559423616017,2.830215425031244,2.614099900506447,3.333331089065392,3.4943526668728815,2.9446652301802256,3.4728974336021117
52,-4.515673875808716,-0.7949797168374062,8.305740118026733,9.490868159469294,0.003248533556964086,0.06569709318779261,0.0013257167754370885,0.0005726672277568066,-0.0003051332353097838,0.0009755738092747248,0.005336684743259309,-0.0006397727188409885,9.237953093048688e-05,0.0003190935741729485,0.5440908509789856,0.8755735633188801,0.432162105190783,0.35733777075017215,3.4501079160239865,2.736486955857725,3.4335043194544186,3.4551987752951003,-4.659663134813309,7.547321394085884,-2.481297305226326,9.848119243461523,2.928674628903024,5.16189855323915,5.915670886336932,1.5405050316082365,0.9682873433542261,0.5123677381720311,2.727034561128861,-0.794914339139509,1.8491403251724392,-0.2529824082849409,2.792645115992263,3.2737018215470455,2.8462957940154063,2.620053685002146,3.299487463406769,3.3647134550958517,2.950371981794498,3.4715317158488825
53,-4.467131447792053,-0.5672163106501102,8.344795513153077,9.485612716535861,0.002469946298817994,0.061901820205679775,0.001892260865282956,0.0003781434242624051,0.004357270636441636,0.0015415373094770039,0.0076134041264452395,-0.0001268972471823223,0.00029384334120486147,0.0003895084775781939,0.49405536587465476,0.9413639926124119,0.4622104746000445,0.3201327660621884,3.357135672782236,3.020929786318076,3.377627779827598,3.437955786299202,-3.430709499120712,8.666624212265015,-1.791984859853983,9.86653129870533,0.2161107986511439,1.7496310449762371,5.521648639849857,0.0442240974149422,0.06011537470452236,-0.08086993919330071,2.744685953093999,-0.02655197394700154,0.06966052041524645,0.031919221869719246,1.4174495258199669,2.511600820013584,3.1191439079771244,1.03416412158821,3.2176945529001446,3.326285129600697,3.193655416958088,3.4009019437466224
54,-4.43038045167923,-0.4022109188139439,8.372762823104859,9.481349456888598,0.0012001565556332484,0.001339837384027694,0.0004255009717127728,0.00010840584443597301,0.00011278916915491534,0.000588126165595104,9.897784104453658e-05,-4.7121341200894976e-05,-2.104474745437868e-05,9.654380264981705e-05,0.4526124662487494,0.4448381601571461,0.3475874651197778,0.23559962794758893,3.5967178647610982,3.4919029274457403,3.5715133851920324,3.444805795285217,-3.2161929309368134,8.277551257610321,-3.1835308738052843,9.867763678782328,0.08598259199145147,2.4930743330118017,6.063193155614071,0.05133787092488213,0.20131693386935473,0.3191293075364237,3.7106671155770763,0.010622733362826032,0.10980460834915728,0.08116107010172512,1.228504419419043,2.672848087788508,3.1752195409423245,1.062921968378512,3.4199025761609043,3.280662315853604,3.178545165233489,3.402943113904677
55,-4.430559980869293,-0.3508253663778305,8.373002290725708,9.479651298800848,0.0009725914183151525,0.0026100107240808806,0.0003500186385397793,0.00015702633576137812,-3.9461823074959704e-05,0.0003900061769067652,0.00013615033409873216,-0.00010583279912291549,3.961190700997818e-05,0.00012329842313278766,0.3972926952168346,0.5148114349031017,0.30834937238754245,0.26081480378453864,3.367559033691355,3.435369828058418,3.4680624486491114,3.496376113604874,-4.495515549182892,8.143792390823364,-1.777269013505429,9.895313557909045,1.8436018517194663,1.170089616783746,5.53612456509783,0.11132300263248245,0.3808557921445389,-2.178335880016933,1.131567291583499,-0.005773309456172926,0.1561173256585532,0.0456009491494178,2.1847034964858727,2.2698103612297262,2.872697431602599,1.3264619814020102,3.0671124792914823,3.3563173676607487,2.9920412368780185,3.4611866153849737
56,-4.463614976406097,-0.41084500923752787,8.350167608261108,9.479634846176268,0.002308233931349602,0.043344499289276715,0.0012971640654121544,0.0002571264408000495,0.007535845659615997,0.0014549304900688558,0.0060738747627959175,-0.00025195359412669084,-0.0009073153202237466,9.067255488287911e-05,0.4872111428674983,0.9313633378064188,0.4045985081284022,0.28433996849394955,3.4098411737528442,3.1864980080743592,3.313896256700887,3.355131341555247,-6.0055061936378475,7.792585837841034,-0.2961117903701961,9.89468717603061,0.5443275747795564,0.37521746062154127,0.22987159945828176,0.09643875058742345,0.34581377172464733,0.08446843649284216,0.09458621445006678,-0.006681120300494882,0.1171214109058786,0.021575357772478106,1.894881930430167,1.7297296184474513,1.5658083760518442,1.2638518296191228,3.3648540804542346,3.371242496299416,3.435564594153463,3.4402065217951447
57,-4.4782645344734195,-0.7006331987679004,8.325552082061767,9.483407557044174,0.0017741055852719134,0.07402218192201387,0.0009023846994611005,0.00032810611300531435,0.0030408160339843566,0.0008748370352233754,0.004660934739927856,-0.00023070510933561654,-0.0020985103348445085,9.56990119670862e-05,0.4397406857999945,0.9902343315109647,0.385741751280533,0.29762217777142125,3.318970879269034,3.027603345666819,3.368876261011286,3.3539329746178095,-5.247938561439514,8.12369258403778,-1.216989565640688,9.99012823670582,2.8168904141230935,0.9599126068745736,1.2495939042367201,0.11731155256325526,1.5437153123390759,-0.30647257395817445,-0.10033802813099015,0.1093008795334088,0.15130015149530987,-0.12774330664904435,2.6007617671747583,1.9447583601115714,2.1552655992946192,1.383038509613056,3.163546743845987,3.061450069410094,3.1735180072745233,3.511406893179149
58,-4.458512341976165,-0.7857470661401749,8.343239188194275,9.495043079884715,0.006537782335194807,0.04449872973855612,0.0016410506926540479,0.0009112223108043296,0.003349188737997102,0.0017496820349702925,0.006581864301513609,-0.0017847697905668642,0.0012121217938446682,0.00016764336823024082,0.6913403303095075,0.9186948354808538,0.4303050512029935,0.41136471924198376,3.585820979821445,3.143536257215632,3.268546360816146,3.5319377981722506,-3.1818559229373933,9.170432782173156,-1.3137792482972146,10.007200844651999,2.561628058657926,0.8205364027770622,1.0560434166347257,0.13358397523968377,1.3468490072985035,0.8796860515845671,0.45651085259670654,-0.08868516192483043,0.05996404740400955,-0.14623576791348158,2.5190051112489664,2.0283002012713145,2.082471456712345,1.3937374447327673,3.1600468336594982,3.307706535309869,3.204462254733373,3.455564849487604
59,-4.4289289832115175,-0.4181473228847608,8.367345833778382,9.48242558150634,0.00887404891833877,0.10726492112212067,0.0019342575288897974,0.0014993970146821335,0.007105078162456544,0.002450365213582492,0.006433493319539332,-0.002421563625595415,-0.003223559988791308,0.0001969315152826522,0.7357547506804101,1.1871674216258097,0.4401976465962288,0.46194746981483414,3.5480231967094396,3.2612059512932072,3.292516373223494,3.5036563401924505,-3.2985059916973114,8.284370583295821,-2.508395904302597,9.831876321247302,1.717696258611926,4.532798375774006,5.068514439438719,0.17767138670559293,1.907841922413893,2.176538031020424,4.5789838297187355,0.06650438368735413,0.3999445127476195,0.35534569650824016,2.348796712287871,3.308471651346231,3.308597620609749,1.4676805876681849,3.2310356422429405,3.4318264142474293,3.3722311266054494,3.41066451284077
60,-4.4202499985694885,-0.18625392855610698,8.36815390586853,9.466972656675674,0.0067571326901740125,0.016701006903348217,0.0022069905361138164,0.0007718848106609509,-0.0016045161740929632,0.002851157172509985,0.0009351750997959135,-0.000583848022760562,0.0012772561118762392,0.0006022261348580867,0.6857861918331993,0.8183437907844604,0.49430845357311326,0.38445459254503506,3.5502203272850394,3.4145638622950427,3.4588338880537948,3.4818793650855033,-3.7871204018592834,7.676354449987412,-3.990270957350731,9.814439939867437,0.8927914507327878,3.4334092090320563,3.1686024025498427,0.17965389291154252,0.8506329065242053,0.3450996009569325,2.7988153955856476,0.00846975162831998,0.3245887031753833,0.18214684249189153,2.09051195869493,3.0918258993843506,2.7120739038184025,1.4225313604305418,3.3335678325928435,3.4346935895300765,3.180743055084734,3.3659190515106396
61,-4.477351689338684,-0.3410689948126674,8.348177337646485,9.481200547747033,0.007345586158314123,0.030701634482815543,0.001730334230757226,0.0007080609664851773,0.005075653313746372,0.0028240867731092623,0.001999282310027158,-0.0011436566546960585,-0.0016249237552197866,0.0001272449194075211,0.7043116045115216,0.8330835301285339,0.49381880947189605,0.36752848183342335,3.568212074378028,3.1377640028924167,3.576855083053125,3.4218042128894415,-3.2098519086837767,8.293044698238372,-3.7217963218688963,9.921107229541592,0.14523405856089242,1.7911722801532959,3.818949472834182,0.11549821572774188,0.23240683488483166,0.05749829273020218,2.2066360059464203,0.05303935065475581,0.02686528622042836,-0.22082263895535215,1.4453003600576124,2.606060047911702,2.817088793995899,1.298840696767334,3.5006327423755605,3.4130218342757455,3.186894943634451,3.3645719736985003
62,-4.516452002525329,-0.4774786338210106,8.333961725234985,9.491568810312732,0.002200480753386276,0.007038243709696888,0.00041725041441729717,0.000798635032240895,0.0009109217597744861,9.36400238352183e-05,-9.952061055996383e-05,-0.0010014713708361626,-0.0008293803554280261,0.0003266001822409127,0.5046772544328083,0.6491964642562353,0.33818520366050997,0.3939472946142381,3.474080915283044,3.4044166346508042,3.5161430848144284,3.489562106404128,-3.5003405451774596,8.337252008914948,-3.0115467250347137,9.852028043624653,0.1882693209444652,1.786436036989772,4.517344037838898,0.10139513635805732,0.17480804687089638,-0.0753858979383256,2.4542113270964987,0.07737560783819117,0.044237933964052574,-0.10252610112360219,1.4970538870078312,2.5772059560803933,2.9793068794639628,1.3097909708617872,3.4583939234758843,3.3774482327673963,3.1663226431400315,3.465612273085971
63,-4.504061996936798,-0.4447379246354103,8.336116528511047,9.485818520422715,0.0018001109570002986,0.004112863439143498,0.00039691647669676787,0.0006197045956628351,0.00029636931258025687,0.00017615132555320182,-0.00042354577696263133,-0.0007107266594563432,-0.0006917903559059554,0.00028577090972047963,0.48266516646749497,0.5852763037236612,0.3330683150159794,0.3702874156565335,3.4891841809690836,3.4481500419771924,3.5081809127968193,3.482058997144996,-4.956373167037964,7.9803624749183655,-1.5498311929404736,9.761081087484907,1.9042823108117415,1.1476895614815157,2.098017200311117,0.40649464406574726,0.8034970211243535,-1.0149888196674048,0.19770778661884705,-0.14632233276614434,0.4552389225305009,0.24058828895338097,2.27194468094582,2.087392525404419,2.438732799550117,1.8541809715231468,3.1139411149275573,3.2113362555780394,3.1640741122594838,3.452115477099355
64,-4.550419735908508,-0.438123944401741,8.304976987838746,9.481689231391943,0.007908220542148785,0.022686813666138058,0.002420113395762118,0.0006915080562789657,0.008307956438361262,0.003616465409890538,0.004354252923620415,-0.0011216615683380805,-0.0014157277802947614,0.0001036033373189339,0.6332816869424761,0.8322454382699565,0.4774943997358011,0.3723447633248512,3.306803892039278,3.3137583469315763,3.3326673323466656,3.427347518215677,-6.664968132972717,7.050152730941773,-0.5431109161581844,9.791080127844884,0.7383560074499859,0.8332123013865941,0.30067548861478627,0.3913957364449539,0.3910456950063397,-0.14127880659957365,0.03942469384665667,-0.14754533585559207,0.39427543313761154,0.1078098270034196,2.0380686203697715,2.207784229600221,1.6402166418666813,1.7980554555273316,3.4049424350055717,3.463619766564227,3.3806748408383673,3.3924520931021873
65,-4.594218695163727,-0.6649296693503857,8.263153290748596,9.482095055722718,0.008736029457971358,0.07203393132482133,0.0037324472440064013,0.0009665565626675582,0.007572222910921407,0.0043383654613643125,0.008362894770297237,-0.0009013740737561917,-0.0012195433152839324,0.0005607905538128965,0.6966161569346735,1.0933640883419558,0.5721099922924422,0.41789329003401904,3.431735282354542,3.2982781353362176,3.4784058430186944,3.5170114376394297,-7.094360065460205,6.885466790199279,-0.2985644358675927,9.956956555059863,0.5063871421482918,0.66258078380842,0.3708886567733465,0.19396380360082702,0.38007052253170326,0.20163709675701771,0.34118417922496663,-0.009657710240752211,0.2599819030521597,0.13205768082167207,1.918852467421115,1.9601542768110078,1.8013849052959843,1.5207395019044938,3.407309639136324,3.3163954571363594,3.4700144196501297,3.4471589249671557
66,-4.585629498958587,-0.8582315299659967,8.254878306388855,9.484001597487197,0.004670117986167283,0.03243262286738046,0.003082194770728652,0.0004811539797421425,0.0033085680622452307,0.00312247925132238,0.005831880663399769,0.00013988682786661563,0.0010708614656796472,0.0007043871783212819,0.579504910148247,0.9501108747938842,0.5407611832421821,0.35298728593089734,3.3683215626896543,3.4265395794076623,3.435749922894719,3.531727657622709,-5.600161999464035,6.789753925800324,-2.6670401060953735,9.981985492664323,2.5621525960293203,2.0924806771262094,11.000198307976044,0.2042073195133236,-0.2810656377965778,-3.598600177826445,3.4931934037696735,-0.2003565206940498,0.3368611729430796,0.4735775674020924,2.3313493326608463,2.248503174478257,3.386615711216539,1.5211958988620624,3.003710840261747,2.937374567829292,2.9816140875226975,3.4219892954296567
67,-4.524547386169433,-0.5385158158838749,8.310094475746155,9.484981905381824,0.012950953996140706,0.13280650210866413,0.004485290255834513,0.0008240633409894826,0.021914213407284413,0.006030731308585116,0.02078252933435153,-0.0020511704524553034,0.00035135811928673004,-0.00012646450953987453,0.7609384685192413,1.125012190678452,0.5353918090054836,0.3775824700185934,3.407796476454539,3.0671164447594914,3.284633103490424,3.3458522908952113,-4.395375895500183,5.454857969284058,-6.123532216250896,9.79790522095341,0.4222180583539851,3.178479009351043,6.119782529556097,0.052279404935369644,0.3370680331148501,-0.24934047641980428,3.6066182088499796,0.05985148801721427,0.22256750939762035,0.11791365029044361,1.757226777822562,2.7887879153746686,3.4295274470138226,1.107098150767297,3.3406311550967165,3.2324769439480026,3.3670036418935645,3.4676260457446655
68,-4.477546191215515,-0.34962826408445835,8.347683453559876,9.48108339434696,0.009275588721510427,0.02752052432722543,0.001377029892001399,0.0007747099058053458,0.0029252264536979464,0.002771789626001791,0.0027064953453672363,-0.0019687228928653325,0.00026908051128555116,-0.00015629183711766948,0.6935888693152868,0.8297692032950841,0.4416386523361303,0.3736607707597825,3.354339317580543,3.2541674083159773,3.4411817379003735,3.4127862362583947,-4.3097128689289095,5.243870878219605,-6.742555379867554,9.76043065261864,0.5727725828215633,2.412939776568682,0.8929821699356205,0.050851786817646946,0.6899400871476096,-0.054166890443098484,1.037337114741044,0.09842501271384396,0.19321054977351368,-0.00408941719568944,1.8932951701060716,2.8192059584656315,2.1927031586222347,1.0488266056424902,3.3515676258879066,3.39972440450244,3.4180946617664607,3.3223114152980897
69,-4.478997659683228,-0.4516661509871483,8.341967368125916,9.479316235814853,0.0011923928903273177,0.0022791156942225657,0.00040498763153093474,0.0001899523082160748,0.0006680691669500406,0.00045928524185304646,0.0005003191923270014,-0.00019107433468391988,1.6190022926084807e-05,0.00011482130814448393,0.4236993287205343,0.4979893848801014,0.31878092462841373,0.27212535390949594,3.440608897267814,3.481511160311322,3.3769672263947594,3.47431295025468,-3.7719259738922117,6.430112758278847,-5.446303508989513,9.851604982357296,0.5598062062701203,5.83369829222399,5.825606872487022,0.09795939182986944,0.48132976599949273,-0.2159930124526514,4.816239741365811,0.06473261686803813,0.49375526850788587,0.3277231408736062,1.7934686331463439,3.346898566907234,3.344467494631731,1.3225995437331055,3.2125450742920116,3.3162843301040024,3.3487734737889556,3.5182545790892337
70,-4.458617067337036,-0.42824786603450776,8.354806232452393,9.479836177065227,0.0008906673325724013,0.0009732062835057998,0.0001695773713436165,0.00014178508272881667,0.0004583792157822386,0.00023734834684056253,0.00014266959424087588,-0.00023122896238969535,-0.00013383814388776724,3.0775864685426304e-05,0.38906404190568095,0.4065031802830769,0.2607307869058985,0.2538702994478306,3.3969422169985704,3.4536761917158705,3.4167274616964227,3.469833862510387,-4.497070914506912,6.636972180008888,-4.024727613199502,9.834963851511125,1.9917423680686441,6.543052834425305,9.118227242783172,0.9811916024421891,-0.37161868246594254,-1.7084715663701218,5.549507951932648,-0.43613025471569433,1.2167959452985502,0.019692756005415663,2.4152926242024635,3.518219848910486,3.0301799355245973,2.293171451755959,3.2706605103227044,3.3723520010302477,2.8947580389897993,3.4419215302306196
71,-4.487990963459015,-0.5792172446846962,8.32472903728485,9.47849308921284,0.012458105114237747,0.04550949677210244,0.007571557427413378,0.0007574224808777162,0.017857673244183046,0.008969827702116179,0.01458888931124747,0.0007793603537837476,0.0011242950403232072,0.0013863134725164746,0.769921519592725,0.9219603362529942,0.6740698646832564,0.3813921265692632,3.4398355139636583,3.171885706590906,3.412435564138733,3.435467479935665,-4.232544374465943,7.232665276527404,-3.8572300425730646,9.778525852859612,2.3022715343469122,3.5326942539751283,5.954749924837227,1.0046230263828806,0.33160821606200547,-1.2422779774554051,2.4723226737193875,-0.4625847485036367,1.1108879410847554,-0.0389559914131296,2.4321129449517103,2.9850127445154575,2.865204134029805,2.272600495052939,3.1772162579130994,3.347290178515561,3.0068714483699246,3.3781642675303973
72,-4.514207434654236,-0.5977423816919327,8.313730597496033,9.482176510814899,0.013168000588003577,0.041223800308075355,0.007251994910951439,0.0019615224226420267,0.01378488891799681,0.007347831617156047,0.012748390572998572,-0.000689488353896745,0.0017164694078871871,0.0020080616681715973,0.7979379746108745,0.911750235286765,0.6635826208670331,0.4934169569696179,3.503936827457588,3.192450912844821,3.3859831234571627,3.4835088438257245,-3.0275188744068147,8.630612111091613,-2.728894555568695,9.81321807290027,0.04687908684282331,1.4250692642869618,3.960761730967782,0.10035366786855865,0.07625931623989736,-0.050573925248488846,2.027687576043246,0.040930432438138736,0.27023975556297725,0.18090139402335498,1.0695143408069043,2.3476362997833466,2.6497190135519664,1.3000256956157803,3.453612800826526,3.281752887456025,3.0317079389803347,3.4543672959096154
73,-4.500784945487976,-0.4309712678194046,8.335338306427001,9.482967614471065,0.0030813731860660602,0.0036791639253284467,0.0007804571906606749,0.0013781888654751308,0.0007315150320398562,-9.565875546590278e-05,0.0005304144165120576,-0.0015854161702828615,-5.517466176730145e-05,0.0007064215219051394,0.5465609485994014,0.514174552084632,0.36665002713115263,0.4445467833987753,3.470349536926428,3.22144326626254,3.32040270629196,3.4317201424838535,-2.9967711091041567,9.204889583587647,-1.6507485032081604,9.83510655493593,0.014326563948782383,0.01695659613436964,0.2778105532269224,0.007841405927557225,0.001170659691650554,-0.03563380132307817,0.03326330191094268,0.0022525741920683975,0.00887157207631742,-0.005018085731356205,0.7473136959210045,0.7586280463335604,1.3473461457186826,0.6498814426941321,3.3186404359766435,3.259353834648255,2.9853321211425845,3.330597218021812
74,-4.481870758533478,-0.36122517883777616,8.343269228935242,9.477975866287652,0.0013380507858375289,0.002591689730810677,0.0007506269057878151,0.00033578341245841793,0.0011055660006691111,0.0006625757262842932,0.0005109799490554562,-9.723083234114668e-05,-0.00017892191065588885,0.000323014305473068,0.4407598045028366,0.4975566373022976,0.37290152977424634,0.314825602471245,3.475788916521962,3.3451230620689194,3.398898159832672,3.4946541630213868,-4.060141372680664,8.514201247692109,-1.659601936675608,9.786717027675262,2.686489607630524,1.1308966318808922,0.47105213077294933,0.1354324839085302,1.6066810510322722,-0.7541028840274898,-0.38718674112539925,0.12315773271554509,0.20960325271391939,-0.043246691826787094,2.532175462572969,1.9755615783902487,1.783889959143005,1.421289585993931,3.1629476658378506,3.054230906899865,3.3160392166892656,3.490119511174959
75,-4.485836124420166,-0.40167222544550896,8.330550050735473,9.472028743357779,0.004959456943048188,0.030812023591555986,0.0030390020901928175,0.0006586309941460671,0.00889433557289813,0.0032221674779299484,0.007040827288296776,-0.0001090484104575191,6.200711550716852e-05,0.0006890911290524984,0.6092932664347432,0.90321583659627,0.4839622653176781,0.37961972078894923,3.463457084057809,3.317249743452282,3.1724144910046013,3.5201567716996807,-4.984847629070282,7.234220552444458,-2.84434828851372,9.751365522795897,2.143583016389852,2.4058256610531017,6.361661249548638,0.8432140435615875,0.5198773195650573,-1.747098134276619,1.5069329659916986,0.0856452355974316,0.6753369822030177,-0.8269628697208004,2.338714005810088,2.6980008147710905,3.2001185107126893,2.104701708101396,3.135866648858629,3.3533727452404753,3.239935872909602,3.363008602026972
76,-4.564156436920166,-0.555499691143632,8.28070571422577,9.474991925827853,0.011009972584771538,0.05219128227839905,0.004622882394752344,0.0008692845899865573,0.013244737957920113,0.006147381240631278,0.009212647772901686,-0.0006546983897458039,-0.0014465066719217808,0.0005467442349249456,0.6862343408984387,0.920228175556584,0.5379740267858328,0.39714308567485807,3.318222942344076,3.112312739588379,3.2375020255368203,3.4659961931878285,-3.963949990272522,7.289016258716583,-4.467878448963165,9.885835535107926,1.5465346011300314,3.0911264032631602,5.330804499474804,0.8144666861481122,0.6220836354867982,-1.0574855737721869,1.8901885716560616,0.17095431310208284,0.6200872602989378,-0.9063221541701753,2.4044131717731347,2.8658286536394484,2.9718090286849383,2.0641583138929915,3.3300753062735846,3.326601981078734,3.1360235885696772,3.349629618016655
77,-4.535381221771241,-0.5234772428870201,8.304258584976196,9.479200070681188,0.011874036565484117,0.03617513555340374,0.0047590072881459455,0.0006932222423782742,0.012100583732061408,0.006735532892609901,0.007610127938672211,-0.0004909161791537405,-0.0013403407637640667,0.00045947765819030946,0.6943073087068043,0.9378961720195487,0.5503199322571654,0.36561633052089143,3.3141607695574096,3.333266737855917,3.2792359360231202,3.415620896304016,-4.247260200977325,7.987421536445618,-2.6003999948501586,9.909132491754542,2.106050335448612,1.8196280545045311,6.072972342227909,0.1620306396192988,0.7974150498985904,-1.6761089453686555,1.6709816834813052,0.18666041321542973,0.10927686405838394,-0.30341247755834805,2.4606757541189452,2.705794108234493,3.1261413910492766,1.4323983286567294,3.2283086530326845,3.4969821244428867,3.248463583428795,3.4221073856388644
78,-4.490385222434997,-0.49082631021738055,8.316917943954468,9.466547040120664,0.008145347837929865,0.02912253149513754,0.004571956556339542,0.0008974116009308105,0.012545953761191136,0.005116909198240798,0.009480308558272718,-0.00020395313582383944,0.000421477785163142,0.0009453407866076044,0.6862723557763938,0.9560213014328874,0.579757066502312,0.39758968898375396,3.444285962298728,3.473545059832284,3.4077707364978984,3.4423656072403097,-5.607819056510925,6.94827846288681,-2.5095923602581025,9.772573933267854,1.952199369042321,1.9027024520213571,6.061122718372507,0.19403551570613572,0.7690789517633219,-0.5983463270924079,2.553215756540456,0.1469621510296937,0.19925214468744593,-0.14094656125267768,1.9890510044403373,2.285225677718014,3.0694886264051147,1.5201756810297877,2.689980104853697,3.09233399082424,3.0499524948708876,3.4575750443235482
79,-4.560684883594513,-0.6959196101874113,8.268091225624085,9.470649297575324,0.009233791088355392,0.0366558917828829,0.0038166187788909534,0.0007679517720560553,0.011674355586171326,0.005181795977867764,0.0071591944221545715,-0.0006845537787313166,-0.0017760710668190498,0.00036552105014029437,0.7098218732316408,0.8841804028704675,0.5758972204745764,0.3854795350868273,3.461430684118177,3.2403783538736888,3.4761936573800365,3.4516150165265347,-4.8684369087219235,6.392724692821503,-4.996752023696899,9.74953165688519,2.2424280704468225,0.6630050239616613,2.8934125072851202,0.14014836079949627,0.44519645392801976,-2.2019590885911686,0.06646989686443328,0.14172359256765094,0.10078437021371582,-0.2481976720484476,2.2668812129362768,1.8554296769158645,2.71976739804809,1.371963174878004,2.9887241424441338,3.193213753901147,3.257215285846476,3.4032177764712404
80,-4.538673162460327,-0.6429478995501995,8.29502601623535,9.479920009093433,0.012824728890709841,0.03658130956330493,0.003998375411575637,0.0036703711835845087,0.01095028935395503,0.0026982542190709074,0.0074816541977011635,-0.004494840138816872,-0.0010665041613934258,0.001686133660846631,0.7884138249005594,0.804487615511791,0.5729149737933859,0.5871049067812195,3.5074946127315125,3.0571045526848626,3.4554304225790573,3.5383271769491214,-4.11445848941803,6.4593648433685305,-5.845845150947571,9.774988519990357,0.5079465956419852,1.2442505878840369,1.2302732758493027,0.1882835914813849,-0.20948610708148813,-0.37681699201529834,1.0273898255165623,-0.0956129012904771,0.12926714392129054,-0.06423479855493607,1.8527265806117703,2.1198282146262177,2.316202359970437,1.5260971339029696,3.342785468456666,3.119613527852804,3.3600813347357237,3.449464434175492
81,-4.462492668628693,-0.42221746817231176,8.343643403053283,9.472380457824958,0.011514835819512638,0.00761338926423283,0.002648655868934987,0.003830324568232909,0.004335207569431488,0.0009992775022863215,0.001881043984735916,-0.004771774660155486,-0.0007461811729172522,0.0017582428365769292,0.7648591652058673,0.6882059817364029,0.5455551854611579,0.5862295494890233,3.4768153810770133,3.4894606078124895,3.5645582973135754,3.5037835880723445,-4.371088665723801,6.718148744106292,-5.086782014369964,9.816088993497216,0.6972601578471901,3.1481548806869344,2.894824110580898,0.33991792349091654,0.14757773341947675,-0.12039459917497354,2.468951351541178,-0.05905543780265335,0.4790362050381748,-0.0074731495871015975,1.8456686073034705,2.8220496353211773,2.7840446222445023,1.7557249643531303,3.161912475028565,3.3113615907219587,3.280405699198494,3.4539690796231763
82,-4.443758034706116,-0.32712276801466944,8.351170086860657,9.466111128223325,0.004720193072933236,0.005699811163349544,0.0015673437120330665,0.0004762753036818981,0.001083861198652787,0.0021719304417140615,0.00031968110580215967,-0.00034892725740439957,-0.0004394375568319144,0.00034090889430286474,0.5855090500519161,0.5967845234010737,0.4707027847258212,0.3494378223561874,3.3532676752900015,3.381142754325534,3.51974129198129,3.5347643965444786,-4.135993885993957,8.210791432857514,-2.2989641739055515,9.85043141650687,0.38335533973243474,2.4340061140103977,4.755777877652554,0.16573272674052314,0.684613037233067,0.7014667582402997,2.55931172323786,0.048932963302853974,0.3505807923106491,0.020078413086183192,1.550512577175932,2.7074221469976383,2.6959799282298573,1.4609928822779392,3.05210210128218,3.323772060215337,2.9614267126875804,3.471037098984819
83,-4.443548595905304,-0.31176995038986205,8.357409858703614,9.47063392691792,0.0013617580509312662,0.002746848827874203,0.0006449447864165299,0.00036093095315001603,-5.865596578717007e-06,0.0005492941258126045,-0.00022930310369263232,-0.0001575907173599476,-0.0002850344847788077,0.00031588379403655237,0.44130290925324817,0.5055357704797926,0.37519471947729055,0.31201811810227975,3.460429814811111,3.3978975361505532,3.499952857897015,3.4237489825796668,-3.779702627658844,9.071310210227967,-0.37926238048821687,9.842700903926096,0.02840037564049571,0.00823251603790836,0.13069048717492507,0.003117997133708001,0.009622107376583196,-0.009801054021457449,0.011062467254656393,-0.0023030892758491343,0.00274712801071437,0.005418547227002887,0.7631890911935395,0.6694873111491754,1.337757734587749,0.5608047298034184,3.0121494382138154,3.403582849314222,3.409054792824668,3.522716814116025
84,-4.430844378471375,-0.3332429498434067,8.371131658554077,9.47747940781138,0.0014796205941768048,0.0018024053038258664,0.00044384746138932213,0.00030237511254679075,-0.0003703031691732136,0.0004396937755968605,-6.69798593038538e-05,-0.00029430315774338074,5.8322017140835465e-05,0.00018791925113386643,0.46298977374788397,0.47643791061532104,0.3412184354318595,0.3044382494857408,3.4985782355207506,3.454462246544217,3.5130889039461257,3.455485129258422,-3.808655786514282,9.07711284160614,-0.3530011620372534,9.852197983346535,0.03197473945498974,0.0039098576275411025,0.009157726798891784,0.0026229974628541376,0.007726368282054588,0.001082039328958175,0.00022637621854029532,-0.005161589883690788,0.0006556212000826152,-0.0005734003557450496,0.8441924178300999,0.49688033589744923,0.6723619898831509,0.5196667348948482,3.1842843093546125,3.1412033928295116,3.327553307175523,3.455224637955055
85,-4.407785153388977,-0.3167229615151882,8.377850437164307,9.472103468914643,0.0017506153477970837,0.0016279186220421093,0.0005432331341394078,0.0003496793671515648,-0.0006505472317520863,0.0005638177426146875,-0.00042344910674113053,-0.00030101252827948875,-0.00012021911859742548,0.0002306243287981362,0.4622714245229647,0.4580463156835119,0.34557312217689434,0.3111990468891713,3.418201532987608,3.4014493312452063,3.4065227667094913,3.4349952785891746,-4.019343775510788,8.99115068912506,-0.39834515005350113,9.859034515806474,0.022600757509276048,0.006662535912250148,0.02447590858678577,0.006592919956219812,0.0036794466695603376,-0.002941379847442924,0.0003252331756411661,-0.005906954241687492,0.004542231876775424,0.0004002782294763474,0.8946806042519773,0.6562697691450956,0.8790684760452027,0.6621375172239488,3.4626252026832427,3.4621058452299893,3.3562845631958083,3.493692248669406
86,-4.383274519443512,-0.3026869520545006,8.389806532859803,9.470899795018763,0.0018008956544852395,0.0024341866768743015,0.0006173154774020124,0.00036586988799724047,0.0008793019157434143,0.0006374224185571135,8.538976465317074e-05,-0.00028690425956688257,-0.00039340094683408045,0.0002518175419939215,0.44980665612303333,0.5154397753012238,0.35953849039009633,0.32049515552750657,3.3125641099932306,3.452331249730316,3.442609355561026,3.460199628884993,-4.660141718387604,8.270312833786011,-1.2173485063016414,9.859887712800091,0.5447525263517574,1.0594772456497807,4.334385254873022,0.17404772524457895,0.6741098037596387,1.213498816948943,1.7932673226830207,-0.13163304746495472,-0.06959906009840247,-0.4284576539108782,1.8182257035895635,2.1818568988535216,3.0167377932372417,1.468793917771265,3.3023504305875924,3.3259540232025193,3.238431313580079,3.435852165874229
87,-4.439568209648132,-0.46472951397299767,8.35333983898163,9.474871556609274,0.011453519671687352,0.055353060008575594,0.00469381929465095,0.0005617944108758398,0.02210578143986623,0.00650156770932192,0.01523127053935986,-0.0009574410972889277,-0.0003659739906147427,0.00013270597041554943,0.7015874248668694,0.9633758584434662,0.5159368838886559,0.3486466508056995,3.3456149826586477,3.1506577211266924,3.1376892315341074,3.4022347257191967,-4.786841714382172,7.445088124275207,-3.428137147426605,9.872616185747754,0.876477080759962,0.8454038825985103,6.036655735603251,0.19624411152648658,0.3933259505152503,0.06991732372115454,1.643872468778799,-0.17085223838162755,-0.08378535436937314,-0.455197868775396,2.0365375924206264,1.9860149782198306,3.124609750546423,1.4919382307075968,3.2988212728350312,3.2413191425997034,3.168682155165487,3.382796405313006
