,Unnamed: 0,sp_mean_ax,sp_mean_ay,sp_mean_az,sp_mean_acc_magnitude,sp_var_ax,sp_var_ay,sp_var_az,sp_var_acc_magnitude,sp_cov_a_xy,sp_cov_a_yz,sp_cov_a_xz,sp_cov_a_xmag,sp_cov_a_ymag,sp_cov_a_zmag,sp_energy_ax,sp_energy_ay,sp_energy_az,sp_energy_acc_magnitude,sp_entropy_ax,sp_entropy_ay,sp_entropy_az,sp_entropy_acc_magnitude,Unnamed: 0,sw_mean_ax,sw_mean_ay,sw_mean_az,sw_mean_acc_magnitude,sw_var_ax,sw_var_ay,sw_var_az,sw_var_acc_magnitude,sw_cov_a_xy,sw_cov_a_yz,sw_cov_a_xz,sw_cov_a_xmag,sw_cov_a_ymag,sw_cov_a_zmag,sw_energy_ax,sw_energy_ay,sw_energy_az,sw_energy_acc_magnitude,sw_entropy_ax,sw_entropy_ay,sw_entropy_az,sw_entropy_acc_magnitude
0,0,2.3985511521498357,-9.312516816457112,-0.23475148025900125,9.634655823415617,0.19094491261530894,0.0342566011016251,0.0912094227915332,0.015935520999834713,0.05851433051270865,0.04947408728542277,0.00863619657695992,-0.0073825357884037685,-0.018071553932184445,0.001038435516317701,1.5946534052603183,1.0623570231329635,1.2207517706098792,0.9314100748667901,3.7600232340499553,3.795131609618073,3.649620769362332,3.931748251831836,0,5.24219579299291,4.595017101367316,-5.531567890445392,10.261720138119447,4.2981782682370975,13.149798151160295,10.58189089454785,1.4774693757596753,-3.796367171540264,0.09696543106659908,7.692476790462769,0.9674690243362573,-0.06904380439198206,-0.665188593998696,3.5831730761582734,4.21261849608837,4.1603348860839064,2.5944570023988387,3.7993694678160987,3.620166960492772,3.695015563983031,3.731706647681933
1,1,2.8909785906473795,-9.129609870910645,-0.1893314713612199,9.617721646010274,0.3895296788626129,0.13989992279163407,0.3467246081848024,0.1061308395242839,0.0951082334615228,0.04260854308953968,0.06245967511367252,0.04293795903602378,-0.09743914660425328,-0.04931446341365404,1.9213748909780688,1.5519800863079238,1.7928597826710302,1.502006821810968,3.802592187346837,3.864523363088636,3.7087852683903697,3.937460563953328,1,5.2314280788103735,2.888535775678853,-6.374957991639772,9.820814952726892,2.1315742807904616,12.8658950518699,6.62946927014642,1.1894759559695012,-2.0316936389556797,-0.08085118427834087,6.396281827189185,0.6047869602947262,0.006239453116497675,-0.6611410217656869,3.1217394469378887,4.174043385813228,3.8311704573462766,2.582662991938661,3.9073512737653546,3.563204659298032,3.7453002639293502,3.806063206013989
2,2,3.0662241776784263,-9.056018082300822,-0.21997725119193395,9.59971022061006,0.27476813203284284,0.12339615429988295,0.4107391552787252,0.10430807153956106,0.05544186208185056,0.0904080124489111,0.07963679156974178,0.04220009886132238,-0.09531477227465544,-0.052137128072194665,1.7963655877559777,1.5145104349863783,1.8394060922687123,1.4891109718731057,3.803456138155259,3.8677686799849833,3.6348946912096216,3.931065744307181,2,6.045546102523804,1.981297046598047,-6.972884591420492,10.006196887938398,2.4442039604822803,8.906457595223968,1.5502050479328149,1.6852486677205076,-1.1044510983855251,-0.6649566135442861,2.9504897312221385,1.6566841817240718,-0.12030990365044525,-0.6207170191788947,3.1813654721126627,3.9659680506643062,2.697391971776973,2.838153279739265,3.8620302897721137,3.6715468167341614,3.71652456989797,3.8260821308805184
3,3,2.7964774449666345,-9.191230646769206,0.022126416365305584,9.626209438264508,0.1550330125149493,0.024645421188246558,0.1953892982000829,0.004479594227147736,0.05627393315366008,0.0497095615967058,0.008740553701022108,-0.010102047491738216,-0.007547499362793927,0.004508033693825782,1.6049088696769165,1.0008255746756018,1.395457675453954,0.6670656436765742,3.8979785879789306,3.8651908199546816,3.510816814885273,3.909183697469664,3,5.256313464045523,3.8966319468803694,-6.032266130050022,9.666541814801306,4.568993306999904,10.289953866265906,3.436842515877061,3.813188775449569,0.4968042698556206,-0.08600204477664589,4.247836127295547,3.4994842964317594,2.926712039425758,0.4259705376967219,3.621522422624939,4.2723060376487005,3.3886132257204866,3.5211944321399735,3.804369728776956,3.743168811448992,3.8161781527601053,3.850533940965085
4,4,2.691571505864461,-9.239064788818359,0.2308708768337965,9.639972818459553,0.15102422450821926,0.0181377526501973,0.11278739820478673,0.0064586271893686065,0.0426740023412455,0.060061147082034985,0.01668410940055427,0.0035713940803824154,-0.005041454206294964,0.0012390305199187436,1.5905980863166471,0.9632137802434738,1.3048371177729543,0.7668707249087497,3.882758876992679,3.9452093446478655,3.655574611446172,4.013541452029227,4,3.141935607790947,4.515216487646104,-6.147241181135177,9.650913393104283,16.697115786487238,8.488610720695075,4.786774832888876,4.454586877352969,-0.9813360681403952,-1.7441309719915683,3.4370242712799697,4.121209881060212,2.2089850331252845,-0.6667954252830095,4.449394965637189,4.033264457117632,3.6794619488421008,3.5368630614258154,3.517979901094756,3.7324006352197365,3.8347876245741053,3.7831030720379375
5,5,2.8296172142028815,-9.204568274815877,0.1950975134037435,9.641447010556417,0.1372819725803264,0.012648482990947986,0.05263412762532488,0.010740807294177016,0.02502600107322667,-0.00792593100274319,-0.009792432356516235,0.01960946928684163,-0.004370490084682452,0.008469088578395309,1.5206995900700528,0.8845278474387102,1.2174185842549523,0.844722690665527,3.8234223360053616,3.954039946750181,3.8781928083391146,3.9305052897734103,5,4.578506628672282,2.29778771797816,-6.5889163374900805,9.932500030601307,20.98912760775232,7.8244094156059925,2.7072864042190115,2.031141722732615,-8.484766976213125,-2.2214253793861016,-0.11391428248252272,2.6486753247839685,-0.4717926728847434,-1.4648278555638994,4.4324953577512005,3.6640995154213387,3.1196016380788207,2.9234515408143995,3.3532780495231784,3.6007827085727184,3.788094404187451,3.7800926645850046
6,6,3.2003294348716738,-9.07985029220581,-0.07347206482663751,9.645121430049032,0.2372048231736167,0.03871816697360463,0.0740044218905277,0.00703307084589242,0.08415166966226104,-0.05287615032389387,-0.02886607626082895,0.004549927348838555,-0.006055455032875766,0.008288269021309172,1.672095008317536,1.0949280354734874,1.2927195266780696,0.7740201010287953,3.7663868819943738,3.8147591731340458,3.836310541583994,3.9822415587737385,6,6.328058830897013,0.7755537117520969,-6.747879473368328,9.626131667586966,2.004423304277913,3.9343815054394002,1.6438752908123468,0.9900820996732432,-0.7116383650170404,0.6953290248315729,-0.04909759115395162,0.8292641581397242,0.10764130859980096,-0.5657007382624656,2.8948690137154083,3.418971500372756,2.743970057758411,2.530530483584345,3.797566307684943,3.771617230709112,3.7724378029906536,3.861577749797757
7,7,3.3954468846321104,-9.000632111231488,-0.16978880446404218,9.635423497259882,0.16536336256800468,0.03806061307654908,0.0781962275783067,0.004888218134131536,0.07440945716144484,-0.0067893811560889045,-0.004856824210339962,-0.00970454283156409,-0.008659094986523291,0.0007015711355617424,1.6409030742445307,1.1292510298130438,1.2653967673369586,0.6656753554207822,3.8776496932406985,3.866276786942105,3.737195611028608,3.84010700210096,7,5.35984294017156,2.702254485587279,-6.917370986938478,9.666689980428345,2.4776755235988777,7.194565437637472,1.3235424822835948,1.268890400883897,-1.5813783180722008,-0.3380910518244579,1.0130392837464095,0.8556459654473623,0.698970241719588,-0.7961370325602308,3.2422023560314117,3.769174167208365,2.698944878264842,2.6740868150568398,3.8938825050894836,3.714244765863982,3.8453592491142703,3.832381394215432
8,8,3.212230587005615,-9.03693421681722,0.08282940258892874,9.611309201599406,0.14997841421890326,0.03643332210865247,0.21651599577883046,0.010590299252254859,0.06057378427393721,0.05397833994420779,0.03491730240618696,-0.0067305656077333645,-0.013667034814896723,-0.010311960118861959,1.548674850474818,1.0857162908110642,1.5103665407402012,0.8136083328981669,3.831078527717703,3.806174466200245,3.573427417992761,3.8585259321109575,8,4.624608286221823,5.442435202250878,-6.157410597801207,10.21459232265324,4.795455287053636,6.983674743802352,6.3545824177481425,2.4553175505693643,-1.26751953740034,-0.7196920733793714,4.710630148562659,2.087637918856385,1.8591167994642737,0.7983962107798266,3.773241013058697,4.023201048072745,3.839777078200751,3.097967774971828,3.8969411164152126,3.808933918356335,3.741221358503367,3.7919084753354255
9,9,3.1032545010248818,-9.069285917282103,0.3992032041307539,9.611174472059993,0.13035820836508766,0.032953747478160385,0.1860110205790133,0.010499939154264741,0.052919117130896316,0.04216941574650492,0.017096638782672598,-0.007326727659712837,-0.013561760624133612,0.0033139834225523225,1.5068366565132605,1.094552366851417,1.4221301579950418,0.8017313677215232,3.8344921559086633,3.886476370675084,3.620776650197404,3.831824161582796,9,1.9980866855243218,6.576433698087929,-4.9293343245983126,10.053379237176523,8.790940124288941,9.031519609606855,14.614701539783086,2.406381665597984,1.1369967185767331,-0.21879415269424105,8.685708511387428,2.6659111902981163,1.696145091971674,0.43959162667778257,4.078496724795488,4.293239908378259,4.4607078086095,3.1779426486581435,3.70647682379248,3.8168760466497336,3.6232048826681904,3.847166494386504
10,10,3.212061019738515,-9.066283178329467,0.3686771315212051,9.638966552620012,0.1772038145391483,0.026794091793229544,0.06622907541127188,0.006911682383880853,0.05885589905092905,-0.03293528898062868,-0.012647585413717893,0.003910577869466538,-0.005560322848852942,0.003983790931829841,1.629072944262299,1.0157803036588329,1.1269187645522492,0.7303091155068362,3.845661508133794,3.827325446130942,3.548588616058556,3.834352661854928,10,1.4553945269047592,3.2281968782345456,-5.664848067363104,9.767250958081522,21.78953406861503,19.492201123104003,11.597098265075031,1.2490781975573984,-6.713061964332832,1.2304974134361912,9.505108860521268,1.6184378314314432,-0.2857548191415739,-0.7076665880007869,4.202069503214122,4.627392103425435,4.245577036265585,2.718145800754249,3.252101276616433,3.6173323508098822,3.643418380037668,3.875364345160495
11,11,3.3239700118700664,-9.032794300715127,0.22279044236056506,9.637610523684641,0.1422398822307084,0.02113487584483635,0.03904582829998818,0.005385156355391405,0.04705327305597568,-0.011956714425176776,-0.0063932963702828145,0.006625680250170236,-0.003065518682771207,0.003044710070097118,1.5406304090969458,0.9488781067128894,1.134276587369424,0.7004797293741325,3.857857631425215,3.834468216417181,3.873951485837681,3.9078807169442538,11,4.2050667266050965,1.1613564766322573,-7.008178655306496,9.792259224851518,19.76273856887445,7.489029482174589,2.019305806312456,1.0584254292472233,-1.5301526634951392,2.3400317139760145,0.6837572017013499,1.1701870589315095,-0.6532665126537723,-0.6858924763738258,4.514392518636986,3.834481064735504,2.821553747140982,2.5309235110728894,3.495922721398184,3.6689796688045946,3.7211912055652943,3.8173382489122187
12,12,3.2155026753743488,-9.06621340115865,0.2219724251733472,9.634420995449032,0.11417315402881673,0.0251682334575794,0.1099770490512282,0.008186298242527298,0.044134380654211484,0.005878312441918943,0.002615938884137021,-0.0030357665649438825,-0.009182666809563452,0.0025737190184002613,1.5130674019064247,1.0413561251382843,1.3271939389200524,0.7919651889653674,3.9295659793105697,3.939735307943156,3.675051650198397,3.952038575924993,12,5.215236624081928,3.8848672213032835,-6.544090723991394,9.856258484944858,3.1655909186321733,7.501913433999514,2.6839359092019706,1.1177234354995371,-2.2412783277821986,-0.3437303294980813,2.5139562839816314,1.077746438234729,-0.19221735248961064,-0.7661842497920036,3.4145067500099606,3.7131590431683774,3.1855267953416457,2.5403681105735725,3.882146233412248,3.6211695849115553,3.8233451701620536,3.819065275286888
13,13,3.187719941139221,-9.059549522399902,0.42571899021665255,9.626937752796065,0.09358882900896384,0.026559457206709908,0.15617079664634714,0.012219558496369293,0.03538935408354809,0.052775715335532034,0.026013872668107042,-0.0003384233887050078,-0.012682777234383649,-0.0015479496278736663,1.3964645440954582,0.987346379530769,1.2573754763673517,0.8472113749829855,3.85774128851525,3.799540005324274,3.4320585899549787,3.881901251919937,13,4.030310893058777,6.0195043524106335,-5.070151915152867,10.136458902630755,7.960158488581704,7.471299508189148,12.208754425956831,2.6603614750037567,-3.462007121732862,-4.477049611982651,7.259240354900489,1.7059701725111158,1.0400991997768845,-0.34528187190006865,4.086230658036393,3.9015044668869083,4.468746985383907,3.223019925717174,3.7780783483649376,3.745576323681965,3.750316988838388,3.8563587401461805
14,14,3.271497062842051,-9.024364693959553,0.4530926970144113,9.619486379123543,0.0993017917352754,0.02607402888397134,0.07371334014750537,0.008539285219948617,0.040287457862104574,0.009962796860267877,0.0037823803011937094,-0.0002485494596702458,-0.00911740481617482,0.002958480248136286,1.42522196878329,0.9972129431264342,1.148660044799722,0.7869614653898528,3.8822275603398633,3.8337627050225933,3.605516015464334,3.900048416448137,14,1.915933120250702,4.941577592492104,-5.518806185324987,10.151046625654955,21.54971410380298,13.415369308054428,13.724289480354374,3.438657236809228,-4.685206372580367,-3.311774733105867,9.568893773179678,3.606546135520315,0.3361277023501274,-1.0519485816046008,4.5706887724059895,4.289012619914397,4.557002039885682,3.4051603861462416,3.491547013298614,3.629098836033121,3.7061119837097256,3.849511619536345
15,15,3.2996888001759848,-9.034041261672973,0.16430209195241333,9.628097097891876,0.12007779098049988,0.025466589822358957,0.03307711721625253,0.0043053759199642135,0.0496018793465004,-0.004285686086752679,-0.003925199818728686,-0.0023313733867229053,-0.005491762153868553,0.0026786400412076488,1.4775873362843914,1.0139069259647278,1.0919393898475172,0.6376806244853779,3.8567088006038173,3.8582860276056654,3.9033836638746062,3.8310861214905287,15,3.434338601430257,4.315455609560013,-5.927699663241705,10.129439099130764,23.787249250608028,10.475454837890744,5.316902910689977,1.901565218124688,-2.775847866233707,0.6081359998792811,5.215238595364848,3.2173197767190413,-0.7140234112377668,-1.0527022696699062,4.730520721189534,4.108322746859259,3.5669971346379348,2.8647812130172636,3.4796049009952728,3.6460546642043656,3.7013210374814953,3.754206361251399
16,16,3.627963745594025,-8.917742919921873,-0.07449957501764097,9.640430035990004,0.1739435998006071,0.03424531015972845,0.045638311984342095,0.005608882644002932,0.06858354124773684,-0.0299634160023924,-0.012738401408426978,0.0012878060782533015,-0.00579060516926091,5.636863723879847e-05,1.442794502044379,1.0305886046585366,1.110450139948727,0.6946853911859229,3.6789840412676074,3.793911976186723,3.7648449771493135,3.8726448653471097,16,5.770291801293691,3.514139197518428,-6.251807413498559,10.050698884682335,1.6470658012335784,10.497574636742936,4.970715993699526,0.5533119942523712,-0.4538840331406367,0.3142648504467976,6.123400398110737,0.5234720695675362,0.22149887820318734,0.03429608424613148,2.8492060791514784,4.247113720973236,3.5011858688910094,2.198156553955982,3.8362806590522154,3.723151735144839,3.695100563635518,3.876835702980716
17,17,3.8831956307093294,-8.811460288365682,-0.2176828119593362,9.637183384312186,0.054483593233824616,0.018192256424888118,0.04280204046377787,0.006789358154866675,0.02276723757674324,-0.0027858508297572103,-0.003620168804637496,0.0005008682853669011,-0.007437100865450952,0.0010799304577069182,1.1726741573214936,0.9334565350605772,1.085781043947342,0.736433867516765,3.7634089015221783,3.869058068230309,3.7680135214472346,3.880685643499537,17,5.468078358968098,1.8259230847160024,-7.624928673108418,9.930810150196594,1.5646308473938189,5.528286082274303,0.9859864193210702,0.7084861440983691,-0.9402848306790902,-0.2820095372307572,1.3661913970923136,0.7574534552508794,-0.2280853656039074,-0.4754317158441708,2.770766241961462,3.6703778960422175,2.515274542750165,2.3006451625165742,3.802170840696265,3.727195188702274,3.8521308064564415,3.8469121188128454
18,18,3.657382504145304,-8.887855339050294,-0.23250691224820916,9.623075667039744,0.11136004217313056,0.027580428118824902,0.047752112655613715,0.0045503594056234935,0.050042437012924414,0.010779085236382348,0.0026044154881302013,-0.005119781263954629,-0.006931271793546461,-5.49455645216025e-05,1.3279661167830452,0.9875402619085378,1.0196450998315485,0.6717377605486513,3.645516192202449,3.7541415990850497,3.580163487436133,3.9014277331062863,18,5.119922614097595,3.570210977643728,-7.264808813730877,9.933752902184196,1.6754177544954665,5.3267560127433065,0.8706371433794509,0.8131645150025912,-1.1624186896693378,-0.4631538787045883,1.2352243106037528,0.8489951805008235,0.0720335310144715,-0.4402754857935752,2.7974449017925465,3.587429145866193,2.244346859757558,2.402581448620037,3.8144896439732436,3.7036585924089085,3.657995591375092,3.860103255610873
19,19,3.4164559602737428,-8.970764541625977,0.07204551639345785,9.617527902905396,0.13957101001200042,0.039167525090682456,0.17714432689684326,0.0051730820528401635,0.0699087987459765,0.03958207504130587,0.023633816748518274,-0.01318332927780508,-0.010492672028331778,-0.003486169735140366,1.509671303270343,1.0941606868641969,1.3028219213864949,0.6780354196590628,3.800683642156584,3.791247679950793,3.4373215933541497,3.8762556748527635,19,3.6794433340430266,5.734838088353474,-5.537948613365492,9.849529116391514,5.369522718519063,6.325103249770563,10.478726712295424,1.9180870985809604,0.07162530277213866,-1.8718193546617816,6.8688927578524615,1.7837460437406418,1.2323657855812984,0.8946752461424621,3.6446607795588295,3.7912795552652185,4.248512051647396,2.955154370760876,3.7086961362828017,3.7413149189077854,3.7097652318919416,3.8541338565719316
20,20,3.4051433841387437,-8.965916268030803,0.2653274236246944,9.606343576409746,0.10881315416838876,0.026384443615642995,0.10283618344113547,0.005373841138831153,0.04742624587535132,0.03709286283501999,0.015303941840755071,-0.0035213298768386977,-0.006858794785507125,0.003391822539594528,1.432303507036992,0.9796293559033504,1.3160618643778823,0.6947260652753451,3.829703550415768,3.767496121671009,3.7092866911320046,3.890661408573502,20,0.7302096957961718,6.319125501314798,-5.356054236491522,9.924805398238613,8.001839693019122,11.314695049222331,12.661877840351481,2.131064880085349,2.0760876782399444,2.495578903885804,9.240310836353206,1.255218308072745,1.0334016444699443,0.5866496515446186,3.8053682530805664,4.696125994685447,4.654584591498148,3.0959507395078947,3.670412282421333,3.8914781786127297,3.8070629251722616,3.8844381746668923
21,21,3.451371443271637,-8.96469923655192,0.08466495683727165,9.611117548054915,0.04518432149113742,0.006577461055819655,0.04091999585791404,0.0025647007635189343,0.013373383104652598,0.00523414374203587,-0.00047915878594171886,0.003889232613464421,-0.0012493369663683165,0.0029864289937147504,1.1548535925899523,0.6899463254138058,1.1414769671421423,0.5832603048670606,3.8340848677756343,3.788129710717412,3.8707855899751262,3.9084104563998814,21,0.2558724691470464,6.303053677082063,-5.626961597800255,10.412852441489298,7.834152976240766,21.999998250226692,10.072640616166547,2.309324620465435,-1.122005415535425,2.0735443589668843,12.183900807838135,1.985426540156298,-1.4622541289158257,-0.8521858884185246,3.5129698167219283,5.3386585947472485,4.329486914883101,2.9392459301272944,3.4451224925089527,3.793204795788181,3.758382636747331,3.7172591891657363
22,22,3.415268870194753,-8.999006128311159,0.1040180888492614,9.6280301871843,0.021420868080779733,0.0039724964935214935,0.017735020982129954,0.0004442132638380546,0.0086422686228032,-0.0007700918070867093,-0.00031824159045558696,-0.00044348319541547004,-0.0006370086922682377,9.262225926151198e-05,0.9691476738050784,0.645252589267055,0.8771233104758323,0.3721708840844669,3.836658621457536,3.887571978121012,3.7292954813074166,3.870101774796858,22,-1.4637694438298543,6.2404814163843785,-5.474538846810659,10.360942427387283,15.203707966557277,16.316455595941033,7.398855400472453,2.011571737072997,-0.9578603269991888,2.407180536742413,8.642234492127402,2.9926337217351446,-1.1759582605546843,-0.7482417162317424,3.6628011735643513,5.096786752097345,4.070804635707822,2.958999075118689,3.133223306040435,3.850236045757964,3.7880850085005062,3.819376765395064
23,23,3.381999433040619,-9.020035219192504,0.156062047680219,9.637432773324608,0.03297498848388445,0.01601451758436702,0.01671390847663756,0.007941132784106745,0.015088474887847304,-0.008331047452104355,-0.006367220130721604,-0.0018658681708364558,-0.009293450847625874,0.0025912209496012162,1.0946073592039418,0.9049414717442772,0.9183297377829788,0.7717156138248135,3.8921127697616713,3.8600141166314237,3.897719894448725,3.9097885442936726,23,-2.8063822229703264,5.044508745272954,-6.5077197949091605,9.9457306089019,19.81691154527832,2.5674307177415656,2.905883267365345,1.6519637474126003,-3.6109114213098663,-4.440693285705204,0.8819808371089459,2.3011388537077218,-0.1429951102133668,-1.6306010658016201,4.341443483076098,3.1426877292672666,3.1953760919014873,2.8818264082485365,3.3982950717275098,3.814158119221718,3.787410390556,3.8491071398648
24,24,3.4985072731971742,-8.987334394454956,-0.046058455792566136,9.651994788227114,0.06791775895042883,0.02361560007593733,0.06843045870547214,0.01032040866718712,0.02733188205705185,-0.03675338285604709,-0.024213652837836216,0.0007880552037760741,-0.011057673765444172,0.007701429505009261,1.2856438715654142,0.998351215592566,1.2328781548367118,0.8212753778209102,3.868135107403244,3.873070002272482,3.7955252008436986,3.8884470322712237,24,2.1842481891314187,4.405465584993363,-6.787480648358662,10.152967093157637,29.443537524545746,3.2073104158627483,3.313599769518372,2.5741628923535282,-1.7410659968992441,-4.061703900490596,1.9692789276152736,4.237622904916957,-0.2705329487250271,-1.5644518377487795,4.834745687693781,3.3051647468166223,3.1725537708972587,3.1769715491402684,3.4418073762269503,3.809848092105465,3.698473694595433,3.8189319364889065
25,25,3.7578990817070013,-8.87019813855489,-0.16700554362808664,9.6478761957626,0.1569916978616067,0.04314771601707332,0.06261755791829153,0.007092180295422584,0.07441950372218341,0.025320563996837027,0.011858646570759315,-0.008370614475205906,-0.011040771675890876,-0.002061889865121539,1.5281246792933625,1.1138361336820617,1.2573057863256571,0.7445285317899578,3.781844842723306,3.8001500566132496,3.8596583665861375,3.8889171187231613,25,4.973880555232366,4.633023124933243,-6.6707507530848185,10.026449431968462,4.573975962465797,4.849925467136379,2.0933230138120558,1.5242940554609723,-0.9249911539059792,-0.6907111812374845,2.752420709100172,2.1873291283669896,0.09596838589678694,-0.28525903892439336,3.54504406586877,3.7011850893590963,2.986019641194856,2.742782413288628,3.7625388704547365,3.8220881119320316,3.8235012796514543,3.798696945427125
26,26,3.7318721016248064,-8.874737183252972,-0.04033232247456908,9.643190092043048,0.1992004563366546,0.0446941947477446,0.0686316755083403,0.0057544618375716524,0.08759596140906377,-0.003273188911713748,0.006682729940540574,-0.006244869363629691,-0.008432058122115836,-0.007632152497015342,1.6146695326848912,1.1260272310214023,1.2181163491687559,0.6943429651459598,3.794697543639909,3.829761824836672,3.713977983357225,3.851307573918244,26,1.2208977890511354,5.093123089273772,-5.4054660739998015,9.810447778004693,22.76086662395647,12.3343071495179,6.275569135682937,1.1043077423869112,1.2920055919259483,-2.838848188745022,6.533135146861695,1.0499133039285289,1.6013689296802769,0.6417230271703894,4.45962270941938,4.614996236158603,3.774489090217123,2.6098469126450907,3.389452276173412,3.7937350564481007,3.713720635140391,3.8758170490818573
27,27,3.727213374773661,-8.876542774836222,0.0105743905218939,9.63877685242506,0.14992607290432092,0.0325233884141227,0.04819423421644889,0.0061255072079463,0.06112233736711049,-0.04047571286443052,-0.02031538357493635,0.0025129738594401865,-0.005641077859309032,0.0028417510912592554,1.5890410491772908,1.0909520310390972,1.2062917174583438,0.7520813579385279,3.897650496740805,3.9222151535327483,3.908391471501423,4.003563659517941,27,2.130250196903944,3.2671201775471364,-5.561956693977119,9.977494629171584,32.37742257315878,16.391352068842803,8.380778362884062,2.8414208148591613,-8.02177457536135,-3.840974463134226,6.781545760023263,3.4046758045694387,0.7491516340043385,-0.675241403671524,4.88216318622706,4.607992379895005,4.1918710756180495,3.2717998895821627,3.43601442787764,3.623242042949323,3.8025370268472685,3.8191670016983994
28,28,4.158199592431386,-8.686323404312134,-0.0745993358703951,9.64421359461378,0.18382281262552086,0.051345895009902505,0.04102225951356011,0.009289954107997536,0.08492237237817052,-0.04261555083597587,-0.02491667682505081,0.0026953684800361147,-0.009298927290636394,0.004342558486562804,1.566171771977288,1.1853138987349658,1.1832851473547452,0.8151444209933366,3.7706146584869695,3.8411156144461422,3.953485235926325,3.951462642444593,28,6.010770483811696,1.1507881072039403,-7.195576500892639,9.977265355660967,6.4294349293586635,4.064954298979681,3.228163105586811,3.2318800759622297,-2.540587248289876,0.14929835765091953,0.019776912535068355,3.6539570800761036,-1.406332645410992,-1.5140201826095745,4.07847385984218,3.5528616820159162,3.4733185073730057,3.4638251066246935,3.8711859809406266,3.813235023260029,3.8885875893787807,3.89267143711888
29,29,4.3191897193590805,-8.621969191233317,-0.1992973412387073,9.653012240007794,0.08505804849815171,0.031849527890282205,0.039198362674555086,0.006438167074679733,0.044476979458097116,-0.012738715381884357,-0.010358377377858158,-0.0018298414993477008,-0.008345467590658472,0.003239229861761548,1.2131472230818472,1.0242844636711357,1.095116955114345,0.7195438699628592,3.64336655270396,3.7836489648790823,3.829738015509261,3.861535973383786,29,5.509314600626627,1.5640286168083548,-7.862456162770588,9.995475096031617,2.5054532601536748,3.3568715966695963,1.4315678780421082,1.9116155134830373,-0.9173744240748312,-0.38665404206289145,1.2904096844762842,1.8376686331698304,-1.0043186990641215,-1.0740802459647332,3.183588850385629,3.383457626361449,2.794239754469438,2.947980094110142,3.8400256444800616,3.8218746055513737,3.852366375988428,3.8037974533423085
30,30,4.061174623171488,-8.71771731376648,-0.10823787103096644,9.6308185337374,0.12318813849483988,0.030168641372728826,0.10686638621418736,0.006783460571289257,0.05182943481451102,0.00047654830512510967,-0.0019188942649929625,0.003746658969829407,-0.005814583117681001,0.0005246463742505991,1.3961898921032705,1.0120853028564547,1.3661218327270124,0.7139232954388847,3.703330072844596,3.7730815176675714,3.730966711191391,3.807995909127293,30,4.861976277828217,3.5611581537872548,-7.238089076677957,9.921603461785699,2.014624260635705,6.641412235418148,2.3670720685738633,1.130612583058067,-1.6264094990849032,-0.5052203828709481,2.8404885118190517,0.8456509999336556,-0.16511115792258307,-0.807208329750698,2.9738852077746833,3.69693566502694,3.029279260089321,2.635849701483679,3.813643312558052,3.677881573613165,3.78143229173769,3.8503197096267114
31,31,3.8912062486012777,-8.753061723709106,0.29661165770764153,9.602843801781347,0.1747344509091576,0.041690185978778514,0.16765284344628334,0.008767313174241863,0.07245481301074808,0.06518947556538092,0.03757250464491907,0.006153026109722213,-0.007241530827697795,-0.00332610814141003,1.6071344247980648,1.1046107310842916,1.38778267853773,0.7900070659564314,3.817083059089896,3.778847712627949,3.5360992419869937,3.894041844013144,31,2.753022188941637,6.029474342862764,-5.791587932407856,9.895008976117053,10.711787246421409,7.044907767382896,5.058679705826113,2.0339986166683137,0.3249748322748631,0.6082880660673157,3.9647220649272175,2.132476672122064,2.437504051129788,1.188436402927821,4.14950978352995,4.067505907017374,3.758233277582317,3.0198236344406317,3.648569014264196,3.8223765267677514,3.816633433669907,3.8540630681602233
32,32,3.724270514647166,-8.851273822784426,0.4938938796520233,9.631837266419298,0.20341782184616264,0.05713379683196663,0.0675720307972179,0.009697740749819128,0.09385958287820527,0.016085018516648158,0.016306708943049506,-0.0028082645564863123,-0.012615841399683829,-0.004015383687338579,1.5734854129714189,1.1684538159429152,1.2669157665482118,0.8139658428129424,3.681905659793157,3.754031142493799,3.826479543717741,3.914910553475524,32,-0.08454636037349701,4.4693540006875985,-5.772963750859102,10.426511242486523,34.96942531854118,15.928161882919927,10.152079828613829,4.70788436860034,1.4416861763955668,-2.8588892874944727,4.659470829501788,6.7942405823202,1.5364608735254026,-1.277076218542048,5.187336518419428,4.830833545624857,4.40522791286548,3.686390505700928,3.480993646367702,3.772681691656993,3.7738257667500568,3.8265264674134
33,33,3.753140600522359,-8.859284448623658,0.3775556311632196,9.642388621339812,0.17852261189099122,0.047556720362602896,0.04585994675154617,0.007405623337968468,0.08241077385349102,-0.03475658988253015,-0.020843664251562238,-0.00507367904346009,-0.010473783402125831,0.007015624091869399,1.5877382565371583,1.1612836549715586,1.187811268014883,0.7629046535766272,3.7935096261297083,3.836019635602134,3.8727919975729352,3.905333318909872,33,2.778545641899109,1.8577475931495429,-6.579783643285433,10.51168772505483,45.07114409618524,8.306593548455378,7.8065916408744025,4.20417603196997,-5.518064968227846,-5.8262853001337245,1.3573824621097883,4.794232546400881,0.02747012188224348,-3.0399854541748903,5.386888693122468,4.1853006604935725,4.244232579064875,3.61285625845012,3.4196346831160223,3.804991917301903,3.8575667870622015,3.8515394664393887
34,34,4.070152894655863,-8.708639367421467,0.17222290790329378,9.624225115413983,0.12221701550162592,0.025367539206310716,0.05056469680833177,0.005433192722949131,0.04842867678415765,-0.026469842882979582,-0.014849521610284234,0.006998808829528766,-0.0027400698812626635,0.0031848525402826838,1.4405687473035074,0.9879230859490046,1.1491844281969197,0.6810108511411631,3.8225085747030394,3.843764160157045,3.7916467134349388,3.824471894776871,34,5.7965330918629965,2.647179744268457,-6.785606280962626,9.948103765931883,4.513398489215778,5.668431827111564,3.903987514970087,1.564164149283179,-1.752811814586041,0.6087107298944391,2.8226984552202885,1.5479988715919912,-0.9133604494578093,-1.1071419054020035,3.519142151832931,3.682329248036325,3.569050456277969,2.8041329644164232,3.7562281100953014,3.703019638257023,3.8677059132230847,3.8454371821457127
35,35,4.093885413805643,-8.714854319890339,0.11101115139511723,9.637435982549302,0.10412039915789667,0.028551673366465594,0.036625228583716925,0.007332646477555364,0.04542698395455366,-0.028141470411742173,-0.016441736242290228,0.003761690531149289,-0.0062531713162954795,0.003250001106971615,1.3599812418569008,1.0010120698250684,1.11075421504676,0.7558200306003137,3.756522615701997,3.7520682466457727,3.8814836340437013,3.9089324448182583,35,5.265645543734234,2.6949165731668474,-6.974998227755227,9.777065124074024,3.21330049617494,7.142026321053502,2.3878659484386286,0.5898329338517402,-1.642011498258096,0.18966203674775967,2.8714678981593136,0.8939333774078809,-0.4027517500491205,-0.2884935799541305,3.297312237338637,3.904868821642716,3.0020156215766964,2.218573393343287,3.791027379969061,3.7556751894123668,3.7362116484707606,3.843227629874
36,36,3.7971440315246574,-8.837197923660279,0.27325822045095266,9.632572196199863,0.13098868004264647,0.03023925638293175,0.04533494485932835,0.0058098759935634675,0.05507213899751242,-0.03075180737971005,-0.016806951199575534,0.0024127979507848657,-0.005275921157912407,0.00350247002950506,1.520240262923119,1.074131258532021,1.1209611483470237,0.7141695144039574,3.8564421833531615,3.881473223558429,3.811885963763285,3.899797303163983,36,4.428396870692572,4.340420738855998,-5.858546978483599,9.835747031849882,5.584220013356542,13.479192409272224,5.870733265622906,0.5584887993090276,-5.105845509590106,-1.161623052587637,7.035626863864295,0.8384423903158021,0.1341083233980487,0.3472514618373659,3.6743631878651466,4.099714036835183,3.6624852281902776,2.221393546283718,3.741341113180503,3.5201737778755406,3.736701207183821,3.8837255993808606
37,37,3.657592002550761,-8.902280267079671,0.32806548811495306,9.636929126426658,0.08683644679980775,0.013163741777253659,0.03994360522569751,0.0034663573427432216,0.02927374449619488,0.005387067710401093,-0.0007776474546939846,0.006873301188841135,-0.0007425901260744222,0.0037788140521468646,1.413690565095136,0.8736053089863985,1.1123629617710624,0.6186874854635115,3.9296099958662887,3.8952220721425226,3.8266330227194887,3.8622064551351385,37,1.1164112970232964,7.066164668401082,-5.224648418277502,10.062159053094252,8.987799600490888,6.407189229374289,9.007007241137185,1.242975992959093,-0.6691737542867613,0.675051168151665,5.552271642925352,0.274601882617844,0.34414450871477337,-1.056980909762734,3.5129360216825063,3.9272122422276783,4.121988293220259,2.6545056907547124,3.4842901165852678,3.7781010877470966,3.716937338956999,3.8407346139919794
38,38,3.8202281435330714,-8.823211781183879,0.26054899965723355,9.626376040714751,0.11529862363752405,0.0233771343093916,0.024505554544747527,0.004516202226778385,0.046174573642229017,0.010641580961633923,-0.00011338967132731897,0.005621365072794436,-0.0022595039603456987,0.0051755340489689034,1.4179374888486562,0.9445962396124832,1.0192560127959085,0.6721379342155676,3.7607971923498655,3.767117289259579,3.8973302237162697,3.914851284440695,38,1.852363752325376,4.613561321794987,-6.315536292394003,10.2586619523144,23.412687836951466,14.02727207644686,6.997077423257933,3.1103117260540247,-13.391220334759392,-6.072428995030001,5.326023529671901,3.647438140573929,-0.6050946181534803,-2.6911785755549147,4.5833081249176635,4.461251161895227,3.8232836185714247,3.2489419539732567,3.4423738001044213,3.6842905317129153,3.731649730502061,3.807259443814491
39,39,3.95330582857132,-8.763057486216228,0.14093867268723745,9.623536487024259,0.124964258947579,0.030892427926854905,0.024130498392352585,0.004271259827255215,0.0569142612606128,-0.010036011240682608,-0.0057907784715949435,0.0016839303354699458,-0.0037727818656082524,0.0013363946846290582,1.5027982136222957,1.053262290044629,0.9299729588947396,0.6391271269646323,3.8651097098979594,3.834885627730462,3.7353551032429166,3.811345844870055,39,5.237330437203249,3.296870868901412,-6.394459557533264,10.099522646389184,15.276902135857547,7.647673266324376,2.7899436573288816,2.515613618154974,-6.527945782130708,-3.0538733029337566,2.2610146401317044,3.7029794109270204,-1.0120605696682123,-1.488432123718106,4.521286695918012,3.617758704373239,3.1336655319899345,3.164996091291524,3.610273151545921,3.5675512452934988,3.756928713296792,3.8404214368490592
40,40,3.9715616265932723,-8.762399101257325,-0.03309983982083698,9.629606850316275,0.11126092718687024,0.027203806225083147,0.04448747646142913,0.004688417956198137,0.04902781399182224,-0.04058974833653384,-0.02225229127970927,0.002554895044091388,-0.003911502772794389,0.003259382106361282,1.4134458048660667,0.9964377028502428,1.0453653440653117,0.6634363006341947,3.796036527461438,3.7773204869857904,3.6634319371194017,3.850120504290597,40,5.652166116237639,2.753022190183401,-6.978348191579182,9.896707416857797,2.3226845878338263,6.408345656083971,1.866596411762593,0.7114965945435089,-1.1857935634387609,0.3163713318491269,2.28265485266596,0.8978785321085497,-0.2677444522329325,-0.26646413763950305,3.124339167498664,3.6157064517722888,2.7574247682783213,2.3761512559333204,3.870180140416709,3.6636177934318255,3.737417930617352,3.8988124584721984
41,41,3.787577207883199,-8.825187015533448,0.016190788894891738,9.619248314534707,0.18450694900277267,0.03780751651971151,0.08709079254721395,0.0043113290351154045,0.07854304308364025,-0.008070958327831777,-0.004064777357877443,-0.0006970112186844398,-0.004514549285540883,0.00041579762249675263,1.5525895694031917,1.0648352630821625,1.1514606203974571,0.6300496777172403,3.73310173080316,3.7873539407346337,3.536356350790231,3.8035448654016286,41,5.334000448385876,3.3650662782291567,-6.747400859991711,9.909737260743821,2.417286754792137,8.649167600582603,3.1844073479355623,1.1319711562236017,-1.5493822196302471,-0.8132445632259354,4.2503517158275885,1.2255597006762065,-0.03567723168828284,-0.521343029492459,3.1020654197947075,3.8372766305288484,3.082670720486609,2.519598809441094,3.798068578603909,3.657802161034008,3.6739773922890717,3.7888364268731274
42,42,3.710843026638031,-8.872352822621663,0.3438672192394733,9.638990335389025,0.17168250827686307,0.04487692414731296,0.09582318210997072,0.0043594513224257045,0.08368448995593378,0.08297109039098076,0.036128185247166884,-0.010110676492704331,-0.008672940379922618,0.0009152036226201992,1.5186471814120486,1.0701636468015987,1.2322763884431591,0.6370939051584371,3.715303810649984,3.698546668055154,3.57435919344827,3.8283778445859933,42,4.027359766761462,6.0494941711425785,-5.479882891476153,9.93201481508037,9.748573442259367,4.11627236902045,3.273090650702976,1.0703479551362018,-3.3288316124434085,-2.0856677390894056,2.4617670498675452,1.0793964750027771,0.2746194989269493,-0.2749681132574829,4.2140763029167285,3.520206250962316,3.3153682753437894,2.5985353491678267,3.728872017651777,3.8122578973891783,3.795585391592669,3.861683996162936
43,43,3.7286100188891087,-8.861459175745647,0.3807079965869586,9.63228538612462,0.0992518444821176,0.026434780874352058,0.09047218372873134,0.004641739880777412,0.04558115093946577,0.040468463710555465,0.019592816707659985,-0.0015708529330009276,-0.005606340002221281,0.001986056652581863,1.4033544133687657,0.962932510641388,1.2065202525033254,0.6684232252827899,3.8503836550922927,3.694526548545828,3.5809580237637686,3.899934242160802,43,0.4017548869053522,5.576353492339453,-5.967420557638008,9.971144433306216,26.05222875972136,6.2432452900528945,3.1474080779977336,2.3345893100220976,-4.420290833075094,-2.051487613379229,2.6741149443277,2.859205514893973,-0.39103763805135344,-0.9865712842783372,4.56442916732988,3.769461826403265,3.3238372873262323,3.155883850277937,3.3471379095170026,3.7087372914652006,3.8350235130077435,3.871943747892285
44,44,3.7737307469050085,-8.826972691218057,0.12882800319542487,9.615503078237479,0.1816411533087795,0.03687568358919783,0.07492783598781406,0.003805196741941408,0.07611053351987472,-0.0035439432230077983,0.0010850336806768213,0.0077861562254077765,-0.0007620859683208312,-0.00027509930321725605,1.5464142760904371,1.0330983113383108,1.2546329443139908,0.642208216028322,3.7243604546089846,3.7052923472033195,3.7439502601319914,3.9147429318466433,44,1.6587046066919962,5.292046413818995,-5.7437713613112775,9.895614418170872,27.83316892885699,5.461551103909971,4.647053177588366,3.1873131657967044,-2.3853552908497777,0.17248899756253475,2.561789685995156,2.8600661241069334,-0.22221521070844324,-2.261002751614755,4.820858294914877,3.6847743612652426,3.4365422035170043,3.3315650504631598,3.4755011828618545,3.753856272790768,3.6794044162514012,3.8172895134657763
45,45,4.082742385069529,-8.700908025105795,-0.06606999151408673,9.624935912411203,0.1902781259163104,0.04823924859018956,0.029839791689133224,0.003502694957737809,0.09093818533220424,-0.020092691021589486,-0.011097830530452586,-0.0007483323055197612,-0.004347544332357557,0.002062487191343353,1.5092676011555095,1.1096590655289391,1.049511127612619,0.6073259142170265,3.61394506467808,3.689516785481241,3.8548854398968113,3.834528364132206,45,5.471188986301423,3.9125043312708536,-6.02783924639225,9.700788863941057,1.607029518664544,8.252631231336924,4.4103983763358325,1.5288460384963185,-1.215520331969378,-1.044407350047026,3.9993108986130887,1.1235206430598312,-0.018418145699115943,-1.1733007940821236,2.8515289141167823,3.8513782044880216,3.220166580417978,2.7886072293037145,3.853887639711562,3.662031159371396,3.618828468981616,3.8447459250710727
46,46,4.047138607501983,-8.734646368026734,-0.12948640949325635,9.640867228472173,0.1663703485249962,0.04033147384795205,0.058912944134734836,0.0050966946743065105,0.07442869346340407,-0.02738504176403277,-0.012907563925030702,0.00018301527566907,-0.005807660364091142,-0.00011411112863468028,1.4916164998678867,1.0729064435621718,1.1492348037903355,0.6600943572159989,3.6894631670411084,3.7790974983966534,3.724596709642461,3.797544675185741,46,5.509314692020416,1.7713666805376609,-7.1942604064941404,9.62810418280002,2.353560486456061,5.453860127602729,1.5001136564281716,1.728497932414884,-2.121706226426569,-0.8337752120190031,1.4730749620224992,1.5713459613474914,-1.2414762912340316,-1.302216162442917,3.1910185825522848,3.5109376743887113,2.781671965851732,2.9149752634629267,3.8884975665918464,3.6884684874411264,3.8297358144081786,3.859273991538085
47,47,3.6792794863382974,-8.890648603439333,-0.14919866731312748,9.645792679801806,0.2524719774012026,0.05007505399523822,0.15010214883353987,0.006893874166403018,0.10333151277882284,0.03363315772167644,0.015972860693949487,0.0014254232155418677,-0.0065127553460406955,-0.005945843212059962,1.6622277086321364,1.185318268630292,1.2971425948816109,0.7533743178455781,3.7388975768110697,3.857042661868453,3.454797919483963,3.940684361400811,47,5.060580612222354,3.632942836359143,-6.818148597081502,9.832324758739462,3.2960338013727797,7.88432388828428,3.073613927416852,2.68138509058312,-2.240777073245096,-1.452373199249634,2.248935555651765,2.044749143285141,-0.2644187011878727,-2.2130920962900977,3.409441337383248,3.9676237218620067,3.3434411957228094,3.2801223186302835,3.850723440624803,3.7432060480236697,3.860021299239095,3.8869608189402265
48,48,3.642917549610138,-8.893451722462972,-0.09946910427728048,9.63496822179294,0.24436952543112855,0.04954399047824437,0.18065107311384654,0.008408603378856861,0.09957435277087327,0.11108318442957152,0.04343872017802259,0.0012839264456677786,-0.007974875676133916,-0.0011830241728534338,1.6646744647257898,1.1692017419696816,1.3957418706076108,0.7497787999982318,3.7490662300580544,3.837316395511456,3.4721612315631134,3.803462628874649,48,4.46548558374246,5.808656656742097,-6.399364904562633,10.35165470787415,6.966021604094405,4.404603182737368,3.7684358641054576,2.402961985060176,-3.3097066229532346,-2.0005979389718314,2.8117232858186965,2.0878210849297125,-0.5254614377896296,-1.9828845004933744,4.109834495704061,3.423698896524741,3.455268263516261,3.0903089040848353,3.862957584568575,3.740955839775572,3.822941036559124,3.806915298180343
49,49,3.5303501804669697,-8.934891366958619,-0.03761889469266559,9.627418239048255,0.2544679016752808,0.04775229096319632,0.10349874834608662,0.00899626412398213,0.0990450874172241,0.05495065967556128,0.017485523276784338,0.0014676193214346635,-0.008308770853824327,0.004183375261032045,1.7083827492161683,1.1871209310429929,1.3313129749941923,0.7785845164487067,3.776852055701958,3.8648472256575306,3.713662403630705,3.818228495356983,49,-0.238883513212204,3.6724642520149553,-6.73065113623937,10.128125142336069,30.46034348382617,12.635985892023506,3.445230603204588,2.0671242171756967,7.913003270102241,-0.4068249599017015,4.051183209321203,3.4722496610529046,0.32386722719127925,-1.391396710424735,4.520512198913179,4.24517850792682,3.4080374557908306,3.0277530437118907,3.383787685811796,3.6225884004166535,3.83048004786016,3.8498079291746072
50,50,3.7537790775299067,-8.804387489954632,-0.23191833699044465,9.602385567927472,0.3730496746152703,0.0977529287253564,0.09675602359919408,0.014413497510934443,0.17384325490069527,-0.09734239187586648,-0.05966217054022682,-0.013748349927057887,-0.021080939996560924,0.013348660773749592,1.791183116500258,1.357585135149758,1.4079913215692748,0.8787894765876577,3.6749991063677054,3.8149948972623746,3.876201183793375,3.8349248244389886,50,0.5402195612589519,1.1174083086351554,-7.507560753822327,9.957551264024973,34.329488511363635,7.125917263207554,2.5391500536099536,2.0465013867115966,-1.516148142133373,-2.230090352223849,0.3600981478152491,2.4709848080427226,0.07455474222976959,-1.4708970532181116,4.898397863670351,4.0980114004296535,3.297627422763794,3.06500073810943,3.401476170485316,3.8458001436292446,3.927480426560123,3.882215833098181
51,51,4.126306851704915,-8.661742973327637,-0.2640604936052114,9.610204915826689,0.10860966063784304,0.0428242649824948,0.09896358656400267,0.012318519494077432,0.05421379398925475,-0.055327278068934865,-0.044013319476114025,0.0006154891321249153,-0.013526017780228428,0.01321742113355627,1.392265414346132,1.1239044828054787,1.4340820391933604,0.8447787430035432,3.737279659260681,3.7938826861311976,3.882297346409103,3.8392745148836345,51,5.446542922655741,1.184925729781389,-7.5827352921168,10.000871472647756,3.9304661353903,6.960735306510742,2.5607644348456797,1.8072096984313664,-1.0444370821639533,1.5431171233794765,-0.06969176042406214,1.156055491952767,-0.3100096145506316,-1.0369431814625365,3.6011552173792265,3.9865678242553066,3.1777932241174534,2.920907651055486,3.8767053375710825,3.7710308319806183,3.8433053870005383,3.833773317782379
52,52,4.082971795399984,-8.698444000879924,-0.17347986364426712,9.623383681866107,0.14186856199699166,0.04902513560721385,0.06516735161826538,0.006062906672125406,0.07662772085392737,-0.06108219412734126,-0.0344868272788382,-0.008181685141829723,-0.01084642133928402,0.004207980014580761,1.5561261768572914,1.1976333009639384,1.2390070933053166,0.7334591795373444,3.8455683626327146,3.8684617735223017,3.794795002128996,3.9492228587003164,52,5.426522882779438,2.827957339088122,-7.105207637945812,10.145097391446024,5.664510852764742,8.712265293199678,3.5302402102967267,2.6583395482237613,-1.8903628979423832,-0.10856953454602893,2.5961647844273195,2.5450103015068377,-1.2450735488608535,-1.7309715406598989,3.9313647020919067,4.155222616922931,3.4296849131540132,3.2334254208216717,3.859539151883425,3.7334303815741183,3.828682083483653,3.854347100353112
53,53,3.8814498623212184,-8.761571089426676,0.024640325619839133,9.60770518534545,0.2619294664085243,0.06832513867408571,0.16074327894809884,0.00630894090207289,0.12506904564976698,-0.05018596641723287,-0.02765361180561253,-0.00957784862285412,-0.011488585536727807,0.0045585350512391785,1.722206393066277,1.23946215722013,1.4155878222958167,0.7126945697704313,3.764430147407984,3.764647624726821,3.592440793539734,3.8620390032181087,53,4.878965293367704,4.650331092874208,-6.087938984235128,10.035827282855516,6.878057981728741,8.971110034911106,5.406609707837716,2.7219337567168242,-3.9548428624737175,-2.565837202807121,5.459326702621532,3.4144630287251174,-1.6302665052714165,-2.030342803162446,3.9972183872301352,4.107077696363416,3.4901618815117663,3.203518963851527,3.8007210720303903,3.7141066220043415,3.638879095747438,3.8099198836440373
54,54,3.5694853822390242,-8.924706013997396,0.3955620232736692,9.640427556529934,0.20237959128062985,0.050386877595312136,0.152051402252222,0.008440757759497316,0.09531375480461587,-0.02027076313564789,-0.018633349233224347,-0.021487255609902924,-0.01533849285937639,0.018752549789082862,1.6858600367562695,1.2028326417771509,1.508413133798704,0.7840268913742052,3.829514052866253,3.86849135481268,3.7838395439947297,3.9132033399664055,54,3.3353554099798197,4.9233522127072025,-5.170411155621211,9.657839629150217,15.421490650960365,10.06848433445166,7.762464597276645,1.5472985017107996,-4.985255411686639,-6.252207609308674,6.462795598521336,2.807437138991061,-0.4820892360367088,-1.205924150013197,4.636773142925049,4.1010070538349535,3.967230550432668,2.85130650236656,3.6947168347045336,3.6611379638003347,3.712953100123424,3.8901720886382365
55,55,1.842238439122836,-9.422799905141195,0.1352723982340346,9.626534804189994,0.2890273598202603,0.03168546267101452,0.1696343117406097,0.013526935269132468,0.0709878155607779,0.030991366196173993,0.0008074693930173148,-0.010975603282873187,-0.01594731707437632,0.011369467853457408,1.835355025499965,1.0633080057441058,1.4298992965881514,0.8638269185023241,3.8321804103294848,3.812461620554152,3.655873526440128,3.861113538424877,55,6.126902061700821,2.2827528193593025,-6.535396794478098,9.905436965561332,4.6312677617264875,7.893723781712773,2.98676334688784,2.64085905019055,-1.5231113148644817,-0.22166100812217088,2.1997394906051864,2.9199911770963145,0.010243372101669763,-0.9513248071991992,3.746848945126132,3.8891533054747254,3.2676013083174222,3.2113050205514093,3.8640403445288123,3.66776969515177,3.8242812731901408,3.828900929417427
56,56,1.9002080539862316,-9.435010226567586,0.28102940030706425,9.648837544775477,0.242211368289101,0.03572630529132878,0.13345435919801985,0.013887133358658071,0.07624136305309652,0.02369401100863316,0.01160044998493919,-0.0243335347582612,-0.01890897368104912,-0.0012435467777272735,1.7642695479054007,1.0869216085535918,1.3539805181859017,0.8658396089633874,3.8283514041159497,3.798017013338743,3.6410577432354314,3.8320779951445605,56,5.457549840211868,4.803312280774117,-5.567061362663906,10.030568276502171,5.175103046941887,9.099633389689693,4.4003058319878665,1.6274470731538333,-2.9148534407769646,-1.088718125714014,4.7506126731611635,2.0556831635144754,-0.19557734696961768,-0.32206794544517925,3.740227376458933,4.4299941061088095,3.7275017525479353,2.916333148042102,3.818716826331263,3.869675082051777,3.9105947232303007,3.9000572725245912
57,57,1.9777502675851184,-9.4332244237264,0.31135595423790313,9.663581729308687,0.2659777810705622,0.032948528282369494,0.1129221357859108,0.014577096527253185,0.07086229515393956,-0.020535937978557208,-0.01041594782275592,-0.014825435208753757,-0.01759411591992898,0.008267201495053124,1.8055790224912995,1.0852180300201144,1.3209201678346425,0.8709946407663809,3.8390819321968848,3.876952186662173,3.647701012920372,3.836579325678053,57,3.1890742520491284,4.4505304495493565,-6.088178210457167,10.079190234953849,15.69451394598022,16.409142305827046,6.190652907102401,3.16202508841321,5.046818149378192,2.965264319312781,5.3360021457961535,2.8522042371263017,3.369171274370764,-0.25180094557143645,4.571025591922718,4.933955909335242,3.944242034329856,3.3050427544794614,3.653099332877661,3.7779114962487297,3.815418338146992,3.7995874613784633
58,58,2.347564645608266,-9.327211173375447,0.10468647107481956,9.645578720126874,0.25113720224749553,0.03290297577759825,0.2596475600293032,0.016601415116786613,0.061070119586358475,-0.1496616042653155,-0.04604734306242264,-0.002644861260415,-0.017692225992417418,0.011249638680700662,1.7164996450247418,1.0903981149940962,1.5507305630696862,0.9382241172962182,3.76217403915891,3.8883610919545513,3.563879946329668,3.9428278849061735,58,4.2873798588911685,1.8011174852649368,-6.8431934426228205,10.173455004616194,19.59491029978811,14.404412123181302,4.527678169393543,2.8887904354392564,0.1919198748941157,3.8481480131458414,0.990893767725178,2.377387928936643,3.3656461650455234,-0.5861192796942813,4.753957645937975,4.691143770115469,3.7317572973197115,3.2976366302146567,3.6372688006789136,3.800514667549097,3.873212090592932,3.859621666105421
59,59,2.640994016329448,-9.24051121075948,-0.002274490691100557,9.629622671413498,0.17905253364996318,0.02648953608544814,0.17929618940055508,0.010874743847837934,0.049435591569378746,-0.05380923546582796,-0.009426746598864845,0.0015761793967325386,-0.011289416679024849,-0.0047874374129160385,1.6005659299867099,1.0268509355696605,1.4456526535656204,0.8211606906744912,3.8146939542354006,3.855563917256109,3.5773920593865345,3.865425397081633,59,6.169733647505442,2.13718942925334,-6.403671832879383,9.955175805135061,2.710847179800545,9.518122333615123,4.064159516938685,0.5656845250046493,-1.6824674298537867,1.1062917668886958,2.9968465184133923,0.34888287703005155,-0.1882077607766912,-0.6031851312691043,3.2110512137784784,3.9841030923974494,3.456406934150704,2.0152960377607045,3.826734692660028,3.6038168035681135,3.7892891806955116,3.6627276508224087
60,60,2.9358199993769327,-9.16573233604431,0.09238625965081156,9.642165712743768,0.21595572967881912,0.024955434014802567,0.1082341573694529,0.010362860429843579,0.054707825502027116,-0.055784503199790704,-0.005875297144406001,0.011003687619474857,-0.007500845096357205,-0.009006324408752544,1.689886230439235,1.0053290876972685,1.2435738306124506,0.8163282498283891,3.8059566819286887,3.834169711761557,3.607820383155712,3.8636139895414,60,5.7087164402008055,2.915016293479129,-6.65802892446518,10.098656918901542,2.3106342125740564,10.662380173979562,5.45809750398623,1.5835603439685049,-1.5685526306539117,-0.7551934895764001,6.223896282976298,1.1416100811370942,-0.7803441712539342,-1.4543528342651295,3.091569437327349,4.373886414848768,3.703153463340379,2.8368093266868177,3.830702074339431,3.7709321184415137,3.7570821260560674,3.847872098525288
61,61,2.9457459648450217,-9.170530796051024,0.1685617744301756,9.65055552720619,0.18142103217244326,0.02329504183563909,0.14236166004489778,0.012751082015734428,0.043470022786795286,-0.020609808603791174,-0.001712779562976059,0.015074900787061238,-0.008435353996348262,-0.002203922368798064,1.6334089576623938,0.9994774088117367,1.3742267554546383,0.8621126449152411,3.8449048287118037,3.879431377630254,3.6149934444170113,3.8854238938641603,61,5.151428032914797,3.7271004261604204,-6.581538379192352,10.044680107835262,3.820027534650821,10.73135131078539,5.579889552869352,2.690119923416713,-2.540962087217555,-1.9510525288099998,5.734620144524856,2.17340647057073,-0.9692750122167206,-2.4315506286437385,3.5486205053001227,4.436629737931947,3.941933627929768,3.344540368170632,3.848687844826181,3.7828726528615073,3.898685974929301,3.925606543670973
62,62,2.6754406015078227,-9.230774863560994,0.46741799823939795,9.64133830646948,0.22006871678020204,0.02765770228582388,0.14466316359675382,0.01435118187812694,0.05168236344095435,0.03130523060906268,0.012402151758036014,0.01561068548173142,-0.010078748519875284,0.0071642562383108215,1.765413694167412,1.0046947029795028,1.5415297010254567,0.875213404247894,3.906740654582679,3.8332667035185866,3.8673546359712336,3.836780831036013,62,2.7571696688731517,4.249014960726102,-6.552345987161001,9.995191727617252,22.503093951682967,7.477445460200228,5.891741648799844,4.027019687528664,-2.3397489077257894,-2.7035930225464764,2.4021948039683187,4.4782225748990925,-0.9536521893626376,-3.9527641431607092,4.741014377085182,4.018008960295567,3.930502745668698,3.6009583055494434,3.5134645057109037,3.7618380638844537,3.861944478916944,3.874425007201665
63,63,2.5999434431393937,-9.24133914311727,0.5163395223518212,9.634854527435435,0.24262169125284536,0.031146507792669982,0.1476736093317406,0.012872116649395894,0.06320550529653997,0.009653601925713013,-0.001393739860335343,0.0073012563837878625,-0.011178007526032171,0.012403306195128926,1.803095383677628,1.0647970585155444,1.5744021864753033,0.860116192554457,3.890683334197377,3.8600851410844763,3.8640974589519206,3.870670618709009,63,3.8286756197611487,4.258227343360583,-5.757968732466299,10.191117789029539,28.036495258471128,7.162391384019397,7.195769474088565,3.8386350080525182,-1.277763423685482,1.0486445916021985,2.739627595908073,5.068074336849832,-0.32952840173208264,-2.875703537783596,4.777537250524241,3.9700332929604616,4.075154892970578,3.5782390286462236,3.449057026316403,3.780452356978112,3.80913581746521,3.880728991062192
64,64,2.8875070015589395,-9.158978605270386,0.2469718802720308,9.630965051370607,0.2540500036164257,0.051717152478387735,0.19316549599549426,0.02106119254014797,0.0826778480639625,-0.1125547639526408,-0.04342794036975239,-0.006965320836969989,-0.024871394822512657,0.009253950911604171,1.7302091520451337,1.1816737173675844,1.5631324007896803,0.9458269266654608,3.8009691333228974,3.7900179894767163,3.7493367146837056,3.8031674548217778,64,6.125306876500448,3.210450177577634,-6.097550094872713,10.034625570776733,3.424860365796913,8.489143390673986,5.5075518692882515,1.4684520540382893,0.8252325848885942,0.9790339875811008,5.477989895292024,1.7986637543353368,0.4767104941748175,-0.11305817997978634,3.2371175354698485,4.024298672421414,3.5279332162033485,2.7468919569997157,3.7268756703823938,3.737850829980746,3.6943589714823775,3.8267058214630514
65,65,3.1858843763669333,-9.046321519215901,0.25606984564025576,9.614746324375707,0.0993735068153996,0.04408948860783836,0.2767585974291754,0.021594988470477642,0.043904077987298035,-0.049684138026185036,-0.01014763963267676,-0.009198649909384154,-0.02649366111041629,0.0006219145707363153,1.4567856581458336,1.1525000985638445,1.485752960340626,0.9618892735364624,3.9184798648121686,3.835850503065693,3.505813507820632,3.8318273334793633,65,5.523352440198263,1.8460228087380528,-7.645507041613262,9.976812326425508,3.0094999659473944,4.134598061758838,1.7103133786978506,1.5651396596249822,-0.22689702595327704,-0.4979869472725113,2.0819775788474577,1.7789850523549267,-0.8403199011936149,-1.0716391574887671,3.327302988855376,3.5709879235735738,2.80895471051946,2.8249169547816764,3.853999523983236,3.8378374252171867,3.807367672966544,3.8638644299367737
66,66,3.1358555475870764,-9.01832931836446,0.4266567131465611,9.596044836176047,0.2819241686538537,0.04683862675053289,0.4371867695977213,0.015251086469931091,0.0923910919100467,0.2128697656064883,0.07218422917653285,0.004124486132616335,-0.013696536380409472,0.00199622371218306,1.7988854897598967,1.1606029478676259,1.6293004337186516,0.8688097898467081,3.788654037945916,3.8092893004440755,3.3349210369727564,3.7999119189933728,66,5.440161979198456,3.535196009278297,-6.747121739387512,9.893363947714857,3.164566922960136,6.708859560052267,2.768307338710161,2.2057759384395705,-1.3033300983316805,-1.1525826663223424,3.0971947149504286,1.6876357250989305,-0.13564641717351122,-1.447353096543253,3.3983407786979134,3.8350622661382383,3.1841288341435408,3.091935088881541,3.869189274340456,3.742082546567405,3.7982072302966863,3.8477086237866183
67,67,2.925524946053822,-9.124242782592773,0.4674578999479612,9.634497405488467,0.33753002111912617,0.06361915702454705,0.4288141703028944,0.02197609170690114,0.11248866870087733,0.2540133366144891,0.09551213059604148,0.00439715209759165,-0.021734239956628282,-0.008274846826970876,1.8085844135670697,1.1488606640055323,1.6584238146291026,0.9814261293749634,3.738374602586031,3.6838398962142587,3.3914213988234643,3.885544384073544,67,4.823930476109187,4.972604419787725,-6.0220166842142735,9.639903554693928,2.4962313272831715,6.200722816452911,2.085251791210005,1.9693696859785508,-0.6821409419642234,-0.4368654431372107,1.7895757579269416,1.0674433397091079,1.8998473648163725,-0.5043371065637575,2.8551699863054645,3.8302493456185447,2.9816252994170287,2.918281432105375,3.620614092955516,3.781500148395636,3.814802156950933,3.8111165764106727
68,68,2.870079219341278,-9.183529297510784,0.464824282603028,9.656698612355207,0.20212403023480305,0.038891855712214096,0.2445080372281925,0.016505557786580152,0.06307043396436922,0.011027777539260316,0.019451274551737188,0.0045620140993758215,-0.015968033138297415,-0.006650791866978382,1.5848137825362083,1.086692767055319,1.6817014339240768,0.927701136982518,3.7247715790602665,3.826938467263089,3.741730001860192,3.9136997164485186,68,4.140859260161718,3.751626871029536,-6.3838115175565076,9.934604742991525,9.27708005400916,16.77257633906543,3.4133056188501265,2.288146097465797,-3.442783872084072,-0.014935977829341944,5.0197275132950825,2.720900153589477,-1.3663546018676374,-0.6314602207422557,4.26669120166734,5.002136972507142,3.50569897998421,3.0402197843822627,3.7919711917958265,3.8072641516442287,3.9019355068284147,3.8319823980118723
69,69,3.1015586058298745,-9.081815640131634,0.3082434924086556,9.625483577964687,0.24485491825169697,0.043462059064172984,0.18415167489916048,0.008862937992537458,0.08898196984146149,-0.0886605386229482,-0.027419669813619072,-3.7563268891824875e-05,-0.00954336633796416,0.00010379310314482024,1.754138985980077,1.1756984691787202,1.5721833195056418,0.79052621129153,3.815869098984903,3.902015836830469,3.7583791680360834,3.899281292931637,69,4.6441496034463245,4.005824414889018,-6.043113412459692,10.25337235633209,9.673858960775368,16.867169233912552,6.360132591712348,1.3781063664341624,-2.7047926713821346,1.2244477103074543,6.855724020201492,1.7626823993533751,-1.7613104309369527,-0.7413227333268476,4.3705394731678995,4.954895738360622,3.9249497239967126,2.7141864015814443,3.8162943946415013,3.7677018217668987,3.7995536539982697,3.8522195988844548
70,70,3.4426625212033586,-8.968709484736127,0.2096123577406009,9.625590930018367,0.2153718433128031,0.039821455821734915,0.07697907037258163,0.008387601669500248,0.07865448492715836,-0.06031538680567902,-0.020320178881277216,0.005874796729082323,-0.007289905506545066,-0.0022252227600568428,1.6979592454360557,1.153949356836925,1.298014986130936,0.7492279881164301,3.8430653872963503,3.908451184629072,3.8321164424278624,3.8476304086600743,70,5.530929710467657,3.819702670971553,-6.25188716451327,9.913014697358127,1.993094193531048,7.865629859871934,4.941542426976456,0.5625153121034486,-0.6890522731361092,0.8575615906542278,4.1784945569395004,-0.11767775556131725,0.7085111850938052,-0.1985476166269224,3.015127262546792,3.857624374515652,3.6417493377763637,2.1858092311719037,3.854024467214345,3.7013391501607416,3.7892319510810175,3.8467073652616603
71,71,3.606366070111593,-8.904026095072428,0.2691382002706329,9.623983322626016,0.12403757165635255,0.03031510945219947,0.12592526360827666,0.01479046340565092,0.041322065940250466,-0.02428139859089581,0.0009394011461644992,0.007872525243416698,-0.01266801569946032,-0.007347554124991999,1.4869041750107956,1.0646046641485951,1.3785525343927516,0.9080305709791864,3.8273608817716034,3.875111891574344,3.6721127350328753,3.923265848267551,71,5.577350521087647,1.9784655382235845,-7.085785929361979,9.60943458658459,2.486675421946648,5.111668568293887,1.141489559227485,1.5075900415810413,-1.6473369860872984,-0.9299955906814266,1.271001273070834,1.6293637401060037,-0.8225549469767297,-0.9976153703230478,3.227555048723672,3.431910403657461,2.586689173461079,2.858075537387973,3.879161013548,3.623509661077938,3.815649925102624,3.8751389406728385
72,72,3.554082691669464,-8.889770650863648,0.4321833382050197,9.59964689801595,0.13931075294523554,0.03129350792263856,0.1547189337333012,0.013209169600407064,0.049139305133672866,0.01910765151377386,0.01284145862574526,0.005606543256976239,-0.01136489941315812,-0.001620876734280276,1.6048822581318942,1.1066508963376345,1.3458088752704307,0.8612162608936337,3.952380587291056,3.946487348475357,3.5591327234912304,3.8569135864690938,72,5.422056365013122,3.3117064128319424,-6.545606255531311,9.565741402068932,2.5985813245056746,5.8212356808035075,1.5652692545481042,1.5521851798910131,-1.6040209625767108,-0.9697068891456344,1.99333668220832,1.7466217556057422,-0.8042764200472309,-0.98272116945498,3.2235109708563248,3.864825070429899,2.8305779589421864,2.857633381714445,3.849931061444997,3.8339004047175527,3.822399553182997,3.860753440267629
73,73,3.2374295512835185,-9.03276440302531,0.2755726163974032,9.627373187166024,0.23887294135802176,0.05682341985411049,0.2711084557985459,0.019084791956287137,0.09368274462931822,0.13484980378667286,0.0509759407899687,-0.0047455061124157755,-0.021205031442579302,0.0014578027733377359,1.7121521774015211,1.2147264766826962,1.4092044795715712,0.9708421373267608,3.821441857157559,3.8581278536434467,3.3128302192439545,3.9330340553356056,73,4.672145664691925,5.017110941807428,-6.255316877365113,9.609739684650412,2.5320676522710963,3.035103572950243,1.4002963151171448,0.6443215172949253,-0.4703108656553347,0.3527540193486202,1.1920352823517522,0.7378263478505355,0.4602050722490991,-0.06240043326746553,3.008706396460625,3.3361327134991177,2.7041156748735067,2.3041101914449187,3.7470328641976423,3.8497566291476693,3.8214205879981136,3.896420878496889
74,74,3.0467712958653768,-9.108630673090618,0.4867112778515245,9.647151886389024,0.1735513605219308,0.04679455039773909,0.3992282974624557,0.029048530760028626,0.05172986263720727,0.11080721289643154,0.0494317877754175,0.011282975575013805,-0.02615021239038246,0.00033432394135443486,1.6130285699944589,1.1501892328401335,1.5874290409193066,1.0592952571695895,3.842598878340562,3.809563285695017,3.400919577941707,3.907154741552326,74,4.7926641742388405,4.576392903923988,-6.816473627090455,10.154306551614507,11.9882953034017,5.743787968513425,4.8412823859288405,9.624931484396537,-0.2890605488261537,-5.258902319469684,1.0081781489720976,9.709120823129751,1.518113421223546,-5.528403777779895,4.757927716223911,3.9179922924925545,3.6998459440977016,4.559744966097446,3.878111169338287,3.8548594925626745,3.8344130041795017,3.9067088214889916
75,75,3.106157457828522,-9.09462456703186,0.5330091513072451,9.657441590478827,0.3223463265163325,0.07288145337969029,0.2623617181038966,0.025383582695042168,0.1197633553081809,-0.0016796250887931804,0.012587563540370423,0.0013791516362057726,-0.026001870551936816,-0.008371413163567553,1.870026232020499,1.2981412486166264,1.627654620030182,1.067591991236998,3.8026030583372106,3.8211409460933083,3.6707227604422688,3.985897793357492,75,5.549194979667663,2.396371971567472,-6.722754787405332,10.482921954497881,22.866107824113804,9.837641498035449,6.543153398470008,10.609556391097847,-6.4962497736567215,-6.761600007129469,-0.3112625039643652,10.939617847490034,0.6695412818830324,-6.467182813681228,5.361521794879827,4.344949450711723,3.9913092336629035,4.63636704750706,3.7813752249833037,3.804107480724648,3.836251734585436,3.8866840271156966
76,76,3.2925061623255414,-9.047788016001384,0.11464235602567592,9.654469945658516,0.34803189224197856,0.07321592988379047,0.09274325447565453,0.013059974521634926,0.14430952685559548,-0.054165876902054884,-0.017330768902130776,-0.01310486715607149,-0.01804964908884297,-0.003805054309388076,1.8529366128018223,1.280901411775819,1.3719361304867501,0.8449391023528215,3.76890115868988,3.786641496408637,3.8062318175322525,3.8135228479027052,76,5.509793182214102,2.318405826886495,-6.714699028929075,10.289856349040882,14.596512812159009,9.816662785279824,3.656795318373428,2.5840717844071666,-7.859284349537684,-2.1961794035505458,1.3070827160246001,3.3195997595975286,-1.6481240855889416,-1.5105009540043512,4.795182136037902,4.3915091347688495,3.514691958313385,3.128413234687475,3.7744556787482684,3.806911938624036,3.841584255841236,3.776491797069318
77,77,3.631704703966777,-8.90221061706543,-0.09443130480746427,9.63337196238673,0.20575484987922332,0.039882822889188055,0.12812465935616466,0.013451992838913691,0.07232020512310394,-0.04874435848147915,-0.02214407615374436,0.01460675192113909,-0.008094953049291823,-0.0005660019556201405,1.6510815274267414,1.1103541867362563,1.37031682981863,0.8535971748885353,3.807735606868517,3.8176501226337116,3.649092965851023,3.852317836165295,77,5.514259747664133,2.5729224209984145,-7.526743229230245,10.101686990639076,3.2034958682228365,5.541964101365695,1.6470741859935998,1.8855245939907652,-1.6056460824783516,-0.986595589763816,2.4681910252944634,2.2835434201550004,-1.0411091836187487,-0.9589534790252716,3.370458465814949,3.5862571444778943,2.8153070240168687,2.970203730496101,3.838240414479326,3.6933933162838035,3.8235636954999577,3.844525425025832
78,78,3.8053541580835977,-8.81106128692627,0.2274790869404872,9.62678851864758,0.14600371041860438,0.02813890808762233,0.35566459978428355,0.013411444709462796,0.04639542647313543,-0.0018989156370634113,0.0020422253294493167,0.01636415240411259,-0.007069867580264309,0.0005628907448014817,1.5809869828940868,1.0576354435623974,1.5043652554089268,0.8714847684767181,3.870539458378129,3.9013799897320784,3.4036600546513007,3.8810268655068327,78,5.41479807694753,2.4217359210054084,-7.554699325561524,9.8476387672241,2.1374504513395967,2.9390039415143216,0.9427246742972568,1.221554350311147,-1.1939028691365865,-0.6772822986176881,1.2892127751385858,1.4631354925340796,-0.8303073668878127,-0.7123730928301817,3.09320060829767,3.1279779565229804,2.5134285545789488,2.6905310575858388,3.8706659940588737,3.75717732054726,3.8922662490998174,3.882238560047593
79,79,3.427738682428996,-8.937674633661906,0.3384902372956276,9.627402825095064,0.5229073647550374,0.08890444168842727,0.3551058005882097,0.010081149051693442,0.20655194480468506,0.3805248700926401,0.1569947274850585,-0.018951411660257243,-0.01543254597792306,-0.02114686674612392,1.9172238511454969,1.188384282304043,1.568126035989263,0.8024313959068823,3.6565176064490528,3.558041144852224,3.3942752033804817,3.850075722576407,79,5.390710437297821,2.2336600687354804,-7.415038355191549,9.746201051061352,1.6993242391900674,4.3533626948122475,0.9525783677231048,0.9476604231227632,-0.8792682243303078,0.08647717119059936,0.28430668267788145,0.6939832831713558,0.19428233543796453,-0.5700008774630875,2.8686973650429346,3.4407554753331677,2.4942522009219963,2.4769339452353005,3.836959589033312,3.7336715555550133,3.846080756273612,3.8332747183786213
80,80,3.101628470420837,-9.056097888946534,0.004439249138037362,9.621422340751264,0.6160793709475516,0.09240510023188976,0.2584294626675649,0.012263076761313907,0.22404513668455334,0.23196443835800706,0.09576049606553844,-0.0023296156374441467,-0.011878289813200537,-0.015604391850297763,1.9806949678450565,1.226299522312532,1.5664739195787365,0.8266698097725328,3.617569444545576,3.621861816794012,3.5606971188240046,3.805129417508277,80,4.737310300270717,2.5886352535337207,-6.6666830847660705,9.654920835329602,5.488132252106534,9.994829105023477,7.816197568589415,3.3367606610885345,-1.6702368792777624,-2.6265099339005813,5.049490493017644,3.0224344743457032,0.7852732547474385,-1.8082970506121832,3.715289486040504,4.3039647672999015,4.023080839567632,3.433851232539612,3.7666611321557215,3.767014447340777,3.7185753516188966,3.856110604871009
81,81,3.0622438549995423,-9.091123088200886,0.11794436251123748,9.623069410595981,0.3878572619315948,0.052357064856381134,0.1407392099313903,0.007701764314277614,0.12972170025763954,0.04124951873311285,0.006456430104107728,0.012601002617568077,-0.0035301445250993328,0.006182400549702381,1.8167084276737424,1.0928979754622556,1.3474052027763033,0.7502836879520914,3.657652666015262,3.62330823171409,3.5929604218783013,3.8505181533280783,81,3.0167909721533457,3.9282570103804266,-6.060262032846611,9.712200875949033,19.38180738280835,9.317376036916334,9.88872508214269,4.959597614998759,-1.3573434196818182,-5.61788351255035,5.74757227643324,7.016162111569395,0.16293378742562395,-3.1187437221530137,4.8786646018450766,4.152126267634496,4.173520122698565,3.706790404525925,3.6511041585454063,3.7372351932403913,3.7044009268614864,3.817398616438132
82,82,3.0951441685358683,-9.098584985733034,-0.09859123136848212,9.632620376581603,0.20396219719186195,0.0479747826288084,0.17736277609358006,0.008802547299681197,0.08719636600551607,-0.028184476525176774,-0.02268977918255322,-0.01302531486224462,-0.0146442979960042,0.008082792254921785,1.6419844199641915,1.171917962136094,1.492116249842302,0.7828894946589088,3.8289292945179767,3.832559918854056,3.675757073241032,3.8631683112984216,82,4.610251295566559,2.5805794929464656,-5.989753545820713,9.818292013143935,22.65107815246725,8.762238814965714,4.976617920854176,3.229355578451322,-5.671762108365747,-2.4110436919132168,1.514317072417416,5.036514193907494,-0.7517709868043851,-2.4863011586107104,4.911559626585719,3.802315444424457,3.5003476753255023,3.4544410277212108,3.5770110988636614,3.61407624825004,3.690935079796793,3.905834857992532
83,83,3.5208431959152215,-8.935120836893717,-0.3596290486709525,9.628931053329943,0.22923070633565146,0.051842590846313034,0.08711316223299657,0.007923072616060864,0.09714730077802247,-0.002943818283842509,-0.015028636965456022,-0.00821715075821868,-0.012326989586508278,0.009147366622463965,1.722688524237694,1.2170912106757945,1.3400465989869434,0.7722778756692648,3.8655024817597,3.8707593772207294,3.8204186048479416,3.9024908288899054,83,6.14548628727595,2.8256044770280515,-5.6890555302302035,9.55453720212426,3.3318508609903628,9.003408427206885,2.3024656164904127,1.2416713931256942,-3.3802658814559803,0.5352462531841115,1.3076845727164943,1.0456046818373868,-0.5237072766468379,-0.6302488042513755,3.1896240009427435,3.855931298478271,3.087136830071279,2.6550204486703923,3.704663917197068,3.619994719600488,3.81036077582314,3.829421628511484
84,84,3.7183348933855687,-8.875146118799845,-0.23277626206787924,9.639399471142218,0.14600165660943254,0.04089455486801378,0.09274331959181226,0.005465598874787014,0.07134966738933986,-0.014242299333672338,-0.018669231041435242,-0.01004396239819921,-0.010107951388157371,0.010623532743891629,1.5749974714382569,1.1043269379048892,1.3425626311825825,0.6714851144077044,3.881005057496618,3.76953256463991,3.806188651983475,3.793258293786572,84,5.386562804381052,3.3157741598784924,-6.465446623166403,9.625766351920612,1.6163694083824127,7.23642881888967,2.809169411728171,0.6342109950403764,-0.7446232850260052,0.33874740816531146,3.1777754339707722,0.3979627926946488,0.0290039128968802,-0.4667961427161444,2.843752781438872,3.8759233246557816,3.1584562919046713,2.2598365047013043,3.8184382732656914,3.710802197047217,3.756278824496824,3.8544126157836467
85,85,3.681134994824727,-8.902599700291951,-0.19956668776770434,9.647380815114872,0.11619259268704255,0.03839122006471743,0.08527050011165384,0.01094571433628335,0.05521245838357229,-0.026451481596274667,-0.02266296350890878,-0.00729853242441625,-0.014649159038240826,0.012599397574016362,1.515928767002761,1.1049754983388735,1.3340437816268482,0.8386936278498843,3.9085368027159033,3.814638114620597,3.876602592319916,3.917708927531536,85,5.483232907454172,1.9390637002885345,-7.294559669494629,9.773956130056586,2.1911492024845205,5.316263941550257,1.9825820050343719,0.8522258175896164,-0.8082292643608591,0.022364775095096098,2.3454115614896507,0.9081494878558388,-0.43304389933369053,-0.6238725189402087,3.111495694316767,3.5816518758179656,2.994769225080719,2.3906598631324965,3.882354102972843,3.6926502805492025,3.844892616666653,3.8239620180629283
86,86,3.353997262318929,-9.002467823028564,0.08850565701723097,9.637611015126671,0.32821240820203745,0.04965105262260708,0.22704605813948905,0.013057023446100128,0.10653909952105528,-0.08041032982298732,-0.02392269454703329,0.0056383108322571075,-0.011957393706464328,-0.001067181487650837,1.7508403986877743,1.0880975553416674,1.4594948237151244,0.8486766214241663,3.715860746644442,3.6899446494484023,3.551039563502397,3.819179857418346,86,4.960241625706356,4.074338860313096,-6.337470531463622,9.746136410990383,3.9173451791740135,8.893208739944678,2.2315745346753024,1.1918829584564774,-2.604364208597175,-1.4479822587275568,4.162439136650339,1.8163364721884172,-0.4570634912455558,-0.4942155498673457,3.657695537566015,3.7788991633516855,2.7349977818292377,2.6257257912642515,3.926670727100744,3.6199661283576656,3.6567322986164688,3.84397718606902
87,87,3.020165741443634,-9.125280316670736,0.6540061231702566,9.657596331609533,0.29882440601157995,0.052511538608360386,0.11840894900786507,0.012828692035671095,0.10926668041000824,0.08232206055257797,0.023711489460947716,-0.005596869738979945,-0.014361121272603132,0.010380358195504593,1.7896188484295596,1.1736278824992286,1.3543293002556611,0.8812450090899313,3.7704113333417446,3.8180091755944194,3.7100556762033703,3.9379967423183184,87,4.3206400255362185,5.102295458316803,-6.027440464496612,9.937121355786124,10.276347531477061,5.714870402005642,4.338499398969826,2.314470099560741,-1.9595291992270625,-0.6933952682555637,3.5354726971617603,3.033721687114042,-0.8867706317975491,-1.9371242191468017,4.426260901313173,3.6694845212422447,3.596920544258858,3.1381824693519773,3.79796834701911,3.7182772890341735,3.7894547765285407,3.850487355168022
88,88,3.0962614576021834,-9.113429021835326,0.3080339989314477,9.662131695027863,0.22289538873495632,0.04169764473742859,0.3808053990123944,0.014401417873565959,0.07831465321181318,-0.05017573739450682,-0.03841218958756535,0.001996161323500137,-0.013061183917030957,0.028453817456607668,1.77440914179811,1.1720477698456515,1.7263473698470726,0.8798506238445118,3.8994045622225664,3.8967279936380392,3.6480654862516753,3.869884569687035,88,1.8494923402865728,3.127259675661723,-6.718806723753612,10.041631255262567,35.73227212995373,7.634797025697916,6.640353941536832,6.795606677143573,-4.659427301111943,-5.9670742755629576,3.1202369865819604,8.481947502035021,-1.909836899540484,-4.707705977295509,5.466447257175485,4.195355161835064,3.8476548871965135,4.114056775842368,3.625023080670216,3.8612360510081483,3.7580543315683914,3.874375566708801
89,89,3.2664193511009216,-9.01907747586568,-0.1744175932214906,9.610105313623487,0.177777269283296,0.04957936404998205,0.10472249721966613,0.016368538151245487,0.07320694515616771,-0.06336437220787547,-0.0447249300813869,-0.003039563145459649,-0.018866164679326808,0.014867796338688672,1.6191662254112424,1.1246912616481095,1.3522843676293204,0.9039817008193556,3.858985066682764,3.732851762646733,3.7188482197923767,3.8331715437816785,89,3.2135608166456224,0.9634301661203304,-6.688178571065268,9.995164216433503,37.59687961771604,7.1942286830171405,5.347310415306082,5.477668572569394,-10.106724018943973,-3.944465836009445,0.9279659654614536,6.383030294425912,-1.0153110315218632,-3.3155218510352644,5.472815584293902,4.075188181252616,3.7433814450597387,4.0166450173164066,3.5912520569135467,3.850073743682216,3.820871604731448,3.9470843463849774
90,90,3.419249228636424,-8.974794737497966,-0.13038423131220042,9.61696802271583,0.11899117093031387,0.03895466959609949,0.0926074477714702,0.015772236353510244,0.04907329472416207,-0.046776197575079184,-0.03076424301783093,-0.002393030225889071,-0.01806119295380374,0.010274713283518729,1.530156961563445,1.1254037392172338,1.2980903321562438,0.9053580552126554,3.9223670201059786,3.870501161114544,3.7878472095750793,3.877585421702575,90,5.627041482552888,1.3438888922333718,-6.851089851061503,9.926716335093642,5.293130285475228,11.489496164027186,4.117829906699838,2.4604917639400536,-2.141493619441626,0.7129479120451486,1.7778337165228233,1.9835318922929488,1.1904895254303771,-1.2327907254168828,3.7596597634435214,4.267567780093078,3.5493302351241507,3.2366803529762835,3.807939463975365,3.6911585067084554,3.805987129914552,3.917166516544075
91,91,3.5121841669082636,-8.94636362393697,0.2122659308835864,9.630808792379213,0.12703627073055768,0.02804642237275006,0.19485326265349304,0.009703966633589186,0.047553127738233794,-0.010355058312624892,0.003719868758770724,-0.0008154254317352897,-0.010020932212387606,-0.00192660436216742,1.5527690971309884,1.0587695952542056,1.3089046623740384,0.8214152633198322,3.916850648151861,3.9063654862198938,3.3598686793897783,3.939089371479184,91,3.673620792850852,4.472105625892678,-6.415596157064041,10.310244115243233,18.669314274573146,13.464865976271813,8.064121613919715,8.015887078426742,2.4415579629735427,-6.9651853362794744,4.15776835973904,8.27800177781359,2.2810908838671025,-5.43684193003737,5.069723412331936,4.3099512638115565,4.163709221720995,4.1194124932714455,3.765097826027034,3.647120281538533,3.816453111245498,3.787618430164284
92,92,3.4296141505241398,-8.995494620005289,0.2763507282671829,9.655087736527287,0.2600191155041897,0.05569656258873698,0.16527854556128393,0.00997104229185438,0.10935300629085358,0.007912848355191996,0.007105570042645368,-0.012091854980752036,-0.014378117135271306,-0.0003976375854519303,1.7803620064700068,1.197966917568175,1.4582489573606066,0.8020547751199993,3.8110418622535627,3.7866783804359954,3.6718508775039047,3.87142619279204,92,3.747080414493879,5.276452952623368,-5.863372605790695,10.298098921520983,21.16606027616727,9.400979711168464,7.50621592724015,7.778202671358986,2.0891975960607923,-6.573932854631952,3.4804194216037434,9.019799210828358,0.23535894819601896,-5.255821865527292,5.209248029675764,4.212489376766683,4.109893499343727,4.168951451007223,3.777617424465056,3.748861958618853,3.8133454709612913,3.8212371758022745
93,93,3.336140541235607,-9.047349103291829,0.22328923602278036,9.662796767252848,0.19038813835113752,0.039025140684546496,0.12088423672645005,0.009188592443008441,0.07461645755940957,-0.011221352043964052,-0.007768427912440139,-0.003738470189827061,-0.010791745443797577,0.0030352049774330678,1.6482701742355892,1.1178803134363815,1.3662164522650309,0.8068669648106931,3.808973520838235,3.842973134321469,3.6694639740504895,3.9266264921769465,93,4.950829760233561,5.166981383164724,-5.828915905952454,9.980012755617734,6.505000015587793,6.448566535996197,4.887225455996448,3.1804712941818662,-1.033920487963624,-1.8734415605721584,4.4043447643453,3.7729613595343143,-0.997746464170692,-1.7775129897397088,4.190807677048136,3.978767836596756,3.809098684971944,3.3824683827714384,3.9433824054269375,3.8291869086982713,3.878865283929559,3.8357572721029056
94,94,3.105060164133708,-9.113758293787637,0.3120442891182999,9.649214793228683,0.1919583548076772,0.03167318088572897,0.10011769682963947,0.010543510130966651,0.06436337370532798,0.08565314639450218,0.021401068171010455,-0.0016911633301091935,-0.01078903664200442,0.007398725959225195,1.6004899373152324,1.0053716227923344,1.339424142883064,0.8083266277331049,3.778849404483904,3.751742762231168,3.7306668516592,3.8554034726580806,94,1.2791231453418732,5.227838901678722,-4.81396031267941,9.919785384495006,32.00380170876932,7.138732471069116,10.681581558220778,2.7785504029402555,-4.122276809084747,-11.20907373529025,5.5694969469611495,5.385997536616227,-2.2808801058214603,-3.322199757027339,4.915264555671222,4.032540596002838,4.3705138449595555,3.3133522182836272,3.448861226169309,3.8111208134013097,3.7555414713403965,3.8799520430060785
95,95,3.172027949492137,-9.105777597427368,-0.09756371965631842,9.676041470538477,0.36862549445469184,0.07820658391268646,0.22098030244186287,0.017663675028416884,0.14384299041334042,-0.096374948473537,-0.05208834284043025,-0.0048254730021193605,-0.02097877783764265,0.008460716514910021,1.9209230450711048,1.3259755519627536,1.584787859996826,0.8918319414808679,3.8066599391183864,3.8455985093076235,3.6916071893908886,3.7746682470247968,95,1.8273986001809441,4.200041782855988,-5.077569630617896,9.924113910286492,36.57924973822122,8.292765870749323,10.683794929225453,2.952501796952645,-8.677774343612722,-12.42852273908736,6.035072567778509,5.4892285953094255,-2.4015153142026757,-3.5024075874109197,4.982633126244855,3.873734101525592,4.182406698811203,3.353430121246862,3.412347141080585,3.6987645937553855,3.6664521709491416,3.871440847970786
96,96,3.334873565038045,-9.049803082148236,-0.2528676038607955,9.668048092100763,0.2262769204354401,0.06328566959898835,0.11616947645722896,0.012280169229026002,0.10444292820021928,-0.0906663925363948,-0.04369621511479326,-0.010739362912867858,-0.017961835493737092,0.002857496178396158,1.7531086331714474,1.2762601567931628,1.4498315497847811,0.8495546417719185,3.873882730492423,3.8715026407404665,3.79791329445506,3.8789715078468014,96,6.045147303740183,4.364907236893972,-5.643033500512441,9.831963202682106,2.940030414230796,4.4061200457284695,3.82416007747092,1.7864608217867932,-1.2382952477469296,-0.6120561898552254,2.7322338728748776,1.5351188099609774,-0.7595257871733241,-1.713731901600008,3.311468046082017,3.2301765512209837,3.3443693895208684,2.9736449624581844,3.8398406638242206,3.5895408093828483,3.755298485922872,3.9150760463834464
97,97,3.432487177848816,-8.999953826268516,-0.21445064305638276,9.646197939363313,0.14597478158867871,0.02562860289942289,0.05676197627326919,0.0025939987194513077,0.057549852019536996,-0.018147765754848163,-0.009293552494511055,-0.0012814546767441753,-0.0032133991995975837,0.0016410352549723526,1.4407549469219725,0.9472081132683094,1.0813652953145636,0.5958390749972485,3.7201228818848207,3.7476871676318186,3.6073368583114616,3.9631699600447488,97,6.067719507217407,4.787479723400126,-5.754658607641857,10.115055378802337,2.917845992782356,5.601803713757002,2.580631400573948,1.478856525251342,-2.8113694367897617,-1.2697375643294213,2.576806645271108,1.5150263645697335,-1.1565238548605796,-1.2708587121029815,3.2365693895331336,3.8521627272060415,3.0842839418232453,2.721508726661596,3.7949262446206933,3.8414384734667033,3.763386103868231,3.7735401472077417
98,98,3.6774539152781167,-8.913712692260741,-0.2758220126541952,9.662280099982368,0.13447744936660344,0.0276433875536895,0.15858372437373386,0.009886572799756214,0.0478530927776866,-0.022670461541298204,6.787941092332712e-05,0.006610427413774191,-0.007623564303684405,-0.010332850276782721,1.4860524180774393,1.0152120485987035,1.3552371345967218,0.8143177005757221,3.794222831467851,3.821728022629513,3.494808786739857,3.8926711724009833,98,5.7588061730066915,3.0981070842904352,-7.064649208386738,10.173387834766626,3.0594769967002016,7.727993769232851,1.6381175128201657,1.4156538160133434,-2.383953576844914,-0.5549712174051072,2.536094709963377,1.5581304398913236,-0.6350200926410355,-0.6060207341318825,3.312054615577688,3.961047625174321,2.8223405602060976,2.7139629841246973,3.817858817500488,3.722503534426649,3.844479185228488,3.79917858752848
99,99,3.387486167748768,-8.958613920211793,0.05379970700790485,9.616053972068114,0.3292385391609429,0.06719872714540187,0.3752031607330132,0.02542990790265863,0.1125514475270579,-0.018078269484615446,0.03325929115608213,0.010306811038357216,-0.02306275851165904,-0.03810009882714063,1.7783720857952592,1.2736354477052128,1.5979514783424094,1.0356901357260382,3.7154582144419,3.864126508997959,3.3449049637514197,3.907710680217913,99,5.036652362346649,3.831387646744649,-6.739305130640665,9.824642797499461,2.7568065802586843,7.0139610249526525,2.403196961700115,0.9285671406550148,-1.6516825039626422,-0.2770678245032385,2.9026008497949625,0.9463743423658428,-0.11454063319123525,-0.5282416781965682,3.252276230991752,3.759407693921085,2.8471321493985537,2.5152883212226933,3.826189655137728,3.677702005969875,3.648067485418747,3.877727874512851
100,100,3.1035039027531943,-9.013022232055665,0.7548319449027379,9.602241201054882,0.4018274252195638,0.06783811377338718,0.3794013074923169,0.06910896012288449,0.08075428440989241,0.16639628006930338,0.035818255485314934,0.07389294669416599,-0.03775440208142875,0.04509766644988725,1.9648500176469919,1.2764996690245165,1.6737786417183729,1.3194749931511758,3.830227334063291,3.827963389645813,3.5138939710921595,3.8651420093965463,100,3.525983648002148,6.667081799109777,-4.413920243581137,10.206662482966744,6.812877271239456,6.713531984484664,16.611233646088838,1.8555479297728643,-0.5482107784240159,-2.597758021045672,8.013470410711122,0.960813392228696,1.9441365796766208,2.297407675864105,3.788295295760369,3.837010594046864,4.747758718830546,3.004258046504254,3.6795274781706473,3.726973874062792,3.6889191097605467,3.904750803935573
101,101,3.061705144246419,-9.089427185058591,0.4364230690989643,9.652625497846769,0.3952368519444895,0.05818342869857506,0.6161294290329403,0.061764322910673124,0.07055057532591079,0.06531216735434546,0.017060873544273658,0.085545676935527,-0.027841365765884384,0.04015867113353698,1.9372559949002477,1.2137239268338071,1.7217398391909338,1.296840419652337,3.7814043974693377,3.7801870348763598,3.348163156563646,3.911894108157814,101,1.5821342701713244,5.107479802767434,-5.724588847160339,10.66496933832627,18.98838393146203,14.944513492814279,22.63864265678891,3.3025691652560125,0.010144633711729946,0.5877442231780204,12.43227149721689,4.035867397877744,1.2943322272460704,0.4003340360661516,4.413774759077863,4.52904969449584,4.8502802683449415,3.3968461444979763,3.4772333798129864,3.6758018246249806,3.5417164094920808,3.865883918649183
102,102,3.266040301322937,-9.057524426778157,-0.33692403562987844,9.653639080065512,0.2314660305061138,0.060804258531075676,0.11123178245705898,0.023710521493173868,0.0857559595205749,-0.043523067640915035,-0.044641436744990486,0.0012245853739923786,-0.025481392921284905,0.021223052295600345,1.7236719424209352,1.265476285318593,1.4653877218633202,1.0155343450444057,3.8301410516350263,3.860963498084272,3.832591599298262,3.9145042721304266,102,3.448296577731768,3.416950637474656,-6.945406985282898,10.353890321253564,23.033790152649733,10.154973090655579,5.877863008316266,3.0685933908791534,-1.8340928256644071,3.702389294215773,2.3601400949001152,2.6043254030149137,-0.02798295708335163,-2.3512125730739237,4.669136695492068,4.302288994064406,3.6816877599591553,3.336716679420676,3.4687981023034085,3.7300439658961926,3.7589974532513684,3.8641931646500174
103,103,3.43113047281901,-9.003205935160318,-0.3118148442512999,9.649111110728198,0.058110090142324385,0.03206522457409238,0.10946010333536862,0.01887952211637421,0.023502230564632458,-0.028560680499833725,-0.032846618612430926,-0.00024497997653231724,-0.020584967470370343,0.015446981242591747,1.2238691427124715,1.0800685882427583,1.4282059698074183,0.9507108447953059,3.826236382931179,3.8666081365249423,3.83324799081988,3.88300190815536,103,5.849334601561228,3.0871798596034448,-6.046702742576599,9.628525569886897,2.507661192754824,8.629421891928187,2.5410144907785486,1.067423853780468,-1.894475318774366,0.6385827965087515,2.3837390837923933,0.7367605442769669,0.5005211407404107,-0.10747608002706716,3.2248567582733063,3.803785095213568,2.9404168937023765,2.5413083588432825,3.8825386403293134,3.5350531828595853,3.6780487275440015,3.8256190068474436
104,104,3.54606210788091,-8.938153425852457,-0.2138620665296912,9.627063418624516,0.08153787451786106,0.030247995914167557,0.07116264297221006,0.010606195752182263,0.039012658855861665,-0.009130532463118714,-0.00036860661392886906,-0.005454198426923687,-0.013469701948664429,-0.003497026948081652,1.2755074679734852,1.0224889932517545,1.2647347111936964,0.833411104523353,3.7685951824567727,3.795290585603512,3.7848641560654,3.906987976511009,104,5.527340571085613,2.0778873490790533,-7.174200693766277,9.67286566354037,2.0546344565614407,5.224246491065597,0.9499098942453432,0.8802502389267488,-1.5426598470083672,0.20596927797920356,0.7869907454455084,0.8005871097261482,-0.3546958819395373,-0.4197930102835188,3.065488726110964,3.717137454021736,2.4150421202298813,2.415203747712453,3.8924762721127673,3.780070870742725,3.778190938202605,3.827442120286916
105,105,3.6341786940892535,-8.889960209528606,-0.11994950427518535,9.614288973206348,0.05702913566223725,0.022509091556728988,0.11700581656302175,0.011950210730627209,0.022505933637032453,0.004410059973573297,0.007172005625260319,0.0013437518611458875,-0.012190173195943906,-0.0049470149632653716,1.207228706293955,1.0011082369720474,1.3655907751950125,0.8541021661735829,3.825972115986744,3.909808767209879,3.7026305814377096,3.898395247081328,105,5.138825968901316,2.856192752718925,-7.11880673567454,9.77500674874948,1.635856328793356,8.021882422672748,1.7064440236597056,0.8814930610166939,-1.5546292069599634,-0.2955713711282207,2.756084500402141,0.8482820126237411,-0.5192502404278657,-0.4804487290064435,2.803714560143856,3.911968809643896,2.8515100316041804,2.4641818333625904,3.8016316905878513,3.6986233527365333,3.8326080397857387,3.87297308456265
106,106,3.639485859870911,-8.891985241572064,0.19213468484425295,9.619841879126577,0.0703195437886292,0.013894532778298534,0.11849069472095353,0.008281196635346941,0.02018388820151468,0.03005236321136588,0.00987743374408209,0.009425407622222564,-0.0048019158891125825,0.003501540005278102,1.2752625632390555,0.8426062145103576,1.3577846902358883,0.7549378913737468,3.8079040397013952,3.785299854602661,3.7281301441207924,3.8542549274590736,106,4.721358144283295,4.2765722393989565,-6.741259249051413,9.724676441501199,2.052066311903663,5.690971230489758,1.9866626154171647,1.0404159711197587,-1.5580934915642652,-0.5301494399476874,2.031198134074557,0.9449517430901079,-0.16661768763094115,-0.7792520200353331,2.874697787828905,3.65311052962504,2.977280119994451,2.566910893666112,3.7653257473060378,3.7497904151937616,3.85510195555924,3.8518938440490817
107,107,3.328080026308696,-9.016613372166953,0.15617178063839673,9.638526774731508,0.3166974043375042,0.05108170512311947,0.15663503749495514,0.014540861368824994,0.10873133240145448,0.13944439758347926,0.05451324914685636,0.006646673992117634,-0.011613311465432706,-0.005725263516070802,1.7889659697243916,1.1138447406087186,1.3640971699076878,0.8999810813403324,3.7800901654801775,3.742725453782664,3.4941645903188867,3.904615606308341,107,4.157609093189239,5.378347412745159,-6.81428025563558,9.904373713530699,2.5297917557626874,2.653278130687419,1.7302187713595818,1.3710490059649925,-1.1491639894167067,-0.9840004850331158,1.3541177050315703,1.3585417564148403,-0.09761149982158901,-0.9805926606705933,3.129609484652732,2.9508916302154775,2.843744266755128,2.796805211007955,3.82116312672582,3.612123122882114,3.7916985903589366,3.902896143317226
108,108,2.969089416662852,-9.148005294799805,-0.013217985071241826,9.6483601101924,0.15280868160615602,0.04178690844790379,0.4298461734254512,0.025270309583289,0.047490121855345666,0.04710717820773112,0.035407171828408884,0.005385883255713451,-0.023645907010308997,-0.006015519687094821,1.613700586329279,1.1457007376793111,1.7982218919832569,1.008584474661476,3.903041143501517,3.8893297948582735,3.5559446173830227,3.851814047488328,108,1.5132210145394007,5.670231860876084,-6.60239577293396,9.881886411231203,13.943313554670036,4.173214802828568,3.3752783573391323,1.5406047754324674,2.00013255773036,-1.8259422806125938,1.238374677440458,1.418894556109453,0.8485899509060246,-1.1472080711928372,4.435023686520525,3.321262191732493,3.391159053228688,2.8346576303398163,3.710358764248964,3.647313715541221,3.844863562006184,3.8773394004272475
109,109,3.064069398244222,-9.110396401087444,-0.15537370989720026,9.642575538871798,0.13514857610145986,0.0481862995179729,0.4194977644948912,0.025939584943746857,0.049075208020384516,0.0031797689125977768,0.006850673861194762,-0.0032032817955243,-0.028525275310001763,0.009270938087783318,1.5483253624993183,1.2070248778221266,1.8338868619619229,1.0482362256634503,3.884580467863601,3.9157858690947034,3.6219914458210423,3.9447688201698603,109,-0.8382854258020719,2.548555481433868,-6.339225224653879,9.978321575020566,33.93458006173465,16.435579332260822,4.702459203353938,2.0048889276130795,3.9683577190687926,-3.799521421852908,0.7313979299808965,2.435627891297768,-0.6669247713236456,-1.5965109632920134,4.906024699956882,4.242407862394777,3.7442905846133017,2.9311591257613405,3.4180394208419607,3.523614508265915,3.8695601614965143,3.8116085883217994
