,timestamp,pressure
0,5000.0,1000.62
1,5100.0,1000.62
2,5200.0,1000.62
3,5300.0,1000.62
4,5400.0,1000.62
5,5500.0,1000.62
6,5600.0,1000.6
7,5700.0,1000.6
8,5800.0,1000.6
9,5900.0,1000.6
10,6000.0,1000.58
11,6100.0,1000.58
12,6200.0,1000.58
13,6300.0,1000.58
14,6400.0,1000.59
15,6500.0,1000.59
16,6600.0,1000.59
17,6700.0,1000.58
18,6800.0,1000.58
19,6900.0,1000.58
20,7000.0,1000.58
21,7100.0,1000.58
22,7200.0,1000.58
23,7300.0,1000.58
24,7400.0,1000.58
25,7500.0,1000.58
26,7600.0,1000.57
27,7700.0,1000.57
28,7800.0,1000.57
29,7900.0,1000.57
30,8000.0,1000.57
31,8100.0,1000.57
32,8200.0,1000.56
33,8300.0,1000.56
34,8400.0,1000.56
35,8500.0,1000.56
36,8600.0,1000.56
37,8700.0,1000.56
38,8800.0,1000.56
39,8900.0,1000.56
40,9000.0,1000.56
41,9100.0,1000.57
42,9200.0,1000.57
43,9300.0,1000.56
44,9400.0,1000.56
45,9500.0,1000.56
46,9600.0,1000.58
47,9700.0,1000.58
48,9800.0,1000.58
49,9900.0,1000.58
50,10000.0,1000.59
51,10100.0,1000.59
52,10200.0,1000.58
53,10300.0,1000.58
54,10400.0,1000.58
55,10500.0,1000.57
56,10600.0,1000.57
57,10700.0,1000.57
58,10800.0,1000.57
59,10900.0,1000.57
60,11000.0,1000.57
61,11100.0,1000.57
62,11200.0,1000.57
63,11300.0,1000.57
64,11400.0,1000.58
65,11500.0,1000.58
66,11600.0,1000.58
67,11700.0,1000.58
68,11800.0,1000.58
69,11900.0,1000.58
70,12000.0,1000.59
71,12100.0,1000.59
72,12200.0,1000.59
73,12300.0,1000.59
74,12400.0,1000.6
75,12500.0,1000.6
76,12600.0,1000.6
77,12700.0,1000.6
78,12800.0,1000.6
79,12900.0,1000.6
80,13000.0,1000.6
81,13100.0,1000.6
82,13200.0,1000.61
83,13300.0,1000.61
84,13400.0,1000.61
85,13500.0,1000.61
86,13600.0,1000.59
87,13700.0,1000.59
88,13800.0,1000.58
89,13900.0,1000.58
90,14000.0,1000.58
91,14100.0,1000.56
92,14200.0,1000.56
93,14300.0,1000.56
94,14400.0,1000.56
95,14500.0,1000.56
96,14600.0,1000.56
97,14700.0,1000.56
98,14800.0,1000.54
99,14900.0,1000.54
100,15000.0,1000.54
101,15100.0,1000.54
102,15200.0,1000.54
103,15300.0,1000.55
104,15400.0,1000.55
105,15500.0,1000.55
106,15600.0,1000.56
107,15700.0,1000.56
108,15800.0,1000.57
109,15900.0,1000.57
110,16000.0,1000.57
111,16100.0,1000.57
112,16200.0,1000.58
113,16300.0,1000.58
114,16400.0,1000.58
115,16500.0,1000.58
116,16600.0,1000.58
117,16700.0,1000.59
118,16800.0,1000.59
119,16900.0,1000.59
120,17000.0,1000.6
121,17100.0,1000.6
122,17200.0,1000.6
123,17300.0,1000.6
124,17400.0,1000.6
125,17500.0,1000.6
126,17600.0,1000.6
127,17700.0,1000.6
128,17800.0,1000.61
129,17900.0,1000.61
130,18000.0,1000.62
131,18100.0,1000.62
132,18200.0,1000.62
133,18300.0,1000.62
134,18400.0,1000.61
135,18500.0,1000.61
136,18600.0,1000.61
137,18700.0,1000.61
138,18800.0,1000.59
139,18900.0,1000.59
140,19000.0,1000.59
141,19100.0,1000.59
142,19200.0,1000.59
143,19300.0,1000.59
144,19400.0,1000.59
145,19500.0,1000.59
146,19600.0,1000.57
147,19700.0,1000.57
148,19800.0,1000.59
149,19900.0,1000.59
150,20000.0,1000.59
151,20100.0,1000.59
152,20200.0,1000.6
153,20300.0,1000.6
154,20400.0,1000.61
155,20500.0,1000.61
156,20600.0,1000.61
157,20700.0,1000.61
158,20800.0,1000.6
159,20900.0,1000.6
160,21000.0,1000.6
161,21100.0,1000.6
162,21200.0,1000.59
163,21300.0,1000.59
164,21400.0,1000.59
165,21500.0,1000.59
166,21600.0,1000.58
167,21700.0,1000.58
168,21800.0,1000.58
169,21900.0,1000.58
170,22000.0,1000.58
171,22100.0,1000.58
172,22200.0,1000.57
173,22300.0,1000.57
174,22400.0,1000.57
175,22500.0,1000.57
176,22600.0,1000.58
177,22700.0,1000.58
178,22800.0,1000.58
179,22900.0,1000.58
180,23000.0,1000.58
181,23100.0,1000.58
182,23200.0,1000.59
183,23300.0,1000.59
184,23400.0,1000.59
185,23500.0,1000.59
186,23600.0,1000.59
187,23700.0,1000.59
188,23800.0,1000.59
189,23900.0,1000.59
190,24000.0,1000.6
191,24100.0,1000.6
192,24200.0,1000.6
193,24300.0,1000.6
194,24400.0,1000.59
195,24500.0,1000.59
196,24600.0,1000.58
197,24700.0,1000.58
198,24800.0,1000.58
199,24900.0,1000.58
200,25000.0,1000.56
201,25100.0,1000.56
202,25200.0,1000.56
203,25300.0,1000.56
204,25400.0,1000.56
205,25500.0,1000.56
206,25600.0,1000.55
207,25700.0,1000.55
208,25800.0,1000.55
209,25900.0,1000.55
210,26000.0,1000.56
211,26100.0,1000.56
212,26200.0,1000.57
213,26300.0,1000.57
214,26400.0,1000.59
215,26500.0,1000.59
216,26600.0,1000.59
217,26700.0,1000.59
218,26800.0,1000.59
219,26900.0,1000.59
220,27000.0,1000.59
221,27100.0,1000.59
222,27200.0,1000.59
223,27300.0,1000.59
224,27400.0,1000.57
225,27500.0,1000.57
226,27600.0,1000.57
227,27700.0,1000.57
228,27800.0,1000.57
229,27900.0,1000.57
230,28000.0,1000.56
231,28100.0,1000.56
232,28200.0,1000.56
233,28300.0,1000.56
234,28400.0,1000.56
235,28500.0,1000.56
236,28600.0,1000.57
237,28700.0,1000.57
238,28800.0,1000.57
239,28900.0,1000.57
240,29000.0,1000.57
241,29100.0,1000.57
242,29200.0,1000.57
243,29300.0,1000.57
244,29400.0,1000.56
245,29500.0,1000.56
246,29600.0,1000.56
247,29700.0,1000.56
248,29800.0,1000.55
249,29900.0,1000.55
250,30000.0,1000.55
251,30100.0,1000.55
252,30200.0,1000.55
253,30300.0,1000.55
254,30400.0,1000.55
255,30500.0,1000.55
256,30600.0,1000.56
257,30700.0,1000.56
258,30800.0,1000.56
259,30900.0,1000.56
260,31000.0,1000.56
261,31100.0,1000.56
262,31200.0,1000.56
263,31300.0,1000.56
264,31400.0,1000.57
265,31500.0,1000.57
266,31600.0,1000.57
267,31700.0,1000.57
268,31800.0,1000.57
269,31900.0,1000.57
270,32000.0,1000.56
271,32100.0,1000.56
272,32200.0,1000.56
273,32300.0,1000.56
274,32400.0,1000.56
275,32500.0,1000.56
276,32600.0,1000.57
277,32700.0,1000.57
278,32800.0,1000.57
279,32900.0,1000.57
280,33000.0,1000.58
281,33100.0,1000.58
282,33200.0,1000.58
283,33300.0,1000.58
284,33400.0,1000.59
285,33500.0,1000.59
286,33600.0,1000.58
287,33700.0,1000.58
288,33800.0,1000.57
289,33900.0,1000.57
290,34000.0,1000.57
291,34100.0,1000.57
292,34200.0,1000.57
293,34300.0,1000.57
294,34400.0,1000.56
295,34500.0,1000.56
296,34600.0,1000.56
297,34700.0,1000.56
298,34800.0,1000.55
299,34900.0,1000.55
300,35000.0,1000.55
301,35100.0,1000.55
302,35200.0,1000.55
303,35300.0,1000.55
304,35400.0,1000.55
305,35500.0,1000.55
306,35600.0,1000.57
307,35700.0,1000.57
308,35800.0,1000.57
309,35900.0,1000.57
310,36000.0,1000.57
311,36100.0,1000.57
312,36200.0,1000.57
313,36300.0,1000.57
314,36400.0,1000.58
315,36500.0,1000.58
316,36600.0,1000.58
317,36700.0,1000.58
318,36800.0,1000.58
319,36900.0,1000.58
320,37000.0,1000.58
321,37100.0,1000.58
322,37200.0,1000.59
323,37300.0,1000.59
324,37400.0,1000.59
325,37500.0,1000.59
326,37600.0,1000.58
327,37700.0,1000.58
328,37800.0,1000.58
329,37900.0,1000.58
330,38000.0,1000.57
331,38100.0,1000.57
332,38200.0,1000.57
333,38300.0,1000.57
334,38400.0,1000.56
335,38500.0,1000.56
336,38600.0,1000.56
337,38700.0,1000.56
338,38800.0,1000.56
339,38900.0,1000.56
340,39000.0,1000.56
341,39100.0,1000.56
342,39200.0,1000.58
343,39300.0,1000.58
344,39400.0,1000.58
345,39500.0,1000.58
346,39600.0,1000.57
347,39700.0,1000.57
348,39800.0,1000.56
349,39900.0,1000.56
350,40000.0,1000.56
351,40100.0,1000.56
352,40200.0,1000.56
353,40300.0,1000.56
354,40400.0,1000.55
355,40500.0,1000.55
356,40600.0,1000.54
357,40700.0,1000.54
358,40800.0,1000.54
359,40900.0,1000.54
360,41000.0,1000.54
361,41100.0,1000.54
362,41200.0,1000.55
363,41300.0,1000.55
364,41400.0,1000.55
365,41500.0,1000.55
366,41600.0,1000.55
367,41700.0,1000.55
368,41800.0,1000.56
369,41900.0,1000.56
370,42000.0,1000.56
371,42100.0,1000.56
372,42200.0,1000.56
373,42300.0,1000.56
374,42400.0,1000.58
375,42500.0,1000.58
376,42600.0,1000.57
377,42700.0,1000.57
378,42800.0,1000.57
379,42900.0,1000.57
380,43000.0,1000.57
381,43100.0,1000.57
382,43200.0,1000.57
383,43300.0,1000.57
384,43400.0,1000.57
385,43500.0,1000.57
386,43600.0,1000.57
387,43700.0,1000.57
388,43800.0,1000.58
389,43900.0,1000.58
390,44000.0,1000.58
391,44100.0,1000.58
392,44200.0,1000.59
393,44300.0,1000.59
394,44400.0,1000.59
395,44500.0,1000.59
396,44600.0,1000.6
397,44700.0,1000.6
398,44800.0,1000.61
399,44900.0,1000.61
400,45000.0,1000.61
401,45100.0,1000.61
402,45200.0,1000.62
403,45300.0,1000.62
404,45400.0,1000.62
405,45500.0,1000.62
406,45600.0,1000.62
407,45700.0,1000.62
408,45800.0,1000.62
409,45900.0,1000.62
410,46000.0,1000.63
411,46100.0,1000.63
412,46200.0,1000.61
413,46300.0,1000.61
414,46400.0,1000.61
415,46500.0,1000.61
416,46600.0,1000.61
417,46700.0,1000.61
418,46800.0,1000.61
419,46900.0,1000.61
420,47000.0,1000.62
421,47100.0,1000.62
422,47200.0,1000.61
423,47300.0,1000.61
424,47400.0,1000.61
425,47500.0,1000.61
426,47600.0,1000.61
427,47700.0,1000.61
428,47800.0,1000.61
429,47900.0,1000.61
430,48000.0,1000.6
431,48100.0,1000.6
432,48200.0,1000.6
433,48300.0,1000.6
434,48400.0,1000.59
435,48500.0,1000.59
436,48600.0,1000.59
437,48700.0,1000.59
438,48800.0,1000.59
439,48900.0,1000.59
440,49000.0,1000.59
441,49100.0,1000.59
442,49200.0,1000.6
443,49300.0,1000.6
444,49400.0,1000.6
445,49500.0,1000.6
446,49600.0,1000.6
447,49700.0,1000.6
448,49800.0,1000.6
449,49900.0,1000.6
450,50000.0,1000.6
451,50100.0,1000.6
452,50200.0,1000.6
453,50300.0,1000.6
454,50400.0,1000.58
455,50500.0,1000.58
456,50600.0,1000.58
457,50700.0,1000.58
458,50800.0,1000.58
459,50900.0,1000.57
460,51000.0,1000.57
461,51100.0,1000.57
462,51200.0,1000.58
463,51300.0,1000.58
464,51400.0,1000.58
465,51500.0,1000.58
466,51600.0,1000.58
467,51700.0,1000.58
468,51800.0,1000.58
469,51900.0,1000.58
470,52000.0,1000.58
471,52100.0,1000.59
472,52200.0,1000.59
473,52300.0,1000.59
474,52400.0,1000.59
475,52500.0,1000.59
476,52600.0,1000.59
477,52700.0,1000.58
478,52800.0,1000.58
479,52900.0,1000.59
480,53000.0,1000.59
481,53100.0,1000.59
482,53200.0,1000.59
483,53300.0,1000.59
484,53400.0,1000.59
485,53500.0,1000.59
486,53600.0,1000.58
487,53700.0,1000.58
488,53800.0,1000.58
489,53900.0,1000.59
490,54000.0,1000.59
491,54100.0,1000.59
492,54200.0,1000.59
493,54300.0,1000.59
494,54400.0,1000.59
495,54500.0,1000.59
496,54600.0,1000.59
497,54700.0,1000.59
498,54800.0,1000.59
499,54900.0,1000.59
500,55000.0,1000.59
501,55100.0,1000.59
502,55200.0,1000.59
503,55300.0,1000.59
504,55400.0,1000.59
505,55500.0,1000.59
506,55600.0,1000.59
507,55700.0,1000.6
508,55800.0,1000.6
509,55900.0,1000.6
510,56000.0,1000.6
511,56100.0,1000.6
512,56200.0,1000.6
513,56300.0,1000.59
514,56400.0,1000.59
515,56500.0,1000.59
516,56600.0,1000.59
517,56700.0,1000.59
518,56800.0,1000.59
519,56900.0,1000.58
520,57000.0,1000.58
521,57100.0,1000.58
522,57200.0,1000.58
523,57300.0,1000.58
524,57400.0,1000.58
525,57500.0,1000.59
526,57600.0,1000.59
527,57700.0,1000.59
528,57800.0,1000.59
529,57900.0,1000.59
530,58000.0,1000.59
531,58100.0,1000.6
532,58200.0,1000.6
533,58300.0,1000.6
534,58400.0,1000.59
535,58500.0,1000.59
536,58600.0,1000.59
537,58700.0,1000.61
538,58800.0,1000.61
539,58900.0,1000.61
540,59000.0,1000.61
541,59100.0,1000.61
542,59200.0,1000.61
543,59300.0,1000.61
544,59400.0,1000.61
545,59500.0,1000.61
546,59600.0,1000.61
547,59700.0,1000.61
548,59800.0,1000.61
549,59900.0,1000.61
550,60000.0,1000.61
551,60100.0,1000.6
552,60200.0,1000.6
553,60300.0,1000.59
554,60400.0,1000.59
555,60500.0,1000.58
556,60600.0,1000.58
557,60700.0,1000.58
558,60800.0,1000.58
559,60900.0,1000.58
560,61000.0,1000.58
561,61100.0,1000.58
562,61200.0,1000.58
563,61300.0,1000.59
564,61400.0,1000.59
565,61500.0,1000.6
566,61600.0,1000.6
567,61700.0,1000.6
568,61800.0,1000.6
569,61900.0,1000.6
570,62000.0,1000.6
571,62100.0,1000.6
572,62200.0,1000.6
573,62300.0,1000.6
574,62400.0,1000.6
575,62500.0,1000.6
576,62600.0,1000.6
577,62700.0,1000.6
578,62800.0,1000.6
579,62900.0,1000.59
580,63000.0,1000.59
581,63100.0,1000.59
582,63200.0,1000.59
583,63300.0,1000.6
584,63400.0,1000.6
585,63500.0,1000.6
586,63600.0,1000.59
587,63700.0,1000.59
588,63800.0,1000.59
589,63900.0,1000.59
590,64000.0,1000.59
591,64100.0,1000.59
592,64200.0,1000.59
593,64300.0,1000.58
594,64400.0,1000.58
595,64500.0,1000.58
596,64600.0,1000.58
597,64700.0,1000.6
598,64800.0,1000.6
599,64900.0,1000.6
600,65000.0,1000.6
601,65100.0,1000.6
602,65200.0,1000.6
603,65300.0,1000.6
604,65400.0,1000.6
605,65500.0,1000.6
606,65600.0,1000.6
607,65700.0,1000.61
608,65800.0,1000.61
609,65900.0,1000.61
610,66000.0,1000.61
611,66100.0,1000.61
612,66200.0,1000.6
613,66300.0,1000.6
614,66400.0,1000.6
615,66500.0,1000.63
616,66600.0,1000.63
617,66700.0,1000.62
618,66800.0,1000.62
619,66900.0,1000.62
620,67000.0,1000.62
621,67100.0,1000.62
622,67200.0,1000.62
623,67300.0,1000.62
624,67400.0,1000.61
625,67500.0,1000.61
626,67600.0,1000.61
627,67700.0,1000.61
628,67800.0,1000.61
629,67900.0,1000.6
630,68000.0,1000.6
631,68100.0,1000.6
632,68200.0,1000.6
633,68300.0,1000.61
634,68400.0,1000.61
635,68500.0,1000.61
636,68600.0,1000.61
637,68700.0,1000.61
638,68800.0,1000.61
639,68900.0,1000.61
640,69000.0,1000.61
641,69100.0,1000.6
642,69200.0,1000.6
643,69300.0,1000.6
644,69400.0,1000.6
645,69500.0,1000.6
646,69600.0,1000.6
647,69700.0,1000.6
648,69800.0,1000.6
649,69900.0,1000.6
650,70000.0,1000.6
651,70100.0,1000.6
652,70200.0,1000.6
653,70300.0,1000.6
654,70400.0,1000.6
655,70500.0,1000.61
656,70600.0,1000.61
657,70700.0,1000.61
658,70800.0,1000.61
659,70900.0,1000.61
660,71000.0,1000.61
661,71100.0,1000.62
662,71200.0,1000.62
663,71300.0,1000.62
664,71400.0,1000.62
665,71500.0,1000.62
666,71600.0,1000.62
667,71700.0,1000.62
668,71800.0,1000.62
669,71900.0,1000.62
670,72000.0,1000.62
671,72100.0,1000.62
672,72200.0,1000.62
673,72300.0,1000.62
674,72400.0,1000.62
675,72500.0,1000.62
676,72600.0,1000.62
677,72700.0,1000.63
678,72800.0,1000.63
679,72900.0,1000.63
680,73000.0,1000.63
681,73100.0,1000.63
682,73200.0,1000.63
683,73300.0,1000.63
684,73400.0,1000.63
685,73500.0,1000.63
686,73600.0,1000.63
687,73700.0,1000.63
688,73800.0,1000.63
689,73900.0,1000.63
690,74000.0,1000.63
691,74100.0,1000.64
692,74200.0,1000.64
693,74300.0,1000.64
694,74400.0,1000.64
695,74500.0,1000.64
696,74600.0,1000.64
697,74700.0,1000.63
698,74800.0,1000.63
699,74900.0,1000.63
700,75000.0,1000.63
701,75100.0,1000.63
702,75200.0,1000.63
703,75300.0,1000.63
704,75400.0,1000.63
705,75500.0,1000.62
706,75600.0,1000.62
707,75700.0,1000.62
708,75800.0,1000.62
709,75900.0,1000.62
710,76000.0,1000.62
711,76100.0,1000.62
712,76200.0,1000.62
713,76300.0,1000.6
714,76400.0,1000.6
715,76500.0,1000.6
716,76600.0,1000.6
717,76700.0,1000.61
718,76800.0,1000.61
719,76900.0,1000.61
720,77000.0,1000.61
721,77100.0,1000.61
722,77200.0,1000.61
723,77300.0,1000.61
724,77400.0,1000.61
725,77500.0,1000.62
726,77600.0,1000.62
727,77700.0,1000.61
728,77800.0,1000.61
729,77900.0,1000.61
730,78000.0,1000.61
731,78100.0,1000.61
732,78200.0,1000.61
733,78300.0,1000.6
734,78400.0,1000.6
735,78500.0,1000.6
736,78600.0,1000.6
737,78700.0,1000.6
738,78800.0,1000.6
739,78900.0,1000.61
740,79000.0,1000.61
741,79100.0,1000.63
742,79200.0,1000.63
743,79300.0,1000.63
744,79400.0,1000.63
745,79500.0,1000.63
746,79600.0,1000.63
747,79700.0,1000.63
748,79800.0,1000.63
749,79900.0,1000.61
750,80000.0,1000.61
751,80100.0,1000.61
752,80200.0,1000.61
753,80300.0,1000.58
754,80400.0,1000.58
755,80500.0,1000.58
756,80600.0,1000.58
757,80700.0,1000.58
758,80800.0,1000.58
759,80900.0,1000.58
760,81000.0,1000.58
761,81100.0,1000.58
762,81200.0,1000.58
763,81300.0,1000.59
764,81400.0,1000.59
765,81500.0,1000.59
766,81600.0,1000.59
767,81700.0,1000.62
768,81800.0,1000.62
769,81900.0,1000.62
770,82000.0,1000.62
771,82100.0,1000.61
772,82200.0,1000.61
773,82300.0,1000.61
774,82400.0,1000.61
775,82500.0,1000.61
776,82600.0,1000.61
777,82700.0,1000.61
778,82800.0,1000.61
779,82900.0,1000.6
780,83000.0,1000.6
781,83100.0,1000.6
782,83200.0,1000.6
783,83300.0,1000.59
784,83400.0,1000.59
785,83500.0,1000.59
786,83600.0,1000.59
787,83700.0,1000.58
788,83800.0,1000.58
789,83900.0,1000.58
790,84000.0,1000.58
791,84100.0,1000.58
792,84200.0,1000.58
793,84300.0,1000.59
794,84400.0,1000.59
795,84500.0,1000.59
796,84600.0,1000.59
797,84700.0,1000.6
798,84800.0,1000.6
799,84900.0,1000.6
800,85000.0,1000.6
801,85100.0,1000.6
802,85200.0,1000.6
803,85300.0,1000.61
804,85400.0,1000.61
805,85500.0,1000.61
806,85600.0,1000.61
807,85700.0,1000.6
808,85800.0,1000.6
809,85900.0,1000.6
810,86000.0,1000.6
811,86100.0,1000.6
812,86200.0,1000.6
813,86300.0,1000.61
814,86400.0,1000.61
815,86500.0,1000.61
816,86600.0,1000.61
817,86700.0,1000.61
818,86800.0,1000.61
819,86900.0,1000.59
820,87000.0,1000.59
821,87100.0,1000.6
822,87200.0,1000.6
823,87300.0,1000.6
824,87400.0,1000.6
825,87500.0,1000.59
826,87600.0,1000.59
827,87700.0,1000.59
828,87800.0,1000.59
829,87900.0,1000.6
830,88000.0,1000.6
831,88100.0,1000.6
832,88200.0,1000.6
833,88300.0,1000.6
834,88400.0,1000.6
835,88500.0,1000.6
836,88600.0,1000.6
837,88700.0,1000.6
838,88800.0,1000.6
839,88900.0,1000.6
840,89000.0,1000.6
841,89100.0,1000.6
842,89200.0,1000.6
843,89300.0,1000.6
844,89400.0,1000.6
845,89500.0,1000.62
846,89600.0,1000.62
847,89700.0,1000.62
848,89800.0,1000.62
849,89900.0,1000.61
850,90000.0,1000.61
851,90100.0,1000.61
852,90200.0,1000.61
853,90300.0,1000.65
854,90400.0,1000.65
855,90500.0,1000.65
856,90600.0,1000.65
857,90700.0,1000.66
858,90800.0,1000.66
859,90900.0,1000.66
860,91000.0,1000.66
861,91100.0,1000.69
862,91200.0,1000.69
863,91300.0,1000.69
864,91400.0,1000.69
865,91500.0,1000.65
866,91600.0,1000.65
867,91700.0,1000.65
868,91800.0,1000.65
869,91900.0,1000.6
870,92000.0,1000.6
871,92100.0,1000.6
872,92200.0,1000.6
873,92300.0,1000.54
874,92400.0,1000.54
875,92500.0,1000.55
876,92600.0,1000.55
877,92700.0,1000.56
878,92800.0,1000.56
879,92900.0,1000.56
880,93000.0,1000.56
881,93100.0,1000.6
882,93200.0,1000.6
883,93300.0,1000.6
884,93400.0,1000.6
885,93500.0,1000.62
886,93600.0,1000.62
887,93700.0,1000.62
888,93800.0,1000.62
889,93900.0,1000.62
890,94000.0,1000.62
891,94100.0,1000.62
892,94200.0,1000.62
893,94300.0,1000.61
894,94400.0,1000.61
895,94500.0,1000.61
896,94600.0,1000.61
897,94700.0,1000.59
898,94800.0,1000.59
899,94900.0,1000.59
900,95000.0,1000.59
901,95100.0,1000.6
902,95200.0,1000.6
903,95300.0,1000.6
904,95400.0,1000.6
905,95500.0,1000.59
906,95600.0,1000.59
907,95700.0,1000.59
908,95800.0,1000.59
909,95900.0,1000.6
910,96000.0,1000.6
911,96100.0,1000.6
912,96200.0,1000.6
913,96300.0,1000.59
914,96400.0,1000.59
915,96500.0,1000.59
916,96600.0,1000.59
917,96700.0,1000.59
918,96800.0,1000.59
919,96900.0,1000.59
920,97000.0,1000.59
921,97100.0,1000.59
922,97200.0,1000.59
923,97300.0,1000.59
924,97400.0,1000.59
925,97500.0,1000.6
926,97600.0,1000.6
927,97700.0,1000.6
928,97800.0,1000.6
929,97900.0,1000.61
930,98000.0,1000.61
931,98100.0,1000.61
932,98200.0,1000.61
933,98300.0,1000.61
934,98400.0,1000.61
935,98500.0,1000.61
936,98600.0,1000.61
937,98700.0,1000.6
938,98800.0,1000.6
939,98900.0,1000.6
940,99000.0,1000.6
941,99100.0,1000.61
942,99200.0,1000.61
943,99300.0,1000.6
944,99400.0,1000.6
945,99500.0,1000.6
946,99600.0,1000.6
947,99700.0,1000.6
948,99800.0,1000.6
949,99900.0,1000.6
950,100000.0,1000.6
951,100100.0,1000.6
952,100200.0,1000.6
953,100300.0,1000.59
954,100400.0,1000.59
955,100500.0,1000.59
956,100600.0,1000.59
957,100700.0,1000.6
958,100800.0,1000.6
959,100900.0,1000.59
960,101000.0,1000.59
961,101100.0,1000.59
962,101200.0,1000.59
963,101300.0,1000.59
964,101400.0,1000.59
965,101500.0,1000.61
966,101600.0,1000.61
967,101700.0,1000.61
968,101800.0,1000.62
969,101900.0,1000.62
970,102000.0,1000.62
971,102100.0,1000.61
972,102200.0,1000.61
973,102300.0,1000.61
974,102400.0,1000.61
975,102500.0,1000.61
976,102600.0,1000.61
977,102700.0,1000.61
978,102800.0,1000.61
979,102900.0,1000.61
980,103000.0,1000.61
981,103100.0,1000.61
982,103200.0,1000.61
983,103300.0,1000.61
984,103400.0,1000.61
985,103500.0,1000.61
986,103600.0,1000.61
987,103700.0,1000.61
988,103800.0,1000.62
989,103900.0,1000.62
990,104000.0,1000.62
991,104100.0,1000.62
992,104200.0,1000.59
993,104300.0,1000.59
994,104400.0,1000.59
995,104500.0,1000.59
996,104600.0,1000.59
997,104700.0,1000.59
998,104800.0,1000.59
999,104900.0,1000.59
1000,105000.0,1000.61
1001,105100.0,1000.61
1002,105200.0,1000.61
1003,105300.0,1000.61
1004,105400.0,1000.61
1005,105500.0,1000.61
1006,105600.0,1000.64
1007,105700.0,1000.64
1008,105800.0,1000.64
1009,105900.0,1000.64
1010,106000.0,1000.64
1011,106100.0,1000.64
1012,106200.0,1000.62
1013,106300.0,1000.62
1014,106400.0,1000.62
1015,106500.0,1000.62
1016,106600.0,1000.63
1017,106700.0,1000.63
1018,106800.0,1000.63
1019,106900.0,1000.63
1020,107000.0,1000.63
1021,107100.0,1000.62
1022,107200.0,1000.62
1023,107300.0,1000.62
1024,107400.0,1000.62
1025,107500.0,1000.62
1026,107600.0,1000.61
1027,107700.0,1000.61
1028,107800.0,1000.61
1029,107900.0,1000.61
1030,108000.0,1000.61
1031,108100.0,1000.61
1032,108200.0,1000.62
1033,108300.0,1000.62
1034,108400.0,1000.62
1035,108500.0,1000.62
1036,108600.0,1000.62
1037,108700.0,1000.62
1038,108800.0,1000.63
1039,108900.0,1000.63
1040,109000.0,1000.63
1041,109100.0,1000.63
1042,109200.0,1000.63
1043,109300.0,1000.63
1044,109400.0,1000.62
1045,109500.0,1000.62
1046,109600.0,1000.62
1047,109700.0,1000.62
1048,109800.0,1000.62
1049,109900.0,1000.62
1050,110000.0,1000.62
1051,110100.0,1000.62
1052,110200.0,1000.63
1053,110300.0,1000.63
1054,110400.0,1000.63
1055,110500.0,1000.63
1056,110600.0,1000.63
1057,110700.0,1000.63
1058,110800.0,1000.63
1059,110900.0,1000.63
1060,111000.0,1000.63
1061,111100.0,1000.63
1062,111200.0,1000.63
1063,111300.0,1000.63
1064,111400.0,1000.63
1065,111500.0,1000.63
1066,111600.0,1000.62
1067,111700.0,1000.62
1068,111800.0,1000.62
1069,111900.0,1000.62
1070,112000.0,1000.62
1071,112100.0,1000.62
1072,112200.0,1000.62
1073,112300.0,1000.62
1074,112400.0,1000.62
1075,112500.0,1000.62
1076,112600.0,1000.62
1077,112700.0,1000.62
1078,112800.0,1000.63
1079,112900.0,1000.63
1080,113000.0,1000.63
1081,113100.0,1000.63
1082,113200.0,1000.64
1083,113300.0,1000.64
1084,113400.0,1000.64
1085,113500.0,1000.64
1086,113600.0,1000.64
1087,113700.0,1000.64
1088,113800.0,1000.66
1089,113900.0,1000.66
1090,114000.0,1000.66
1091,114100.0,1000.66
1092,114200.0,1000.64
1093,114300.0,1000.64
1094,114400.0,1000.63
1095,114500.0,1000.63
1096,114600.0,1000.63
1097,114700.0,1000.63
1098,114800.0,1000.63
1099,114900.0,1000.63
1100,115000.0,1000.63
1101,115100.0,1000.63
1102,115200.0,1000.63
1103,115300.0,1000.63
1104,115400.0,1000.63
1105,115500.0,1000.63
1106,115600.0,1000.63
1107,115700.0,1000.63
1108,115800.0,1000.64
1109,115900.0,1000.64
1110,116000.0,1000.64
1111,116100.0,1000.63
1112,116200.0,1000.63
1113,116300.0,1000.63
1114,116400.0,1000.61
1115,116500.0,1000.61
1116,116600.0,1000.62
1117,116700.0,1000.62
1118,116800.0,1000.62
1119,116900.0,1000.62
1120,117000.0,1000.61
1121,117100.0,1000.61
1122,117200.0,1000.62
1123,117300.0,1000.62
1124,117400.0,1000.62
1125,117500.0,1000.63
1126,117600.0,1000.63
1127,117700.0,1000.63
1128,117800.0,1000.64
1129,117900.0,1000.64
1130,118000.0,1000.64
1131,118100.0,1000.64
1132,118200.0,1000.65
1133,118300.0,1000.65
1134,118400.0,1000.65
1135,118500.0,1000.65
1136,118600.0,1000.65
1137,118700.0,1000.65
1138,118800.0,1000.65
1139,118900.0,1000.65
1140,119000.0,1000.64
1141,119100.0,1000.64
1142,119200.0,1000.64
1143,119300.0,1000.64
1144,119400.0,1000.64
1145,119500.0,1000.64
1146,119600.0,1000.64
1147,119700.0,1000.64
1148,119800.0,1000.63
1149,119900.0,1000.63
1150,120000.0,1000.63
1151,120100.0,1000.63
1152,120200.0,1000.63
1153,120300.0,1000.63
1154,120400.0,1000.64
1155,120500.0,1000.64
1156,120600.0,1000.64
1157,120700.0,1000.64
1158,120800.0,1000.62
1159,120900.0,1000.62
1160,121000.0,1000.63
1161,121100.0,1000.63
1162,121200.0,1000.63
1163,121300.0,1000.63
1164,121400.0,1000.63
1165,121500.0,1000.63
1166,121600.0,1000.63
1167,121700.0,1000.63
1168,121800.0,1000.63
1169,121900.0,1000.63
1170,122000.0,1000.64
1171,122100.0,1000.64
1172,122200.0,1000.64
1173,122300.0,1000.64
1174,122400.0,1000.64
1175,122500.0,1000.64
1176,122600.0,1000.64
1177,122700.0,1000.64
1178,122800.0,1000.64
1179,122900.0,1000.64
1180,123000.0,1000.64
1181,123100.0,1000.64
1182,123200.0,1000.64
1183,123300.0,1000.64
1184,123400.0,1000.63
1185,123500.0,1000.63
1186,123600.0,1000.63
1187,123700.0,1000.63
1188,123800.0,1000.63
1189,123900.0,1000.63
1190,124000.0,1000.64
1191,124100.0,1000.64
1192,124200.0,1000.65
1193,124300.0,1000.65
1194,124400.0,1000.65
1195,124500.0,1000.65
1196,124600.0,1000.65
1197,124700.0,1000.65
1198,124800.0,1000.65
1199,124900.0,1000.65
1200,125000.0,1000.65
1201,125100.0,1000.65
1202,125200.0,1000.64
1203,125300.0,1000.64
1204,125400.0,1000.63
1205,125500.0,1000.63
1206,125600.0,1000.63
1207,125700.0,1000.63
1208,125800.0,1000.64
1209,125900.0,1000.64
1210,126000.0,1000.64
1211,126100.0,1000.64
1212,126200.0,1000.64
1213,126300.0,1000.64
1214,126400.0,1000.65
1215,126500.0,1000.65
1216,126600.0,1000.65
1217,126700.0,1000.65
1218,126800.0,1000.65
1219,126900.0,1000.65
1220,127000.0,1000.63
1221,127100.0,1000.63
1222,127200.0,1000.63
1223,127300.0,1000.63
1224,127400.0,1000.63
1225,127500.0,1000.63
1226,127600.0,1000.63
1227,127700.0,1000.63
1228,127800.0,1000.63
1229,127900.0,1000.63
1230,128000.0,1000.63
1231,128100.0,1000.63
1232,128200.0,1000.65
1233,128300.0,1000.65
1234,128400.0,1000.66
1235,128500.0,1000.66
1236,128600.0,1000.66
1237,128700.0,1000.66
1238,128800.0,1000.66
1239,128900.0,1000.66
1240,129000.0,1000.66
1241,129100.0,1000.66
1242,129200.0,1000.65
1243,129300.0,1000.65
1244,129400.0,1000.65
1245,129500.0,1000.65
1246,129600.0,1000.64
1247,129700.0,1000.64
1248,129800.0,1000.64
1249,129900.0,1000.64
1250,130000.0,1000.63
1251,130100.0,1000.63
1252,130200.0,1000.62
1253,130300.0,1000.62
1254,130400.0,1000.63
1255,130500.0,1000.63
1256,130600.0,1000.63
1257,130700.0,1000.63
1258,130800.0,1000.64
1259,130900.0,1000.64
1260,131000.0,1000.64
1261,131100.0,1000.64
1262,131200.0,1000.64
1263,131300.0,1000.64
1264,131400.0,1000.67
1265,131500.0,1000.67
1266,131600.0,1000.68
1267,131700.0,1000.68
1268,131800.0,1000.68
1269,131900.0,1000.68
1270,132000.0,1000.69
1271,132100.0,1000.69
1272,132200.0,1000.7
1273,132300.0,1000.7
1274,132400.0,1000.7
1275,132500.0,1000.7
1276,132600.0,1000.69
1277,132700.0,1000.69
1278,132800.0,1000.69
1279,132900.0,1000.69
1280,133000.0,1000.68
1281,133100.0,1000.68
1282,133200.0,1000.68
1283,133300.0,1000.68
1284,133400.0,1000.66
1285,133500.0,1000.66
1286,133600.0,1000.66
1287,133700.0,1000.66
1288,133800.0,1000.67
1289,133900.0,1000.67
1290,134000.0,1000.67
1291,134100.0,1000.67
1292,134200.0,1000.67
1293,134300.0,1000.67
1294,134400.0,1000.66
1295,134500.0,1000.66
1296,134600.0,1000.67
1297,134700.0,1000.67
1298,134800.0,1000.67
1299,134900.0,1000.67
1300,135000.0,1000.67
1301,135100.0,1000.67
1302,135200.0,1000.67
1303,135300.0,1000.67
1304,135400.0,1000.67
1305,135500.0,1000.67
1306,135600.0,1000.65
1307,135700.0,1000.65
1308,135800.0,1000.65
1309,135900.0,1000.65
1310,136000.0,1000.65
1311,136100.0,1000.65
1312,136200.0,1000.66
1313,136300.0,1000.66
1314,136400.0,1000.66
1315,136500.0,1000.66
1316,136600.0,1000.66
1317,136700.0,1000.66
1318,136800.0,1000.66
1319,136900.0,1000.66
1320,137000.0,1000.67
1321,137100.0,1000.67
1322,137200.0,1000.67
1323,137300.0,1000.67
1324,137400.0,1000.68
1325,137500.0,1000.68
1326,137600.0,1000.68
1327,137700.0,1000.68
1328,137800.0,1000.68
1329,137900.0,1000.68
1330,138000.0,1000.68
1331,138100.0,1000.68
1332,138200.0,1000.68
1333,138300.0,1000.68
1334,138400.0,1000.66
1335,138500.0,1000.66
1336,138600.0,1000.66
1337,138700.0,1000.66
1338,138800.0,1000.66
1339,138900.0,1000.66
1340,139000.0,1000.66
1341,139100.0,1000.66
1342,139200.0,1000.65
1343,139300.0,1000.65
1344,139400.0,1000.65
1345,139500.0,1000.65
1346,139600.0,1000.65
1347,139700.0,1000.65
1348,139800.0,1000.65
1349,139900.0,1000.65
1350,140000.0,1000.66
1351,140100.0,1000.66
1352,140200.0,1000.67
1353,140300.0,1000.67
1354,140400.0,1000.67
1355,140500.0,1000.67
1356,140600.0,1000.67
1357,140700.0,1000.67
1358,140800.0,1000.68
1359,140900.0,1000.68
1360,141000.0,1000.68
1361,141100.0,1000.68
1362,141200.0,1000.68
1363,141300.0,1000.68
1364,141400.0,1000.67
1365,141500.0,1000.67
1366,141600.0,1000.66
1367,141700.0,1000.66
1368,141800.0,1000.66
1369,141900.0,1000.66
1370,142000.0,1000.65
1371,142100.0,1000.65
1372,142200.0,1000.65
1373,142300.0,1000.65
1374,142400.0,1000.65
1375,142500.0,1000.65
1376,142600.0,1000.65
1377,142700.0,1000.65
1378,142800.0,1000.65
1379,142900.0,1000.65
1380,143000.0,1000.65
1381,143100.0,1000.65
1382,143200.0,1000.65
1383,143300.0,1000.65
1384,143400.0,1000.65
1385,143500.0,1000.65
1386,143600.0,1000.65
1387,143700.0,1000.65
1388,143800.0,1000.67
1389,143900.0,1000.67
1390,144000.0,1000.66
1391,144100.0,1000.66
1392,144200.0,1000.67
1393,144300.0,1000.67
1394,144400.0,1000.67
1395,144500.0,1000.67
1396,144600.0,1000.67
1397,144700.0,1000.67
1398,144800.0,1000.66
1399,144900.0,1000.66
1400,145000.0,1000.66
1401,145100.0,1000.66
1402,145200.0,1000.67
1403,145300.0,1000.67
1404,145400.0,1000.66
1405,145500.0,1000.66
1406,145600.0,1000.66
1407,145700.0,1000.66
1408,145800.0,1000.66
1409,145900.0,1000.66
1410,146000.0,1000.66
1411,146100.0,1000.66
1412,146200.0,1000.66
1413,146300.0,1000.66
1414,146400.0,1000.66
1415,146500.0,1000.66
1416,146600.0,1000.66
1417,146700.0,1000.66
1418,146800.0,1000.65
1419,146900.0,1000.65
1420,147000.0,1000.65
1421,147100.0,1000.65
1422,147200.0,1000.66
1423,147300.0,1000.66
1424,147400.0,1000.64
1425,147500.0,1000.64
1426,147600.0,1000.64
1427,147700.0,1000.64
1428,147800.0,1000.64
1429,147900.0,1000.64
1430,148000.0,1000.65
1431,148100.0,1000.65
1432,148200.0,1000.65
1433,148300.0,1000.65
1434,148400.0,1000.65
1435,148500.0,1000.65
1436,148600.0,1000.65
1437,148700.0,1000.65
1438,148800.0,1000.65
1439,148900.0,1000.65
1440,149000.0,1000.66
1441,149100.0,1000.66
1442,149200.0,1000.66
1443,149300.0,1000.66
1444,149400.0,1000.66
1445,149500.0,1000.66
1446,149600.0,1000.66
1447,149700.0,1000.66
1448,149800.0,1000.66
1449,149900.0,1000.66
1450,150000.0,1000.66
1451,150100.0,1000.66
1452,150200.0,1000.68
1453,150300.0,1000.68
1454,150400.0,1000.68
1455,150500.0,1000.68
1456,150600.0,1000.68
1457,150700.0,1000.68
1458,150800.0,1000.69
1459,150900.0,1000.69
1460,151000.0,1000.69
1461,151100.0,1000.69
1462,151200.0,1000.69
1463,151300.0,1000.69
1464,151400.0,1000.7
1465,151500.0,1000.7
1466,151600.0,1000.69
1467,151700.0,1000.69
1468,151800.0,1000.69
1469,151900.0,1000.69
1470,152000.0,1000.69
1471,152100.0,1000.69
1472,152200.0,1000.69
1473,152300.0,1000.7
1474,152400.0,1000.7
1475,152500.0,1000.7
1476,152600.0,1000.7
1477,152700.0,1000.7
1478,152800.0,1000.69
1479,152900.0,1000.69
1480,153000.0,1000.69
1481,153100.0,1000.68
1482,153200.0,1000.68
1483,153300.0,1000.67
1484,153400.0,1000.67
1485,153500.0,1000.67
1486,153600.0,1000.67
1487,153700.0,1000.67
1488,153800.0,1000.67
1489,153900.0,1000.67
1490,154000.0,1000.67
1491,154100.0,1000.67
1492,154200.0,1000.67
1493,154300.0,1000.67
1494,154400.0,1000.67
1495,154500.0,1000.67
1496,154600.0,1000.67
1497,154700.0,1000.66
1498,154800.0,1000.66
1499,154900.0,1000.66
1500,155000.0,1000.66
1501,155100.0,1000.66
1502,155200.0,1000.66
1503,155300.0,1000.66
1504,155400.0,1000.66
1505,155500.0,1000.66
1506,155600.0,1000.66
1507,155700.0,1000.66
1508,155800.0,1000.66
1509,155900.0,1000.65
1510,156000.0,1000.65
1511,156100.0,1000.65
1512,156200.0,1000.65
1513,156300.0,1000.65
1514,156400.0,1000.67
1515,156500.0,1000.67
1516,156600.0,1000.67
1517,156700.0,1000.66
1518,156800.0,1000.66
1519,156900.0,1000.66
1520,157000.0,1000.66
1521,157100.0,1000.66
1522,157200.0,1000.66
1523,157300.0,1000.68
1524,157400.0,1000.68
1525,157500.0,1000.68
1526,157600.0,1000.68
1527,157700.0,1000.68
1528,157800.0,1000.68
1529,157900.0,1000.68
1530,158000.0,1000.68
1531,158100.0,1000.68
1532,158200.0,1000.68
1533,158300.0,1000.68
1534,158400.0,1000.68
1535,158500.0,1000.68
1536,158600.0,1000.68
1537,158700.0,1000.67
1538,158800.0,1000.67
1539,158900.0,1000.67
1540,159000.0,1000.67
1541,159100.0,1000.67
1542,159200.0,1000.67
1543,159300.0,1000.66
1544,159400.0,1000.66
1545,159500.0,1000.66
1546,159600.0,1000.66
1547,159700.0,1000.65
1548,159800.0,1000.65
1549,159900.0,1000.65
1550,160000.0,1000.65
1551,160100.0,1000.65
1552,160200.0,1000.64
1553,160300.0,1000.64
1554,160400.0,1000.64
1555,160500.0,1000.64
1556,160600.0,1000.64
1557,160700.0,1000.64
1558,160800.0,1000.64
1559,160900.0,1000.65
1560,161000.0,1000.65
1561,161100.0,1000.65
1562,161200.0,1000.65
1563,161300.0,1000.65
1564,161400.0,1000.65
1565,161500.0,1000.65
1566,161600.0,1000.65
1567,161700.0,1000.66
1568,161800.0,1000.66
1569,161900.0,1000.66
1570,162000.0,1000.66
1571,162100.0,1000.66
1572,162200.0,1000.66
1573,162300.0,1000.66
1574,162400.0,1000.66
1575,162500.0,1000.66
1576,162600.0,1000.66
1577,162700.0,1000.66
1578,162800.0,1000.66
1579,162900.0,1000.65
1580,163000.0,1000.65
1581,163100.0,1000.65
1582,163200.0,1000.65
1583,163300.0,1000.65
1584,163400.0,1000.65
1585,163500.0,1000.65
1586,163600.0,1000.65
1587,163700.0,1000.65
1588,163800.0,1000.65
1589,163900.0,1000.65
1590,164000.0,1000.65
1591,164100.0,1000.65
1592,164200.0,1000.65
1593,164300.0,1000.66
1594,164400.0,1000.66
1595,164500.0,1000.66
1596,164600.0,1000.66
1597,164700.0,1000.66
1598,164800.0,1000.66
1599,164900.0,1000.66
1600,165000.0,1000.66
1601,165100.0,1000.66
1602,165200.0,1000.66
1603,165300.0,1000.65
1604,165400.0,1000.65
1605,165500.0,1000.65
1606,165600.0,1000.65
1607,165700.0,1000.65
1608,165800.0,1000.65
1609,165900.0,1000.65
1610,166000.0,1000.65
1611,166100.0,1000.66
1612,166200.0,1000.66
1613,166300.0,1000.66
1614,166400.0,1000.66
1615,166500.0,1000.67
1616,166600.0,1000.67
1617,166700.0,1000.67
1618,166800.0,1000.67
1619,166900.0,1000.67
1620,167000.0,1000.67
1621,167100.0,1000.67
1622,167200.0,1000.67
1623,167300.0,1000.67
1624,167400.0,1000.68
1625,167500.0,1000.68
1626,167600.0,1000.68
1627,167700.0,1000.68
1628,167800.0,1000.68
1629,167900.0,1000.68
1630,168000.0,1000.68
1631,168100.0,1000.68
1632,168200.0,1000.68
1633,168300.0,1000.68
1634,168400.0,1000.68
1635,168500.0,1000.67
1636,168600.0,1000.67
1637,168700.0,1000.66
1638,168800.0,1000.66
1639,168900.0,1000.66
1640,169000.0,1000.66
1641,169100.0,1000.67
1642,169200.0,1000.67
1643,169300.0,1000.67
1644,169400.0,1000.67
1645,169500.0,1000.67
1646,169600.0,1000.67
1647,169700.0,1000.67
1648,169800.0,1000.67
1649,169900.0,1000.67
1650,170000.0,1000.67
1651,170100.0,1000.67
1652,170200.0,1000.67
1653,170300.0,1000.67
1654,170400.0,1000.67
1655,170500.0,1000.67
1656,170600.0,1000.67
1657,170700.0,1000.67
1658,170800.0,1000.67
1659,170900.0,1000.66
1660,171000.0,1000.66
1661,171100.0,1000.65
1662,171200.0,1000.65
1663,171300.0,1000.65
1664,171400.0,1000.65
1665,171500.0,1000.66
1666,171600.0,1000.66
1667,171700.0,1000.65
1668,171800.0,1000.65
1669,171900.0,1000.65
1670,172000.0,1000.65
1671,172100.0,1000.65
1672,172200.0,1000.65
1673,172300.0,1000.65
1674,172400.0,1000.65
1675,172500.0,1000.66
1676,172600.0,1000.66
1677,172700.0,1000.66
1678,172800.0,1000.66
1679,172900.0,1000.68
1680,173000.0,1000.68
1681,173100.0,1000.69
1682,173200.0,1000.69
1683,173300.0,1000.69
1684,173400.0,1000.69
1685,173500.0,1000.68
1686,173600.0,1000.68
1687,173700.0,1000.7
1688,173800.0,1000.7
1689,173900.0,1000.7
1690,174000.0,1000.7
1691,174100.0,1000.67
1692,174200.0,1000.67
1693,174300.0,1000.67
1694,174400.0,1000.67
