,sp_mean_ax,sp_mean_ay,sp_mean_az,sp_mean_acc_magnitude,sp_var_ax,sp_var_ay,sp_var_az,sp_var_acc_magnitude,sp_cov_a_xy,sp_cov_a_yz,sp_cov_a_xz,sp_cov_a_xmag,sp_cov_a_ymag,sp_cov_a_zmag,sp_energy_ax,sp_energy_ay,sp_energy_az,sp_energy_acc_magnitude,sp_entropy_ax,sp_entropy_ay,sp_entropy_az,sp_entropy_acc_magnitude
0,-4.42110298871994,-7.949407982826233,1.8179772078990937,9.31290376297626,0.12342483221368926,0.4483910395816436,0.49311567169738824,0.3429352743063739,0.01477664721048552,0.10620400663061125,-0.025912067973516435,-0.030202126779631785,-0.37542092910333125,0.10645014008712261,1.2031630011299563,1.589790314275319,1.7003321544029308,1.5089019339663465,2.8648754971109973,2.7471835940080194,2.8545814698853462,2.7630947479213503
1,-4.151785230636596,-7.675631165504456,2.2622811794281006,9.224825962330614,0.6837736883630082,2.2250271906803274,2.1403174165652494,1.0208409163465921,0.7450934668257966,1.0932476865901324,1.2082866807772557,-0.3286300577265937,-1.4291124115422853,-0.41730853860147965,1.7894877036669596,2.5048983311018604,2.3686423579720794,2.0545728781520047,2.7692227330042942,2.87423758185196,2.7703798425844686,2.8734241767221693
2,-4.592677426338196,-8.415918397903443,2.497451603412628,10.154214495595518,1.762133357985902,3.013151016950598,2.8450150901181495,2.409310950730734,1.2151795236983773,0.36378939797722853,0.7363042722954828,-1.383966404051421,-2.354997190649689,0.44472835149208845,2.155878656846862,2.6435715560829194,2.4295306952025197,2.396776885974853,2.5973087833949537,2.801701262794062,2.6701321355534535,2.7267508561926594
3,-5.208316457271576,-8.539758372306824,1.855506271123886,10.260293279866268,0.8638904780554586,0.953768053229978,1.593182751844824,1.5406504513214252,-0.007408990565138946,-0.7271969280604453,-0.917430800390862,-0.5832963298482399,-1.0361133574925863,1.524730229606006,1.9437098686376568,1.9507096532723487,2.0683680902590798,2.0258753678268038,2.8391078155562504,2.814208666065134,2.6294694705222814,2.5814445322809347
4,-5.063227868080139,-8.047480487823487,1.2135909140110015,9.606648892792446,0.28260913962239237,0.0713285578831969,0.10185234153856312,0.0171780423944688,-0.13310991055969493,-0.02992750392059239,0.01256593730923537,-0.04541239080884477,0.013376733987269662,0.021398555378469714,1.3543520819954324,1.0078154267154669,1.1112976195035507,0.7033646893358644,2.599622075396044,2.7492952604398875,2.7734032562980366,2.7128667253292336
5,-5.370733141899109,-7.93139169216156,1.1174337983131408,9.663344544621294,0.27194083353845433,0.06481041226478872,0.08417663186653568,0.021116468757449627,-0.11299549952730992,0.015148452297582155,-0.004146039819213597,-0.05008498328054097,0.007109165310353865,0.006123606478407407,1.3502119624029352,0.9894392817916139,1.0064960750590448,0.7186850989010791,2.6707903921288656,2.778324002687462,2.6563572267147255,2.708326206398122
6,-5.748568081855774,-7.735935187339782,1.0368988275527955,9.700041638045349,0.04691795150499301,0.03911113642818994,0.061457025306261494,0.015990969260122247,-0.028724961478425633,-0.0014198982717875631,-0.008074725565404596,-0.005513204541847546,-0.01432498287494263,0.01417347213967706,0.8744479680628515,0.8964588599148814,0.9417901958538067,0.6912289020193545,2.6834021717939462,2.8424577402114597,2.692896560160099,2.7740412147553783
7,-5.737285447120667,-7.695951914787292,0.7857171386480332,9.639788113294019,0.07554088604655716,0.05961537677305661,0.04596826231886225,0.00844739800307347,-0.05979369194370027,-0.013716767128414695,0.010388081393536351,0.0016264912480093827,-0.011271750293904937,0.0034517554425225363,0.9909557129841002,0.961248392966913,0.8787670871474464,0.606663173555416,2.702892040663312,2.7389012257458165,2.715187360937883,2.83201561850662
8,-5.600756096839905,-7.746140265464783,1.1316792756319045,9.762363580799732,0.3452652344096995,0.10663606895072389,2.4470263184145193,0.10746779831596284,-0.13439094262289425,0.7522353675828853,-0.11997511560372509,0.14881221329504868,-0.06964739379303221,0.37384294293673215,1.5083127138976702,1.0795735074867778,2.4886690088175705,1.135654385674941,2.774766179387599,2.689878299022216,2.7759445252095305,2.7980334062432557
9,-5.081333982944488,-7.8884755849838255,1.7357662856578826,9.736945923801098,0.9557391336121224,0.2219805475213165,2.956185909149612,0.18945377608526306,-0.23652677971547761,1.2160076935728867,-0.12680844077326284,-0.016891736947905082,-0.09820945434617923,0.23096533613400866,1.6195682921010324,1.3766967985794034,2.5619219954685666,1.3075608667212213,2.3846086416647867,2.821657845365653,2.759961048157104,2.78492473967318
10,-4.759882485866546,-8.15707516670227,1.2109273519366979,9.61795939459377,0.5111922895793661,0.21103582393524625,1.3190380923508225,0.09974903755364768,-0.10027695687872856,0.5249867155503907,0.07974013787076639,-0.07007304492627182,-0.09500668566059838,-0.05621725183170391,1.5060514433012497,1.3534313926330803,1.993453244920223,1.1153648077485234,2.5480606575374285,2.8037101915709677,2.662128214349967,2.806192911357231
11,-4.784632539749145,-8.303151321411132,0.827944865450263,9.631644105057863,0.04028140378681155,0.04707588346408511,0.19279418867211176,0.019051413193946414,-0.030598137214617877,0.02319149375840205,-0.021481437421362354,0.006540042532060633,-0.025351900035396325,0.01666492916456963,0.884025281046523,0.9131933809404972,1.2224925686829018,0.7056417124103546,2.7698831468905873,2.760634555911244,2.597734045986307,2.694656087684352
12,-4.724119091033936,-8.287409400939941,1.0249278247356415,9.595924094501111,0.022172811562244266,0.009433417661191273,0.010310693871582061,0.007362800515473808,-0.006096868763760427,-0.0026569191989162812,0.002006742402577873,-0.005981204386289877,-0.004977407311620501,0.0005890321667297046,0.7112782762788691,0.5906325155987597,0.6146191599128266,0.5699536362019908,2.665878348938511,2.6912946541210037,2.722597962170483,2.764743268366976
13,-5.051825499534607,-8.117391300201415,0.9337087422609329,9.617531541038023,0.16337539489085087,0.05914842595337093,0.010564390874226781,0.009805549452085659,-0.08711348780231777,0.01783482698695706,-0.011485157248891287,-0.012773928996050983,-0.0037090938929958536,0.0007010433718474284,1.1865052741378526,0.9311481519071013,0.6258518278611972,0.6049922288955305,2.6832228114146432,2.6772662333442314,2.7657551356739187,2.670768488718148
14,-4.931726336479187,-8.258679056167603,0.37597944736480715,9.665968425716919,0.264201552942911,0.16322040211466174,0.40045618173681446,0.02589850372933885,-0.18568415761003043,-0.2708346097156835,0.1955957759809764,0.015828141551969075,-0.03946846117855918,-0.022581430881984527,1.2388395301388564,1.1286951485874235,1.4215626101596897,0.807932884851655,2.5169847116281967,2.534047637550885,2.5531054983364996,2.8346730087470973
15,-4.501009440422058,-8.525303220748901,-0.29616274535655973,9.655522162587973,0.047805184148500594,0.07796613063532219,0.12559572896940854,0.039246125847645155,-0.03642508118912006,-0.025229715497272365,0.01838806525719127,0.009373892434832873,-0.050428720216417075,-0.006216311213221403,0.9244581288823307,1.0133346707690212,1.0727679430621744,0.8452561361206326,2.775252933987271,2.7060697136079734,2.5456173093116026,2.697194818845131
16,-4.444566154479981,-8.56268277168274,-0.3789422715082765,9.662070703995724,0.056267528191557774,0.11208287735759373,0.029520382302960273,0.05228289958342487,-0.057093792244799484,0.01048413030157717,-0.0014423988846844176,0.02403123145567984,-0.07202636858064204,-0.004713351276887423,0.9674398400262096,1.1275807624597436,0.8353901991837154,0.9191243495758723,2.7949082301982453,2.78268983156011,2.8239078096063683,2.7299558520416918
17,-4.133439636230468,-8.733898210525513,-0.3325546119362116,9.678428760605943,0.11522700229329158,0.09725521000312637,0.0385180720251733,0.04564288850860889,-0.06822252684158633,-0.021092404423756397,0.01594639767083345,0.012937983465155525,-0.05771289454178149,-0.006727947910439473,1.107216462722446,1.0843701522886016,0.8619752487520377,0.9007967153818339,2.7167611144526482,2.7083279372487556,2.7238563359963432,2.748551415678969
18,-4.3912652134895325,-8.643876123428345,0.1782183876261115,9.762122507163244,0.5874197283387962,0.34942343840621404,0.5493533037431451,0.1520181138595098,-0.2846436111657553,-0.3118959948871272,0.15540363417377198,-0.059961364370159566,-0.14532019182926534,0.03809829681221051,1.5063995121552922,1.568472051946147,1.6367401016571612,1.281982119242771,2.4526442889679045,2.867488690908187,2.7019981916007816,2.8780880763678613
19,-4.536862576007843,-8.834304857254029,-0.30597898513078686,10.217466610161116,3.35046294102738,2.7331940565066235,2.5243330043076146,2.6343726903333047,-0.5725561567045883,0.14838713935387346,1.908461821457597,-1.0133394394291888,-2.2710665162766785,-2.041579226010354,2.3951016700816,2.535108557436517,2.3834139255750557,2.5186302000752625,2.540819887962492,2.7394822777559904,2.6313160180880155,2.7696152333739503
20,-3.7734713673591616,-9.08036904335022,-0.8260295147076249,10.082599476282786,3.23629881260945,2.32474864442139,1.5888025369820316,2.6400612400577774,-0.22258232798841254,0.7122801375289042,1.5206228880195096,-1.3709444008521705,-2.0546069589597913,-1.8863273433238763,2.4124024656920824,2.3931529277528134,2.2049672011936363,2.5123587806217307,2.53037929632285,2.6953770865328432,2.7196999254129257,2.748368568277262
21,-3.947469985485077,-8.865279960632325,0.358801051042974,9.792047238539535,0.8144153799191601,0.3627884411719851,0.7279297886493151,0.24224638777670962,-0.28607070336107276,-0.5522726979296437,0.026608780074344522,-0.11474067867464406,-0.19920226527344356,0.2371622499362459,1.777029817511166,1.5335065549736304,1.6137648706426022,1.381204293616029,2.6599503781089586,2.7603853821600604,2.5114124724700386,2.769772987311695
22,-4.471051979064941,-8.662341451644897,1.022743120789528,9.83241430969607,0.36034160690597594,0.35947172577636477,0.12928660991125243,0.21341316153278403,-0.2188579249446634,-0.0902727354281566,-0.03056252826777861,0.013475178488381371,-0.22663650175939418,0.0895256119258404,1.5180228250026966,1.547998484031385,1.1441594470236711,1.3539579682565728,2.767160550914701,2.805939929540388,2.6848894817968256,2.801516987355688
23,-4.464258456230164,-8.450245141983032,1.1304223507642746,9.636158714897908,0.13175531898876783,0.05898813372125821,0.08088594849777177,0.017467754928713063,-0.06729497402578118,-0.049211680160571404,0.04207768038901575,-0.012563464276034863,-0.01297236445468524,-0.0025572923979607976,1.2071825283673299,0.915559411029473,1.0805692650231993,0.731587420600395,2.8341403709074666,2.616624861602004,2.8547667721478183,2.825047824997819
24,-4.537999878823757,-8.359864044189454,1.6073772490024567,9.866427185618843,3.3351188033431973,0.4547173008705519,0.9997327845506131,0.2822488351098313,-1.0220494500732684,-1.51853461364126,0.5926367433866746,-0.623896133799955,0.11869086833312964,0.3497757827292706,2.6155209650776903,1.5059730384234877,1.8674411308107912,1.4667699086338994,2.72879067494771,2.5700209472802826,2.6143546940514795,2.8249829798247497
25,-4.920772849023342,-8.176857185363769,2.3657705664634703,10.121574597145166,3.672919183732758,0.6442613795988877,2.005610449900302,0.24447197016980549,-1.2143195909289615,-1.6723462575654786,0.88201058838591,-0.6342261988835686,0.12372406943922364,0.3554966461760864,2.690046853876066,1.687367072093239,2.3107046711298307,1.3936186264732773,2.7381985365192683,2.644988975290856,2.7466583783655434,2.8119994980039644
26,-5.553680014610291,-8.07968249320984,1.9615395307540893,10.128276133236387,0.7761135495998444,0.600211082918531,1.882715509376719,0.511977821251332,-0.12968890409076952,0.1792117912435164,0.11584646870029908,-0.2846434858518173,-0.35954440355292755,0.2943406305807258,1.9026643391312066,1.705220982416994,2.144652292859275,1.6488620673003953,2.8372593472353778,2.746761712305007,2.5999382317714885,2.7513196107868523
27,-5.440314507484436,-8.176857209205627,0.6058228138834238,9.889986294505409,0.5768236855976014,0.4324210366537493,0.5822842226113261,0.5528006673894779,0.004354231089588011,-0.2442762060326306,-0.158235165826163,-0.3552545517148311,-0.37846690841936154,0.3298238107786834,1.7588688558299839,1.5197168908565848,1.6345758145755303,1.6691080660140345,2.85246504478657,2.648753770311656,2.6767884868530554,2.746953712434229
28,-5.253746390342712,-8.044607520103455,0.2764704469591379,9.62422830116019,0.0690230592392319,0.06032439132635663,0.13701436286510724,0.02239002578138849,-0.043496029939268765,-0.055627252305637157,0.05878721307091134,-0.002289559584554986,-0.025620677798906935,-0.017242053614236454,0.8948436455272847,0.9149438286703547,1.0586261295855646,0.7674497768402734,2.439544504438305,2.612307053595222,2.465042384571139,2.796512712922744
29,-5.377436900138855,-7.961558675765991,0.6199186712503433,9.632951037757262,0.04935995479099504,0.024778799346344454,0.04164444738422796,0.003991228654005937,-0.03129203045925083,-0.004746539126971934,-0.001545383740016545,-0.0019690287011052045,-0.003031955158380528,0.006787483442821371,0.946637449936365,0.7498530642955422,0.860329255522421,0.5102796150305375,2.839703743773286,2.676070827912301,2.7277362574188797,2.850551520662815
30,-5.585882043838501,-7.820659875869751,0.8115445822477341,9.65521493136103,0.12307244801717354,0.06401920311276081,0.02777260401447424,0.0045782971603398415,-0.08336815381121117,-0.0303429533511392,0.022040941061644642,-0.004661524500200478,-0.002484472395771558,0.0017356469567265855,1.0581177527107846,0.9363663183865232,0.8124478947272061,0.5175859620903503,2.5606617354872125,2.703050931686029,2.8078303729553475,2.7981492043992335
31,-6.015072631835937,-7.635019469261169,0.7439682394266128,9.75987138495465,0.11160451870166643,0.10094791309944426,0.13927166370641011,0.11289815095773437,0.018018200875265445,0.058222356335387894,0.1026114177545236,-0.08203151920419084,-0.08499266102760665,-0.10978477782654272,1.1280719756722777,1.0815359942485825,1.193117742954682,1.148006689760135,2.758099014085734,2.7058832991143134,2.746770110675313,2.7877659570028643
32,-5.365465843677521,-7.84259672164917,1.6683096498250962,9.835899741133318,1.2440274267738465,0.6909850537775125,2.6320731985197803,0.7069598139822023,0.14516182646873318,1.5089217110936257,-0.0034276345208376136,-0.39439661711993407,-0.6343854858819016,-0.11667675368614491,1.8130699616878336,1.916214405140537,2.259612372727265,1.8780885476862248,2.412951833347695,2.930586752706553,2.5314939435210637,2.8700584453856726
33,-4.783136165142059,-8.139747095108032,2.3118112206459047,9.821086059716333,0.5931150263898995,0.9449115466690671,1.58370379012338,1.0423767570343925,0.4470500077400791,0.648558975746997,0.06340001466490287,-0.45778171885942703,-0.9638446443192863,0.10489715832890256,1.7026103811585704,1.9769114097831388,2.142849346050055,2.0171971401862097,2.7687272776875838,2.818183350552105,2.721323582100906,2.8094267057783746
34,-4.906347799301147,-8.02126407623291,2.2599767804145814,9.68373370146173,0.06716002836233681,0.44347134762392615,0.21661945341920266,0.459590572099329,0.14592741439017973,-0.006734511149127972,0.0014403169566860198,-0.15687629986294216,-0.44120796827082864,0.05654969574992584,1.0587466131071448,1.7191527914913605,1.177674283225024,1.7396643643701166,2.9072970075196407,2.9365879047066703,2.493010139790942,2.9426357179517093
35,-4.652233195304871,-7.293217277526855,2.974915313720703,9.25502285952349,0.23528558537775246,1.0553605922597613,1.3951689390926834,0.6110413843306548,0.16863650597729934,0.26035463070841985,0.3316543329113257,-0.11194509859512143,-0.7095975490167852,0.1573849696883018,1.3332945735187827,1.8911651064527084,2.0408044688176683,1.6661743476852044,2.695876601290819,2.6292516121472116,2.6901985439111593,2.6490060094974917
36,-4.860827994346619,-7.387997722625732,1.9757251471281052,9.273884050618893,0.3612371472495642,1.1665727542689017,3.214299247879163,0.6460287418372888,0.33873677922357787,0.7415656557288113,0.9936689317021729,-0.20262008880704926,-0.7660902907714918,-0.1789186434046572,1.458539933209367,1.9345812832988905,2.3143457254910156,1.6767850395364547,2.67344571770382,2.6318322415399047,2.493379503395344,2.6134070606614084
37,-5.0976743459701535,-7.847205543518067,1.512955877184868,9.591814422502729,0.11268350666297237,0.26567416363637514,2.205207815020081,0.32151301201397764,0.13205828636009997,0.2811490822431856,0.17385546439849356,-0.09752606972685463,-0.24279880324331396,0.26439173990569165,1.1444505954704038,1.4222666424243173,2.1909913047928797,1.4682748756410793,2.753182987481325,2.7688195943579625,2.562518222856145,2.7121911845645417
38,-5.013159084320068,-7.614489102363587,1.9412785679101945,9.441995750824685,0.4246396904866022,0.38042394749052255,1.9256273119760758,0.3406772808487035,-0.08759411833122448,0.33642958273220047,-0.043704125075115105,-0.10123293151465666,-0.24641581234454824,0.3359386142988054,1.5476963433969733,1.512163484239296,2.1295783872345035,1.5302216258374886,2.737403620732034,2.7140906718163915,2.6020791521603606,2.8023978003842918
39,-5.096896338462829,-7.767747926712036,1.5550639361143113,9.510909483675752,0.5892261237561766,0.25387418265118206,1.088016600296412,0.11752193481417313,-0.2005118430568701,0.46923463475726174,-0.098152769639962,-0.07347155915932388,-0.09493618751512518,0.0417736371426184,1.6552737360809444,1.3728375017196064,1.8628933882090997,1.113804346207901,2.7112776221902397,2.7360629578448776,2.599415599479341,2.710776121753192
40,-4.95345368385315,-8.03419270515442,1.7606659963726998,9.709903525341728,0.5353794949520139,0.39904664776895765,1.4688291777806257,0.19554384784285747,-0.13175889359121812,0.4735954501825827,0.2737249995874521,-0.0599878056175528,-0.2285958743661062,-0.19234545807152453,1.6169220613054591,1.5607822441194488,1.9541496713305297,1.3464268085792008,2.703068709473127,2.790639913112649,2.5821277442528965,2.8133727060182117
41,-5.410776138305664,-7.8175174474716185,1.4141052946448327,9.718936094230477,0.7979276986119611,0.5244897532301859,1.011637063747111,0.15726761136580006,-0.3741285545933184,0.4893519138377418,0.16836416688039407,-0.029396573679797932,-0.2072175722971076,-0.22522838009276158,1.6356307789842044,1.6604225069371292,1.9290895173054963,1.3047433995362665,2.5170296624661375,2.7703420978612088,2.73562640562969,2.8955928887062568
42,-5.56346628665924,-7.85097644329071,0.9851242065429687,9.70490407058209,0.4322583980038555,0.20055743798687986,0.04896646981397303,0.024198010031776924,-0.2575186068983999,0.07758960961888213,-0.03850844618297208,-0.042485177938184175,-0.005203596676800729,-0.011541206952747681,1.597151233170514,1.2849004885830122,0.8401991181661591,0.7527755513910204,2.7802435103443255,2.732979297737627,2.569048564569885,2.700313649782851
43,-5.057212257385254,-8.1491144657135,1.2571354418992997,9.682686147000943,0.10341641493260365,0.025629441193529477,0.12183526712102095,0.050292585882984964,0.007186127083045083,0.017842809509969727,0.010308192017635873,-0.05786794785772425,-0.0239869672517079,-0.002047832978649034,1.109637463335672,0.7865371249188293,1.02242034639574,0.8867427853869737,2.77601431487352,2.7824236574679726,2.4674008211391207,2.6746589851730738
44,-5.000798916816711,-8.105180835723877,1.5055937349796296,9.645337799732985,0.03861776657967441,0.025221754922734475,0.04515441439331477,0.041854367551253546,0.014621246357917523,-0.0023752755471352508,0.004998335932634763,-0.03301171660337123,-0.02818903546326954,0.004310376502108925,0.8153283159543426,0.7704260713812009,0.8838509203897489,0.8210179849502746,2.651525363604492,2.716183682062407,2.7424477173304616,2.5940648582595127
45,-4.906826543807983,-8.139328098297119,1.4064737796783446,9.610534108963027,0.014473136570189294,0.019732710832843264,0.0339667973204727,0.006500282753531739,-0.01127084080444071,-0.0005505784970158865,0.00979975803365119,0.0020703975811616486,-0.009482200550545678,-0.0030417471947948404,0.6508858510012756,0.6997845393174223,0.696764638175829,0.5558154504457039,2.6451214764764677,2.6645836027164713,2.3545237028837835,2.740180395510491
46,-4.972667145729065,-8.16614317893982,1.366700106859207,9.66166406475914,0.029630827598297983,0.021193872695448625,0.023417154952196574,0.004167795234869387,-0.021061543689071295,-0.01605644806233335,0.01377381698020784,6.775734097777407e-05,-0.004962310187464207,7.6400935933502e-05,0.7645865782056982,0.7558483456200064,0.7623842993881671,0.5045195052477629,2.622665407691119,2.7990112280659893,2.7324180768806476,2.793929647973831
47,-5.073911952972412,-8.054603314399719,1.4781202733516694,9.635768502063257,0.023312526467117626,0.017967220892710044,0.014188573829055152,0.011280927498436578,-0.007382156556492471,-0.007145486379734299,0.011782278946234645,-0.007268980965665462,-0.009475035485147795,-0.004019799069666077,0.7700517807511287,0.7158746216517112,0.6543192413360205,0.6633611825528831,2.7725627472465604,2.780205161060409,2.6819484114511822,2.8615678413801184
48,-5.120359432697296,-7.9619776725769045,1.5135843873023986,9.636402651046168,0.7724543121281101,0.0930420039035772,0.27348647602196646,0.13040471102338835,-0.20297992739953497,0.14309330463530354,-0.029371172204902186,-0.27294153150218553,0.0401348718194031,-0.02001747520534465,1.8715717724027385,1.1053339506122346,1.4029631791999764,1.2022176396688293,2.806051693792421,2.814797992886945,2.73680456877066,2.806632501181552
49,-5.089803469181061,-7.737850403785705,1.309927612543106,9.446957248302823,1.421017151323311,0.20307241430357695,0.4427100399763867,0.22610205307257014,-0.3959775176947067,0.08337541511374418,-0.02775799189211382,-0.44825341207089764,0.04210667030017775,0.02231500958713712,2.1135918592841483,1.3044363818898255,1.5769383012769798,1.3845499194750486,2.720181191848901,2.7534346899635067,2.740946040025136,2.80688482819735
50,-4.923615956306458,-7.733391118049622,1.549228048324585,9.37917244069369,1.061561975391124,0.1780824375593193,0.4940307214326284,0.1321637063535069,-0.302710251505503,0.195121379734877,-0.05053544821395034,-0.2662230894050105,0.00641076840433658,0.006126836307248934,1.9348855165346464,1.2576578072102815,1.3970306471920053,1.1072644182103064,2.689980789870389,2.728728081198783,2.343132342345699,2.5833917472165355
51,-5.446359944343567,-7.681047987937927,1.4420575886964797,9.597321335831483,0.8146675350253476,0.13950466662676145,0.5524544497918886,0.06692991698739799,-0.24229974473777585,0.5401194961997848,-0.14544619047950522,-0.1606760215395334,0.005044622525193988,-0.08144912675751921,1.668179054703699,1.1231984591876796,1.6023310180977854,0.9968494224081391,2.5533330109051526,2.593298153347951,2.631978990314414,2.789145795643932
52,-5.464047145843506,-7.641872882843018,1.3784615993499756,9.73627526179993,0.8791686172420959,0.33103177438440423,4.074058558153806,0.3991355570194618,-0.2638106091843312,0.7088552330653874,-0.24243552067360868,-0.037375593010015785,-0.25211402320613097,0.4883643108364063,1.7729268308193333,1.524077226359861,2.7422735646174,1.58116473893734,2.6271966627009875,2.8101080516917483,2.7227923760259305,2.7985738261518573
53,-5.129846501350403,-8.121670818328857,1.8895937472581863,10.05935648169427,1.3269630958458873,0.8064346706309727,4.252493333436166,0.7614423763174311,-0.1583423810887637,0.8059290092978575,-0.06707456501298456,-0.36830886254042094,-0.601769249880132,0.25524676235757415,2.007364886954492,1.9103069217646103,2.7660078180474743,1.8191737512750505,2.684507493068672,2.825038214159719,2.717623517552823,2.718016691719575
54,-5.34864661693573,-8.219474029541015,1.9317915737628937,10.090574106080613,0.9580921236858766,0.5685516338368343,0.997381978389229,0.5028750509793581,-0.17643011465614494,0.421285101933269,-0.05399249654108548,-0.27040944362042446,-0.39871154860822017,0.053769193098466624,1.9016331004115605,1.6993088060037715,2.006604656002383,1.606149484046154,2.7479637748712844,2.765538937103848,2.8358009763516927,2.6745464882398897
55,-5.237765169143676,-7.56899938583374,1.6015712797641755,9.536308026854009,0.5931870504635465,1.1910667954702003,2.932684112377898,0.8725121172290136,0.03405274400798883,0.550951419208603,-0.2108224780256787,-0.2381229682714317,-0.9047410760055573,0.4129394361997449,1.6566152514767516,2.032249139053381,2.302426671734761,1.8801115905101142,2.6539812542298513,2.7385942012438513,2.5056683582629034,2.718715785510226
56,-5.206401097774505,-7.410114121437073,1.4556147515773774,9.396055511345972,1.097232408464238,1.1727362025126782,2.795236969037374,0.6961095972178285,-0.24147789464807787,1.0094528908787743,-0.19363347543699735,-0.19572376400151575,-0.768707589138203,0.12266371353675345,1.7530437710722062,2.054583634451466,2.1841450699485097,1.8551118167473237,2.506378386357204,2.7664803937792763,2.3549845814016783,2.851134507330836
57,-5.327637410163879,-7.5798032760620115,2.0292654633522034,9.60723381188854,1.2010402823213637,0.38575983499375865,1.1335481201933917,0.2531007453376681,-0.42529537380081256,0.7928355850431533,-0.3267742035744309,-0.14429683860372847,-0.16574833035036315,0.0890068722623655,1.7383903169700494,1.536218213952407,1.8503885483197333,1.3724460314698432,2.3872274196963774,2.7163270191879505,2.569746572984327,2.7221244357880527
58,-4.8374246001243595,-7.758889508247376,2.459862643480301,9.55983848853016,0.9592932859426071,0.4236378054627702,0.7555567668767765,0.30844097521559477,-0.35691270842109896,0.2786289053024931,-0.15846016216441342,-0.1712983986028183,-0.2033636299307001,0.14472860574966986,1.9073570508510813,1.560373849756274,1.7903036061396371,1.4696458967113137,2.7285890698207345,2.703061878171109,2.7250370937356303,2.761584158463661
59,-4.453843641281128,-8.132474732398986,2.2401048809289934,9.588827977764623,0.28073210240698626,0.22830919106659098,0.6141064245468699,0.1192701859032625,-0.13325774374825294,-0.025097185916117315,0.09315068332922938,-0.028596900445350893,-0.1086156222728729,0.061559209020680544,1.4253828670381905,1.3471455870955458,1.6453609748672555,1.1523022767394657,2.7770404825831343,2.7336345433777995,2.6315633987854445,2.7645398090468363
60,-5.358612513542175,-7.941537165641785,1.4539687514305115,9.800381832130803,0.927950281004792,0.30509653276427307,1.179994222539728,0.1491270343481618,-0.3618218582264304,0.19919347933836815,-0.005100591755819997,-0.1979826992885816,-0.0390357071833898,0.043142883921632756,1.694175608610847,1.4039682917558434,2.00385812635668,1.2014196922502092,2.4814365152871494,2.663969127873534,2.698124223770711,2.705813530575226
61,-5.312254738807678,-7.642381620407105,2.2645257264375687,9.770200320094578,0.962085138339867,1.0414610096467352,2.582041849535989,0.6880192741987639,0.02742542512626659,0.9707680814043054,0.36278222092051754,-0.3166261547096461,-0.7520008191835826,-0.3055373802203126,1.7493994551632317,1.9886524397255325,2.2538435238447327,1.8851204408550648,2.5565141154138944,2.7798934895141674,2.5590266990754373,2.895466148790143
62,-5.093095421791077,-7.751317834854126,2.3981820404529572,9.713476186436745,0.4415645550100511,1.2330138793958427,1.8371750642975482,0.798286790360537,0.16231429330905128,0.8659279590649096,0.2828434152593599,-0.14262925855773503,-0.9870010914020847,-0.22540176073807727,1.4614408258459997,2.060332895429575,1.9870188612693518,1.8588074868379776,2.592256227906526,2.731539769750203,2.4823373867062273,2.752766118924585
63,-4.847270774841308,-7.9635638236999515,2.4365191876888277,9.774141646254334,0.9009916245917328,0.821086052862953,1.885731151131427,0.7837704809079031,0.08467098034673341,1.006211187267576,-0.2530217148346145,-0.2733506640139795,-0.7615293019768559,0.14743602219454174,1.707421907594855,1.8128636846203305,2.0656336541636064,1.8096670137936133,2.5195484908397154,2.691202195936595,2.5682396194847206,2.7238879988817173
64,-4.802050328254699,-7.902421879768371,3.0258519291877746,9.869031814113905,1.7859272266875839,0.717928488766294,0.9774604890765742,0.6033686995935482,-0.3669901394916261,0.9331230375888148,-0.31728069940810705,-0.4147920906377276,-0.4668862143760677,0.0017655509980083004,2.2486179603626546,1.7668915202050954,1.8532558591606108,1.7297760996770148,2.7613338655992226,2.6733193895269594,2.6708631895503974,2.7410544434089403
65,-4.361038386821747,-8.105659580230713,3.0563780426979066,9.90930398880445,3.046489089883533,0.38894822669096174,0.9971806321465062,0.08263293742508639,-1.0013768277500616,1.5246905511097617,-0.5016920782305243,-0.1520567919910714,0.004199711095702045,-0.03579205528473275,2.4483254680163875,1.5143674822864137,1.8673265683153268,1.1013131501205338,2.6796277485651916,2.732473632162762,2.682379944469417,2.870548907891637
66,-3.660824155807495,-8.323801255226135,3.115873968601227,9.696037082789584,0.9789940347393644,0.13826226208698197,0.6480387012309646,0.06301743345078513,-0.28781218483495563,0.6563577401109407,-0.1965022450488836,0.10642055732046905,-0.07367737633453579,0.11724696987021171,1.8207387258081227,1.2062974425525175,1.6333687700888608,1.016412420195865,2.5767396447469393,2.799695003149565,2.5696161165520333,2.8560119483640274
67,-4.279755246639252,-7.417655754089355,2.6533440917730333,9.164620930588908,0.8091855193028614,2.1122773623578586,2.8200794079978224,1.9393106320476539,-0.023226454597795033,0.40260990952058284,-1.0631887002530196,-0.3030897863160038,-1.8042874817928773,1.5003838781950805,1.9720170567277209,2.326273542796374,2.502415376724649,2.379299148053991,2.91025263243575,2.7297248191010426,2.722581901303584,2.825101980195229
68,-4.58133487701416,-7.3665694236755375,2.397673274949193,9.21918882460775,1.1152882379889784,2.012586507279632,3.080669902391157,2.0089329411448826,0.1652634403708168,0.5370607844614674,-0.8414176827129294,-0.5743482035566362,-1.7708558670974957,1.3106270045482058,2.006479938826023,2.3072665240050596,2.6127835259393533,2.381311026332855,2.7514128770141184,2.739840078341281,2.77231583357758,2.7967852715835173
69,-4.918258881568908,-7.933486580848694,2.2399852085858583,9.670169044186363,0.48817346109687626,0.21198510890979508,0.7787434396171738,0.041895847709138005,-0.16854306433866337,0.14169883120091653,0.25246700469905964,-0.11211401328428429,0.019827261290413054,-0.045643214325246435,1.6916300784754386,1.3997473352601062,1.917486744077896,0.9346651692645123,2.8472578356337412,2.8930120808570945,2.8544173009354843,2.898699615701203
70,-4.567598104476929,-7.4087673902511595,3.7404014825820924,9.64507476474859,0.47061205205374057,0.5794342521190501,2.550038241374761,0.14316109310803582,0.3881865961300682,0.8571867742500614,0.9695975721530514,-0.11758545039026941,-0.17172058797834808,-0.04256044123001651,1.6270103801698237,1.6614666631002144,2.2225391268114922,1.2356672436852545,2.778475896712468,2.697801587361119,2.5153563547605184,2.833966670556291
71,-4.433702397346496,-7.31084451675415,3.783347451686859,9.508940718086855,0.43218543898532774,0.4310245124623226,2.466308497014387,0.17154882371005667,0.3265205904251328,0.8150052942003897,0.6838020540341977,-0.07811917750383429,-0.14703492107662028,0.1233424019447407,1.5818754738795433,1.5878123036212228,2.264507019667897,1.2313366624632327,2.7694337312713517,2.7691784386043543,2.5562890826089233,2.6892755525483656
72,-5.036382889747619,-7.695652675628662,2.2482451796531677,9.509805988279902,0.20318147162224925,0.09730718309907671,0.5732037860411057,0.03834419777568651,0.01014555920476243,0.21053974633751174,0.13579372367385784,-0.05270245251357208,-0.036297125511429315,-0.04951103116111553,1.2848502198006886,1.1003567116552586,1.6575487066829482,0.8393699630194041,2.7057835543282933,2.7831224636746157,2.7140899357005246,2.665451989942184
73,-5.159744095802307,-7.86139132976532,1.9535488724708556,9.610179451339482,0.07373249030810165,0.0345289975632562,0.020815526068072566,0.008273734003225206,-0.03929430442040691,0.00789498421760272,0.002907808881914631,-0.008322677048056941,-0.005135161805038885,-0.002886906944967093,1.0334801935199374,0.8276151919326431,0.7261841829129411,0.5922730128791619,2.7728490452708177,2.676587481521289,2.701823515415156,2.757337801641778
74,-5.06271903514862,-7.908227825164795,1.8996194839477538,9.583008532295043,0.016613471487248364,0.016047153493855104,0.02649506366839445,0.001990443724421726,-0.01384988666012949,-0.005282957184469601,0.011059453964002071,0.001586761796608082,-0.0037139862872503744,-0.0011278353788099654,0.696568201487589,0.702437026019614,0.7693586818645931,0.4239577768040943,2.7653828173360617,2.792460347107466,2.7200177747448455,2.8234402328209707
75,-5.078401064872741,-7.952011680603027,1.7322049379348754,9.595878138562213,0.02524029618408098,0.023680816048468646,0.013094311915456944,0.003387888376731405,-0.021676622469730265,-0.009330179175250773,0.010556955181027675,0.002770755132235041,-0.00613447887795423,-0.0013377372599539764,0.7843954302248979,0.7721842937576939,0.6108932628826447,0.4654225900198113,2.7699481098915144,2.788321114840905,2.547003977534033,2.7563755120357047
76,-4.785859560966491,-8.089618372917176,1.9775806665420532,9.624274745654539,0.13181143172508988,0.07672302166709959,0.22381726651966014,0.043444424723143873,-0.03426444889260753,0.07713874084048118,0.025727217999866374,-0.019447112954083676,-0.04189430628116684,-0.00885678471364948,1.102312369824063,1.0299463215820581,1.28640465009507,0.915093543081033,2.6197499809420024,2.730578326455782,2.698060387592952,2.8106701059034407
77,-5.234562885761261,-7.980382919311523,1.7881693877279758,9.836171850873125,1.3370794389165448,0.796702948746554,0.7502370194670239,0.28868595779010064,-0.7741515279499255,0.446362216798711,-0.15242538645437761,-0.012385057812600894,-0.29832761697337257,-0.016954799945298648,2.100987689219993,1.9511215132515414,1.6904898976385827,1.4338867965007933,2.789329098400317,2.8978318877404172,2.59767153823896,2.7525720981398756
78,-5.20840619802475,-8.088451290130616,1.4848839111626149,9.860531498034046,1.4771185808019798,0.9432636032646867,0.5997271237126452,0.41520215235436553,-0.792321667841312,0.18178565628789636,-0.09369997269343852,-0.10335624646023822,-0.3921745383285678,0.05207389391116895,2.172575755004591,1.9879258058280624,1.6563271668938822,1.5333511015154284,2.7800110086991974,2.855708751679161,2.652389524991109,2.727037572300324
79,-4.333265626430512,-8.348282146453858,1.6420931652188302,9.601315992895545,0.6053839873663723,0.264468613152157,0.4368254708250715,0.2353169701131799,-0.05358890459717225,-0.19145601242983268,0.22300633421970145,-0.23960814786666818,-0.16608254604936046,-0.04332261777951718,1.632681892150744,1.383908433708453,1.6057259975930838,1.3153267948036858,2.6440711094566347,2.726466119403859,2.7641582176674535,2.672741974414809
80,-5.123501813411712,-7.865670871734619,1.2389993637800216,9.604608882986991,1.770653852016711,0.6599369109889551,0.4489805989929665,0.14868370176934254,-0.8490744590524661,0.10842732807828255,-0.01624844313650501,-0.1731519906598403,-0.09581679804269169,-0.009700389007931243,2.094736055205971,1.738287846009812,1.6170677715613957,1.2300463361788103,2.6060449615866603,2.7182853465799917,2.7780589345415443,2.785224176093692
81,-5.408471715450287,-7.8448412895202635,1.578467245399952,9.829397057758875,1.1193868325103808,0.793393319805459,1.986957759890924,0.39196262832192486,-0.6809834809777131,0.22771428278011735,-0.4185476774666104,0.060864322662194,-0.37650633620875756,0.6260016727907485,1.9907834598891943,1.8869048652190046,2.2245475526858076,1.599165038926182,2.7407838632207175,2.8158217758939674,2.6524198161611903,2.8286943729550202
82,-5.13687949180603,-8.185087299346923,1.7910424292087554,9.992924911573061,1.6554429907882735,0.44602024342565444,2.158173367700952,0.820131029447739,-0.2548085260696382,-0.5723578083015181,-0.2641701199253445,-0.6926585983102295,-0.3187033427030319,0.9721353787456939,2.1924655219916445,1.6422592753049137,2.337101244355876,1.8769461882064065,2.7326835148312307,2.8429203347138206,2.6969467961920963,2.762433632279104
83,-5.482093417644501,-8.014739847183227,1.020169335603714,9.840481683928754,1.3263804218237722,0.20927615022561943,0.629346168641939,0.5808645926666947,-0.14842626002399192,-0.6238125439407021,-0.1508166539847134,-0.6555597720703962,-0.14602818484292915,0.5765510097707014,2.1524753982809504,1.2785245124371,1.7486374402983305,1.7317080642077987,2.82522481583059,2.6899184257883735,2.7673196888658356,2.7867704983427735
84,-5.440853309631348,-7.889762544631958,0.9374496608972549,9.638305644115196,0.08075073595851122,0.028464897092053864,0.0833235681556036,0.016869648508553003,-0.030092986250019764,-0.0019433958161973858,0.0075881290620395375,-0.02162203734009092,-0.005431295481409312,0.0015369145606769826,1.0681776712921924,0.7986748399948792,0.9740179978787656,0.6763053086293178,2.8086325319702055,2.7719637298455333,2.5870946804022563,2.6711871351954977
85,-5.800911283493042,-7.615626430511474,0.8632593333721161,9.668399847267974,0.6140275430083635,0.16926320494635302,0.4971416731849951,0.13895738752338138,-0.2659442581597001,0.5306286275896417,-0.22924212498269056,-0.22527491438709318,0.04378744396733931,-0.19608951417629158,1.8224095205911568,1.1847281135228496,1.744163808828436,1.2674274792379951,2.894678889085583,2.6129923587645973,2.9123343530437364,2.901187600043515
86,-6.074778008460998,-7.43441526889801,0.9732729315757751,9.884703062282215,1.2948702239489138,0.5386904609515994,3.5297894194708337,0.5353120121102127,-0.2623835083085881,1.2823985929074697,0.04672539364743487,-0.6129201491470212,-0.1620390850009843,-0.5323274707238713,2.000580606006126,1.64637710515804,2.390979373633745,1.675403112505782,2.6149803167776824,2.7440360783545685,2.5198156575905686,2.7175137254453685
87,-5.913648271560669,-7.746649050712586,1.0218752324581146,10.040274436400058,1.4441330052617531,0.8367210921436531,3.654568671083512,0.9027129023010296,-0.09168388686780074,1.1479766811306669,0.009775045504241516,-0.818535256260476,-0.494885087264614,-0.34020627968211786,2.1042190950135296,1.8814575899318635,2.3005295418128324,1.8772230595729804,2.6822193497143028,2.773975560967791,2.3637058968251647,2.7312144997928782
88,-5.5475448846817015,-7.710885643959045,1.6284461922943592,9.84461630114006,1.5797862349543215,1.2579058283054316,3.0986501001583506,1.6925301068887908,0.37227639984797023,1.3971853450672256,-0.2158453442427452,-1.1120253491403609,-1.2396084473245679,-0.16973340208637425,2.1562523327947614,2.119169863253283,2.416186696684125,2.2370905904107916,2.7099143497333222,2.7945861648577695,2.6086487330772616,2.7376574609096824
89,-5.386684441566468,-7.261344385147095,1.6650176160037518,9.365049177053148,1.0737320500127943,1.265514545405037,2.657495129588567,1.640561857322626,0.388962310356959,0.8821630510323191,-0.22832403185276126,-0.8397289779641969,-1.3071202377828184,0.15135288868821914,1.9759542017332072,1.9984711490358134,2.413683688036754,2.1553561567639195,2.7882978805852026,2.6726351586306847,2.6966060712799003,2.699473634645169
90,-5.553919434547424,-7.43974232673645,1.243249075114727,9.457630349517839,1.035257162087009,0.8336718236416565,0.9458971948067884,1.0197560840409619,0.31780292059459275,0.5013332066140762,0.15041057506998898,-0.7514720341396411,-0.7970916830236818,-0.20822963251928045,1.8145852660995203,1.9005720077749935,1.9508266306231874,1.934728378178118,2.6135720392749215,2.811344813877939,2.7896848543675405,2.738328656451208
91,-5.312673664093017,-7.551731085777282,1.2968492791056634,9.463722133630203,1.2235115321294192,0.5170754268910128,1.7481503245242636,0.7233954763838668,0.22682884864464664,0.2492303469251832,0.4052518794463952,-0.7666530255984441,-0.44329892459211867,-0.16571839759696205,2.0676481951773757,1.574805871363401,2.205281706436526,1.710408233477944,2.7719144625569623,2.6220538645261167,2.7228717630683072,2.634479833865915
92,-5.49032347202301,-7.03811502456665,1.3068450644612313,9.216500721724985,1.036582798544092,1.063621427507482,2.849456055214429,1.2051059606629841,0.08141523593075066,-0.4250095876253726,-0.19813483279812544,-0.6953237909196431,-0.8808562419686583,0.8366592579800098,1.9566843964101575,2.019566117910456,2.5966093397763887,2.0587405917596024,2.7480334874903094,2.8042565500708596,2.803099544143938,2.777042209046221
93,-5.898834133148194,-6.802016830444336,0.8622417971491814,9.225291196428138,0.7603253053686544,0.9837414754918229,2.8513263312902897,1.1229092699388696,0.07121649813998865,0.09157124112963369,-0.7881881672557579,-0.5330229579690307,-0.8681972286466909,0.9216008773287132,1.8478826611692238,1.9551886475516511,2.5178332002220922,2.01131198619179,2.7990506475857346,2.79078106866905,2.767000523843184,2.7538440060765454
94,-5.487480306625367,-7.494808983802796,0.9653421238064765,9.479051413263857,0.7414982481998229,1.1205786705822727,1.6531563848597068,0.7405717667870763,-0.35634102605412715,0.5808931625468605,-1.0190855153178595,-0.10763862517219379,-0.7694803522557538,0.5853833579553088,1.7972890031577353,1.9224032967617375,2.0237992619969667,1.8138247876476674,2.7488645846773623,2.681874327257164,2.5697650128856013,2.728644427670925
95,-5.216756010055542,-8.07010567188263,1.753124263882637,9.898530757301918,1.5418022099314752,0.8508630520249106,0.8879496481878919,0.5792279155809118,-0.5698325191790622,-0.3598416568343598,0.05265804338875764,-0.30515746324561444,-0.4403471356781966,0.28803223041775344,2.1184075860137708,1.8640585114961603,1.9006903242555766,1.711740544470101,2.674787419105735,2.72133929362192,2.7383108388651785,2.745509502153854
96,-5.019862818717956,-7.979066157341004,1.2571952998638154,9.640345986497875,1.4968347602038632,0.47815873681736815,0.8149537622195383,0.16761962196234367,-0.7512131105542919,-0.5403712299177368,0.2828199825399965,-0.17379188925434597,-0.013944613605551244,0.20820046111894816,2.201611705223786,1.6601980694775866,1.9210355818616,1.1929931891490126,2.8219805256288724,2.801646292800328,2.840843641659731,2.5845278891828376
97,-5.207927322387695,-7.764904880523682,0.8981249049305916,9.523115971108009,1.3826631787334676,0.5624690429297318,0.7596719060602769,0.10811501670967259,-0.8069228653058605,-0.3112594790158181,0.24523607799584693,-0.2218265182563724,0.0570121749986394,0.006328423873272125,2.193664644029705,1.7647353222462892,1.8284511769508336,1.101393472238485,2.8548235287674073,2.8577491029004447,2.7579003233049226,2.705887454500746
98,-5.312045240402222,-7.426155304908752,1.7945140674710274,9.643559196423105,2.159391702559257,1.0853993839964573,4.625415008536661,1.1203682131334876,0.1126209650311911,0.3488284873096653,1.063362307433873,-1.1454386474763463,-0.5321919997540313,0.2772121801675226,2.319046737421515,2.0253833074875525,2.876009427936061,2.027646545712769,2.648664947439159,2.812676520882483,2.760487753851585,2.784492505734642
99,-5.658635878562928,-7.252844977378845,1.640836253389716,9.66909585387479,2.0575556575928307,0.7769083622059734,4.855805008696741,1.190110345409763,0.49056586466343666,1.0091618988354714,0.7010245877865748,-1.2108783375401544,-0.5938786688397586,0.2844231936439299,2.3667314450552666,1.8583067790430212,2.897002582766506,2.1032350346086393,2.8088428745530964,2.806922547541282,2.7703538610698906,2.840887229070367
100,-6.31410846710205,-7.3294593334198,0.9123105581849813,9.888976580686489,1.5120931250546346,0.742306811497419,2.0207268115236543,0.7271189541750152,0.0159666234115919,0.5452845484900471,0.5298676730701724,-0.7619164490392273,-0.49331446349809677,-0.4758166989012909,2.1470959526569087,1.792354831321303,2.256883233933435,1.8178352122532673,2.7267476856729234,2.7313280810718936,2.6704233554001666,2.764563622255517
101,-6.18679678440094,-7.311323261260986,0.9173682928085327,9.979133805772738,2.660275921229225,1.1194487761344472,5.29386032503092,1.6950117100408486,0.010524639766620138,1.3062547088209666,0.7746223874796494,-1.6651747529065357,-0.7845569519444112,-1.0609262052308315,2.5981654139985686,2.001280748570457,3.1074797147525053,2.326682203402556,2.85734798465102,2.7244830820793773,2.8776575266095468,2.8591391764101
102,-6.131430840492248,-6.9170581817626955,-0.12943656593561173,9.61035306327907,3.320835870823848,1.121715190003751,6.202355764428222,3.379649841417502,0.6958591059985362,2.0436485553954298,1.068034662127083,-2.9663324125456954,-1.4223598576720655,-1.9811281320404095,2.587646350382815,1.8921912452740357,3.082683618878808,2.620566747353948,2.711335236716533,2.5798025925223063,2.763703868944351,2.712792703063155
103,-5.394735014438629,-6.769036674499512,0.9821314498782158,9.140158827494771,3.188610967648833,2.1822539164860917,6.939563923561891,4.252641617948257,1.542793423381242,3.0796714929765003,0.9640342720460664,-3.0769083327244737,-2.711325557140617,-1.9028665523115833,2.6979368647554325,2.300391352123974,2.9584600283954448,2.7515832086050334,2.8318796720393378,2.6741368024593775,2.6323327200412723,2.704516090801748
104,-5.192604517936706,-6.720105123519898,1.6574460029602052,9.076865172506078,2.0277173326282676,2.4052973996814955,7.300526140585182,3.818383445242335,1.4718003000390283,0.9872658664787878,-0.13099531295955136,-2.240659770326839,-2.773730053220266,0.9747680534526859,2.32370469489535,2.336825619541408,3.071581068166127,2.7593321816110934,2.769466059991358,2.6598009086468473,2.648721085957032,2.7764064387735283
105,-5.964465129375458,-7.061009502410888,0.6614880114793777,9.530352663484521,2.197148074175716,1.2711984725582717,4.596788152540716,2.846865195713782,1.235229168559542,0.4322689892694993,-0.03903601391887651,-2.2881589523731862,-1.6608668280097052,0.6082337218494789,2.4161845366462984,2.064340045719678,2.8458183708877547,2.6253553381095163,2.793781763137577,2.778002247347815,2.7709041458434083,2.8457559983155725
106,-5.614911699295044,-7.385334110260009,1.7388488620519638,9.571647941615893,1.8060940728555606,0.4149730005858387,1.7809775213061414,1.3468281293475766,0.5188485656488888,1.2295888885885902,0.17761054068385132,-1.3319527881964919,-0.6673326861819835,-0.5215983752098265,2.2077862500906984,1.5762629130674122,2.053886040848252,2.1056303354973385,2.6847555108817143,2.7622720306107307,2.5906782418815495,2.7448168233890047
107,-5.313930702209473,-7.1529768943786625,2.099266028404236,9.34881599622824,0.5920649672555315,0.6045216847805601,3.105242958628441,0.5223509644314052,0.04468031549597168,0.5475328280110366,0.6638869774546015,-0.26094326408577523,-0.4445905758490908,-0.326506049870593,1.6938258661619652,1.68206768671399,2.554595583604948,1.6240003277660096,2.733534885903009,2.6941725785039936,2.761374864647277,2.6598599287382423
108,-5.385726761817932,-7.2354272365570065,1.4145243287086486,9.309955555335172,0.46907916616058504,0.9096353230249528,2.886474646969398,0.7736803810657207,0.1828339687276027,0.19741833921638827,0.8778523302767084,-0.3892977617400388,-0.6759661906767079,-0.2768160223623769,1.4933511571493885,1.931242849888882,2.4935496271259745,1.8823810138579549,2.5653450501135775,2.7847207823581037,2.6942475719258363,2.8344388423083586
109,-4.866693770885467,-7.451294422149658,2.1002536058425902,9.260368650388484,0.3989242989458791,0.8059446202800197,1.8188635455715378,0.7744003520511382,0.3656262465218261,0.5362922159294083,0.24193216773268852,-0.349596350045484,-0.7418199467251378,0.04438920017573665,1.3943960070976353,1.8344330037209555,2.1602167629705646,1.8203005896206332,2.5826845483778174,2.744756421247555,2.6915817806735762,2.711319142059743
110,-5.334580647945404,-9.035926675796508,2.5367464780807496,10.9431071764547,0.8981857778687773,9.581728570222902,2.09436218663754,9.194497164713685,1.7868174243700155,0.3345033837249865,-1.3678626413529653,-1.867579834676769,-9.326339631144217,1.5104015532027646,1.8518451417151154,3.3767803833639745,2.2371302835987557,3.349963122833572,2.7044510495828695,2.722899445591586,2.6502864463705387,2.7243016954110324
111,-5.557690262794495,-9.352649593353272,1.7443554818630218,11.11333725669207,0.4999779953364627,8.403108592313083,1.7521541647756318,8.441016056990904,0.9974679785497724,-0.6007358090725706,-2.705096420180007,-1.261511322131484,-8.312171213964815,2.992390395799075,1.615662396080028,3.2342580554139033,2.3015904581257867,3.2603292020089945,2.735889818682822,2.683732072143074,2.79437798005138,2.7074779249422316
112,-4.8830341577529905,-7.774661183357239,2.028906375169754,9.48837396369462,0.1607885622862694,0.4741362535097581,1.20186982747519,0.1279522286088603,0.046146944326279166,0.10383441524124748,0.6792419251746927,-0.08177533036084339,-0.21329520685152192,-0.28322862474522753,1.3231940952973713,1.595151620106893,1.8593921755347198,1.1922558382448378,2.9205403317139536,2.733339294189566,2.5133069263571306,2.8163482049258763
113,-4.660792446136474,-7.719504737854004,2.583523190021515,9.518847286165519,0.7812979985287978,1.1941581062945317,1.1997027650587344,0.41713575383102947,-0.21663073825813228,0.09934727181837748,1.017083536884997,-0.16994618965029756,-0.5929598951357591,-0.5629777102329658,1.8638161094853218,2.0194444258456365,1.9004340108675795,1.536459135813875,2.7819760376815084,2.7445366221473564,2.594713584585214,2.7289247316270204
114,-5.184823393821716,-7.366988492012024,2.0364181458950044,9.454371656508805,2.023422685670979,1.4792361206267284,1.6868041676849685,0.891324565658383,-0.4764377347917249,0.9696356997472981,0.7031002696135902,-0.6402640129319439,-0.770101856771038,-0.8188269458168701,2.277399555664859,2.011428717147506,2.1552916706334146,1.8947279381630224,2.7290743361244827,2.622204169977195,2.6809994801634955,2.754866158543338
115,-5.532072424888611,-6.608505463600158,0.9417592108249664,8.882070570364474,1.774293374127784,0.7838550731724133,2.8772412394159743,1.5110766034372582,0.8100376783059516,-0.12379901761039716,-0.13661279634355042,-1.5721878282647683,-0.91130287541041,0.34755235287756026,2.3264390031600977,1.641219225876133,2.623000307891749,2.168954557829442,2.838004250491587,2.505490272970867,2.8313198746933215,2.7816418168357044
116,-5.392430567741394,-7.2350681066513065,0.5775413036346435,9.164238982194574,0.8478440180978404,1.1740149645070108,1.5953600662288459,1.2748988071747869,0.6512196806230629,-0.675752260769211,-0.7127763874290061,-0.8889635944851195,-1.1563312116290418,0.9373688108692511,1.9154214465898596,1.9231836539079363,2.319320622799245,2.01113258754941,2.810379150042965,2.62384485387191,2.884106245446169,2.6559672463198245
117,-5.535663652420044,-7.848821687698364,1.0622773826122285,9.672403034786033,0.05059117190404609,0.08937719654783535,0.07808219896888972,0.029236597189244866,-0.05255445808801555,0.011773045423527605,-0.008480087048230363,0.015238175631357837,-0.04461257092217896,0.008181667699888694,0.8907962344639442,1.0344914059864692,0.9493376552645325,0.8121496155348901,2.6416510655488614,2.6153968159527916,2.5732801995531727,2.733027644850102
118,-5.241146922111511,-7.712741184234619,1.6915633633732796,9.53569043045166,0.36184320662324937,0.04962244322327224,0.7890761569412094,0.030007344732162534,-0.07582236754952695,0.32314567302199215,-0.014239209216887636,-0.053294817396075375,-0.0022704253805899857,0.012016967689921968,1.4551738002531909,0.9520555461528588,1.6766644416549474,0.8346311127455132,2.656206893838088,2.826059011878405,2.53313256955201,2.8329860862473293
119,-5.5696313858032225,-7.44177737236023,1.7705420687794686,9.53589021598282,0.6902276385670297,0.1025687335670585,0.7119801278801665,0.03368306794903504,-0.23836678098153374,0.45491173573550997,-0.1472040810227976,-0.08542234022149367,0.018560600861087354,0.01845654075078664,1.6352410826594848,1.0265793504036647,1.67781305369,0.8200890506728429,2.556366088986732,2.5898437322193866,2.6035667783163836,2.732491689124458
120,-5.465304040908814,-7.4612302541732785,1.8184859573841095,9.516227049792652,1.0399650573278745,0.2869496144707531,0.6771047160725067,0.20172368193707674,-0.1908741754501066,0.5438419109731797,0.04191924511772698,-0.27753752973935286,-0.1171344223459651,-0.17374686649352364,1.888865177154211,1.4869844634284919,1.6013276935511744,1.3129641720605811,2.6776331955032706,2.859075475036186,2.5280136308864,2.750719945221804
121,-5.179077243804931,-7.666712617874145,1.7950227916240693,9.51138155491859,0.8544785963700281,0.32593326397009864,0.7601374709965253,0.2111295435188197,-0.13687688334348894,0.39617116033667865,0.17538669951494992,-0.25438296703050656,-0.14682081112646342,-0.18413108828691063,1.8662103187722723,1.4924065589463291,1.6975515670358516,1.3287952650013022,2.7179421190711586,2.8071396043644534,2.6045750497299407,2.768868109001845
122,-5.893836283683777,-7.489212489128112,1.2449549674987792,9.634848634539157,0.271841059852189,0.15408749489601078,0.07282436769228229,0.020031350649693597,-0.17759292735403995,0.004933367378475237,0.019246290648966095,-0.01604034843435339,-0.01608199550399733,-0.010896171219619647,1.2781839564940638,1.114553526122901,1.020718033740033,0.7211179109570613,2.5523114089945342,2.5499538335215517,2.762349368557335,2.70711992616967
123,-6.067505717277527,-7.407749795913697,1.2691364109516143,9.663629713313027,0.03104094627221494,0.027467267499107655,0.04492263380894834,0.013273649297756412,-0.01640727332962321,-0.004406681035987266,0.005137437580183514,-0.007610838779460356,-0.009985498924621116,0.005468198514158911,0.8596642260997617,0.7674030595872325,0.8711437847182527,0.6851732628944048,2.8775381743687727,2.711478122409803,2.6646377169683166,2.856142662894498
124,-5.669170355796814,-7.578546142578125,0.7182305812835693,9.572576386294644,0.3898218980676975,0.48919534224159106,0.8299627073737357,0.08318063681593006,-0.36928782466996746,0.01717488562386125,-0.2521378113348632,0.0642431553519958,-0.15837148408846344,0.1892050800667926,1.4536785827003391,1.5547769618482927,1.8089598761670973,0.9723248189018119,2.5837562044699363,2.6487572692044585,2.700177918003547,2.5901169999248776
125,-5.540631580352783,-7.6649169921875,0.37945103645324707,9.52726590716992,0.32665765290224663,0.473911492463637,0.5051414871449431,0.06859297932182205,-0.34498413462786526,0.17142967471513612,-0.32286957681454953,0.0911826375952155,-0.16304142047343773,0.14077805271279975,1.4117890888362021,1.557978844304769,1.6836738847806698,0.9362529517894068,2.6264523752051483,2.6414141791959302,2.81861125335762,2.5891029242646764
126,-5.8593597412109375,-7.6266995668411255,0.707815808057785,9.656766697896911,0.1652931769242155,0.07549982488559163,0.042032707010237064,0.01598678282400289,-0.09834586849249138,-0.014584990684237712,0.010916376148294316,-0.030790973091271812,0.005531512671407709,0.005099474565670994,1.2501282927713868,1.0500537775292713,0.8532937976070122,0.6923452828343506,2.7987755715373503,2.8135847718262683,2.6711542855923684,2.746015585090945
127,-5.814677977561951,-7.737610983848572,0.4709694042801857,9.715442345164606,0.22644107748135936,0.14944106785539626,0.15942823240073647,0.02277978580961331,-0.16252114176192575,-0.06643681687856234,0.04291704715019815,-0.017749068378536997,-0.013166940056155823,0.016741620460179085,1.3369258296351427,1.178529422691894,1.1248302577348954,0.7605193439052617,2.7588050983641885,2.6654826950497386,2.555255624583681,2.7784906581815885
128,-5.508040547370911,-7.893712973594665,0.4313752844929695,9.651473179653646,0.10560895118664475,0.13828304364559837,0.15830267020890867,0.0699475908059285,-0.06600751250061576,0.016473183226632788,-0.044045570883320256,-0.009485944829441014,-0.07556199049724008,0.03556699708677631,1.1488649483436122,1.18332902796811,1.1657280074026994,0.9889508161683579,2.8450040467415354,2.731842317058392,2.597991054546917,2.6940915483027057
129,-5.377736115455628,-8.022969913482665,0.5043984368443489,9.689123564128364,0.11838499603155227,0.18298660876422504,0.14432771542501693,0.09137753313374408,-0.08313997447827254,0.004060451326895352,-0.06119248049116831,0.0038471537429126145,-0.10917248940819545,0.05390170117121751,1.1599678885572355,1.302018444091015,1.1579193022860663,1.0821631153983784,2.776708232589468,2.8088380808458275,2.6604905757664072,2.776716612820875
130,-5.971498131752014,-7.672488665580749,1.0959757670760155,9.872812138413416,0.5119605539068838,0.409778354997833,1.178091092369009,0.2625832882184375,-0.3224387735997756,-0.6252186638440479,0.18493972056715768,-0.14064526467829003,-0.12161877071960514,0.4234348781839546,1.5974385020304815,1.5173532686699505,2.067473276253889,1.45490566216261,2.669686950552641,2.6523794567877466,2.8110011442195435,2.861152908210271
131,-6.574627447128296,-7.09407947063446,1.3808857589960097,9.808282627089886,0.14398823153937407,0.13452196118275464,0.772470953604396,0.2679569260472975,-0.006091828751022838,-0.11291298151136724,-0.21522563941610667,-0.12244746402700006,-0.13961088053294674,0.3810787695666247,1.1103937186368973,1.235408488218304,1.8656993251188678,1.4118516695766354,2.571443432778372,2.865473655741749,2.784040966992438,2.752473663369718
132,-6.162375855445862,-7.15067241191864,0.7121253550052643,9.523780426246809,0.43164323010019384,0.17888164586614838,0.698260705025859,0.16322878124060453,-0.123536832257851,-0.2642169145916011,-0.07546030119101617,-0.184796275244666,-0.055188719327433175,0.23839289598339822,1.4862767130990213,1.2717148993407246,1.852979532289015,1.244484619121483,2.6169788541737584,2.7625461759785215,2.834092628136028,2.737130816726673
133,-5.399702954292297,-7.687123322486878,1.519809329509735,9.63268865558882,0.51357315436537,0.3601521560462368,1.926956172219793,0.45308846396817326,0.003908745757708048,0.05616970789577301,-0.43386479245337456,-0.26424271011656136,-0.31997492049538845,0.5500695437992139,1.6283743523514087,1.47460128849855,2.1303219464193917,1.633628515197953,2.708399996895343,2.704868997790754,2.611421652674792,2.795407791574716
134,-5.4375313997268675,-7.8424770593643185,2.07798752784729,9.810486899450202,0.4480743591990532,0.2268145119290975,0.5642764361881708,0.3376633191859156,0.06568289328876285,0.09854171052790105,-0.02123940622704439,-0.2681355268088624,-0.21973660943178258,0.09025355520236439,1.6039702401957066,1.3500858411364258,1.6299147145471125,1.5098500724147534,2.741731762198716,2.7507014848405613,2.675768174750144,2.791490962921556
135,-5.720825338363648,-7.6323258638381954,1.4269741475582123,9.659252432308406,0.12928988700607905,0.09608851347809917,0.1596589452515754,0.08539346217848154,-0.01931648474842763,-0.043767776210872085,0.0439705551849339,-0.06642915957524927,-0.056941500089562766,0.01612553607212766,1.1842303455528957,1.1001124291417654,1.1960003714071379,0.9977660355750768,2.7746384854246644,2.7884176204066806,2.6416601164325524,2.576904862487027
136,-5.683595442771912,-7.6194270849227905,1.275630658864975,9.597447142393865,0.07847840168208044,0.024099248934239835,0.04147317994127697,0.012648921446803282,-0.03442823280472027,-0.023999902199001857,0.004878098986252103,-0.021496892241565913,0.0019354671805070292,0.015160552266765612,1.0396515434454958,0.8093641933790395,0.8755266529965243,0.6725940365194624,2.7611901169661985,2.8863838581917753,2.712139159872123,2.8136829288748015
137,-5.6844034671783445,-7.642381548881531,1.4703390955924989,9.639303547301989,0.008233600743070396,0.017810175321082856,0.02679346842785601,0.015113765916294576,0.00025014533667604215,0.010619776110097132,-0.008654229168734767,-0.0035951554990871874,-0.015521289418560992,0.004443099386479318,0.5887735674115347,0.6897709651493691,0.7835660923100684,0.6779837835402095,2.742755510021657,2.6842420570660295,2.7454506530641236,2.7262152189664755
138,-5.455487823486328,-7.5005251407623295,2.4809915125370026,9.649242232612703,0.06537099300305373,0.06780304757472115,0.8808103083571233,0.03258224478695546,0.04008641603502742,0.19135496559464657,0.16045354444639917,-0.01643148676628604,-0.031991609649746025,-0.001039540920192714,0.9082889216767415,0.94679608479428,1.5709614630570174,0.8090570774380906,2.5946096862199717,2.649527424816695,2.303281735031203,2.7050669384986707
139,-5.340177059173584,-7.3678264856338505,3.0575452208518983,9.610197427694484,0.05974750649954182,0.03918658757183173,0.14365267146712177,0.02684605398068067,-0.001870806995468337,0.046449317159577314,0.02101796796807273,-0.016648928079884228,-0.021543681661715802,0.004683988901903087,0.9255508262758126,0.8606259909432289,1.0251372556206277,0.7684135795914876,2.6312516761358626,2.730692325858941,2.3672691149140648,2.6761228144664617
140,-5.176952385902405,-7.478468561172486,2.948788583278656,9.599523777827478,0.3775235412512129,0.1369676929412483,0.41062611636844937,0.15967037597698402,0.015991331945922088,0.05051759127148086,0.10406953085444422,-0.1785370664676147,-0.07830904860969466,0.034170255473072696,1.5725909549637342,1.2170463916593108,1.5878593115098216,1.2803023317856312,2.8237038505866345,2.82023894567222,2.7774676753002634,2.8491932930959325
141,-5.215349388122559,-7.58444197177887,2.2166117668151855,9.575092350839697,0.5505747094545246,0.42621015661610606,1.450255275436118,0.27399115323931905,-0.09594580747587463,0.13385702183099077,0.21761761689715114,-0.17390807213289658,-0.20872763794599916,0.126788743723581,1.7136739586004273,1.6218581458338552,2.014580506012853,1.5139703954457635,2.7849166712009867,2.810385333779562,2.6586375855039712,2.9233540623757177
142,-5.751141834259033,-7.525963592529297,1.3072939813137054,9.59737621514724,0.34720276565029456,0.33206432477439796,0.18137187484854742,0.13974184142682622,-0.20855402380408872,-0.18420537465008727,0.09359851736672008,-0.06843332286577408,-0.11869059150457191,0.062064384111957284,1.4031140220935359,1.4626320821540333,1.300442206483991,1.1906358858928765,2.6195518926948758,2.732042771139003,2.807805846764194,2.725261045278697
143,-5.901258230209351,-7.566275930404663,1.3548787415027619,9.699562923221604,0.1329091471019709,0.040981611320390306,0.03629808460627598,0.028668482265905137,-0.05512465025503838,-0.05196644141807532,0.015148155199944441,-0.047322965964299094,0.005167459093285744,0.025434730679497333,1.1034819923686137,0.8644696584615469,0.8224382215008,0.7766461913158026,2.611879255095735,2.7137876948157325,2.653339935245641,2.689086636001394
144,-5.846221494674682,-7.6275376081466675,1.3167810022830964,9.70335848621313,0.042087010019998254,0.012356890955142035,0.031866646221122855,0.01934425719350474,-0.007881230169082763,-0.02111032661480207,-0.0023581879186234723,-0.021668361379887324,-0.005176130971898605,0.018699617857211855,0.8816031912297961,0.6670021161690665,0.8453434431276104,0.7281979077562487,2.7323213760555074,2.820338354401828,2.814810901145201,2.72075644231504
145,-5.873275995254517,-7.57863597869873,1.3203723013401032,9.681392427945251,0.023943256089188784,0.006922433749097841,0.035159454725695614,0.00825449649065121,-0.0076408611568910285,-0.021859406434745828,0.006664899277973881,-0.011233004599259706,8.8651403200172e-05,0.012465483414612104,0.749595438255947,0.5471747060539274,0.8318380698895028,0.6028052432981446,2.702792429426715,2.6666583490937112,2.6532936203514113,2.8163450540114754
146,-5.892669057846069,-7.517344331741333,1.3762170553207398,9.652467862266331,0.017880414375765995,0.015446993280039897,0.014133413411082386,0.003094482678841044,-0.01413240533881531,-0.00925593333310858,0.005866482267730889,-0.0010288703080266412,-0.0026962404927347292,0.0028798989672472112,0.6779527611644016,0.6662009862349939,0.671520636026804,0.43218548648921734,2.6218132113704815,2.6512110981893744,2.7588669169931297,2.5800978807260138
147,-5.92229733467102,-7.457190036773682,1.3221978843212128,9.616736075930339,0.019473387896239588,0.025752351028753992,0.015106046107961572,0.007577528202984785,-0.01501854396924264,-0.003004280869769083,0.00902641182859786,-0.0005517713850631988,-0.009792897755115977,-0.0032841823632750755,0.7406682571494101,0.8007111066044938,0.6801254462354602,0.5347703533530572,2.758522557104646,2.8034129428104912,2.7368847555268996,2.5837434252203804
148,-5.606681704521179,-7.713220024108887,1.1578658550977707,9.617690456580709,0.12492083519464059,0.09092164764286671,0.040501531120981045,0.013529799142089289,-0.09242706133555234,-0.04083906275564806,0.03361176634148313,-0.0032802516035021485,-0.014705774989574717,0.0016260452363096663,1.0729386115041117,1.0182284672478834,0.8810052689319021,0.6813661472508521,2.5959851293171425,2.673454455302021,2.777424692155981,2.817838076546744
149,-5.611709523200989,-7.728782391548156,1.1265616685152053,9.634430449775392,0.20987753796714576,0.10632915962077893,0.0400202073562745,0.01122914715262068,-0.14084846107412038,-0.0645824345288967,0.040034767814046954,-0.02516625718317351,0.007479363022033443,0.01292897088219951,1.2921661730565532,1.1140148998492834,0.8273373719014003,0.6182198879597771,2.7033220800016724,2.755163030852915,2.6019143992922,2.6886257088777494
150,-5.810009288787842,-7.6653958559036255,1.0862792372703551,9.701664017523616,0.21126528593873742,0.19140009615837314,0.0681845536657876,0.020554605149952127,-0.18672128645269045,-0.05880993965557285,0.05683637399317076,0.012678890468005305,-0.03347389243794774,-0.0024341962958119353,1.259677057836792,1.254634223835062,0.9034028608949366,0.753508117199403,2.6549943042279116,2.713537508306632,2.527290400764196,2.8121182145673407
151,-5.521657657623291,-7.882340359687805,1.3435062706470489,9.759042822600275,0.2552694169566214,0.24349686311036156,0.5242894953506351,0.16630327002313097,-0.10052916725790786,0.03741753907626274,-0.03349464119474535,-0.06153112961581765,-0.14179120251176566,0.09579558074757288,1.3093508060763597,1.4169735138852961,1.6214068435727278,1.2779426655250294,2.6394120868790187,2.8301927715534685,2.7090894220387507,2.8177031989404675
152,-5.721004843711853,-7.497831583023071,1.7804779827594757,9.762542163865588,1.8323595420386831,1.2493518707045788,1.7699807703792363,1.494057672586294,0.023560464983545925,0.7572277375308324,-0.3053351901442671,-0.9967886338970943,-1.0596317579579626,0.10269499813694151,2.1725988746340175,2.1525224746544427,2.2458117121461787,2.2733720676399516,2.6589948725324892,2.8579752890585333,2.768118873695392,2.889232605051177
153,-5.995230698585511,-7.248505401611328,1.4904204480350016,9.737658608760912,1.9256411872397015,2.058042283593711,2.295590292930364,1.94556809807549,-0.1498401265955939,1.186964477546153,-0.82074777329747,-0.7267194287022786,-1.7511326263381684,0.43032691301175185,2.226497710209887,2.4251901767736372,2.257414440851792,2.3647093267763446,2.6586682711329024,2.8444092234761666,2.621895858174683,2.8260098095589035
154,-5.513457417488098,-7.408228588104248,1.019989760965109,9.475627198850994,1.0813220930108132,1.6183713194991565,2.025634672144236,1.075782620368437,-0.30486288592863436,0.8346820097263853,-0.33038487415232193,-0.20220983484992852,-1.1662107547611673,0.1362620442553332,2.0493270110355035,2.167485464658415,2.3163541705916484,1.957312371920669,2.8451657239883854,2.7292774334988947,2.7610322440464996,2.7409330259129443
155,-5.217234802246094,-7.202387094497681,1.047134029865265,9.173047401634449,0.8895959614982576,0.7709516264165144,3.016407442809445,0.5144391198020117,-0.08714360361244357,0.9159720103139027,0.5932326177094273,-0.31100468615504867,-0.4767615353543376,-0.5359943535685522,1.832022313213304,1.7529097763180153,2.569337274290428,1.642142277980226,2.7045023254905773,2.648840450944131,2.7351852485592034,2.7361797939537396
156,-6.296032214164734,-6.978050422668457,0.996257257089019,9.684663869252494,2.213708271436417,1.0873353106073371,2.659578907070264,1.2585420733259631,-0.21525941897706088,-0.016653216187482694,0.241440360867838,-1.1347032348818857,-0.6847182937514233,0.2051378743823045,2.42936572058692,2.0886131043798244,2.584305435276686,2.1530853309722118,2.819741237395656,2.865770837324802,2.8276811555777557,2.858703359304189
157,-5.919035243988037,-7.075135374069214,1.4844350032508373,9.701418119130611,3.5014765241883175,2.549591652670503,4.464548182695923,3.3351453465638095,0.5384318616950813,0.2076587376759314,-1.1203087377745617,-2.2874046601255666,-2.3865610003235997,1.5500425272871818,2.5852195267907874,2.4925460982081358,2.853665869010971,2.6334705257808473,2.690855069052185,2.7534736225335545,2.7405034695429826,2.7459749949902603
158,-5.156452107429504,-7.109791469573975,1.4531906601041555,9.175877636203728,1.6554062470169253,2.2060341814394975,3.9688624030917787,2.623108912675822,0.6212111469653818,0.02208710916649147,-1.0276679567623268,-1.3098632671032535,-2.1449916270289653,1.613828992043999,2.1888631323240717,2.275954247126015,2.7365213157518835,2.569724458671908,2.6998718293562436,2.653551783325199,2.74350263511645,2.81888351958729
159,-5.275114679336548,-7.0453873634338375,1.2095806166529655,9.05018706872783,1.7386423682023118,0.9927345151034193,1.58483702374933,1.1809689283174682,-0.14463783171213904,-0.4409750303485374,-0.1274841907766418,-0.9721894707220898,-0.6671644651359865,0.6379086422313185,2.236025806187993,1.8445975510315933,2.240970576552466,2.0477314097663672,2.712592503016324,2.6205873916176556,2.8188165203077347,2.745863256236244
160,-4.807167899608612,-7.3923969030380245,1.3614926936104894,9.145244440737226,1.5083937651965165,0.7582751404976004,2.972314013212682,1.0016794041629504,-0.1644082679258194,-0.7580505631957546,-0.03786087726728349,-0.7602501309400297,-0.532914555585426,0.9412480943250338,2.2168273493166737,1.6588522558341066,2.468768801384323,1.9870484870460425,2.817918930818208,2.5432715494373674,2.626213719537948,2.7856998455164548
161,-5.777567803859711,-8.79351372718811,1.7125126020982862,10.926876893959944,3.2802661918983844,9.788818941159162,3.983737178246489,10.992016158705876,3.888750333473213,-0.773497377488812,-1.3186656595247288,-4.8528430821908906,-10.084189976755288,2.2705474215897694,2.5767813401813875,3.474330153307247,2.5259369168606445,3.5277146993620345,2.7362999411622853,2.750448078150261,2.5515097894500096,2.736313956207721
162,-5.487240970134735,-8.48744502067566,2.221340353786945,10.569289225631696,3.681175648305961,11.042095004274065,3.1796909868332306,13.030345508492516,4.904446070246947,-0.11259666880644649,-1.3584921834826134,-5.90970010150057,-11.76136141860778,1.9131265936636537,2.5396408123323586,3.5319854154115373,2.5237473120652067,3.5977689435133042,2.610362641093936,2.731382059467168,2.6884413841396455,2.6818274117342122
163,-5.580435335636139,-7.1872738122940065,1.1605294190347195,9.46453960177369,3.5541691167720644,2.0385972349756627,3.1441424805849234,3.0184688818128946,0.6188427674302786,1.818789173296608,-0.6900063610396695,-2.4271476601195023,-1.9752231419377428,-0.1043648680800392,2.614510021535475,2.2899002796664143,2.4014956507298058,2.5961949018774777,2.741195816096228,2.7332291401821935,2.60124228737382,2.782624458085113
164,-6.4862815856933596,-7.247757363319397,0.8320748647674918,9.935860602160151,2.3360076726854837,1.5453281982444202,1.5150964909906912,1.7889147634730869,0.4104391817039493,1.546380136774472,-0.2620846401917345,-1.5411792981872114,-1.3178654364521187,-0.6475082125999873,2.322771716933063,2.1949629263536394,2.1230233955310793,2.2540765298144536,2.6570449307267023,2.737099126854663,2.718540794529037,2.7458504320626558
165,-5.830689287185669,-7.530632328987122,1.1685499941930175,9.701063800515147,1.257746287931339,0.43613005939980054,0.7659099410446912,0.31476635716617685,-0.287354305979535,0.6932432608997344,-0.10384001938103107,-0.4219594089978658,-0.1515851420097658,-0.2423857761372999,1.9761451117528943,1.6310605883742295,1.7242561235815546,1.507488197810522,2.6907528371173726,2.8318365812809874,2.5778669240765217,2.8236010035452654
166,-5.268410873413086,-8.167250490188598,1.5380351595580577,9.957128364797807,0.6579731201457913,0.5898571311678884,1.7152763795543027,0.5223493461931041,-0.2531719367206183,0.6569729602000693,-0.6400910930612651,-0.08970898826133038,-0.4391887820514805,0.464910729277348,1.7323607234918201,1.7418287539732122,2.18014241098725,1.6593664606249736,2.7195570457746467,2.7836367180389954,2.7025047832438895,2.740844821938955
167,-5.938936948776245,-7.750629472732544,1.5864279568195343,10.073914407250658,1.4324704568744338,1.139786684873292,1.8952932247748973,0.6530571904134378,-0.7380657832237422,0.7110985650214413,-0.7535134688786145,-0.12887716234542265,-0.5956029351690798,0.5364493682039604,1.7610234199560346,1.9287982063273508,2.0617852465093467,1.7613671677419258,2.2509195623456755,2.6319751000081895,2.53108386922871,2.7598224855517373
168,-6.2388407468795775,-6.657287311553955,1.3122918844223022,9.33997280863407,1.3978824804153256,1.4579994750813967,1.211262016931133,1.6772767486373996,0.22565366947756998,0.23884978504618037,-0.29405914237993813,-1.0631351200478694,-1.2642793424239855,0.21132671083191792,2.10897687800583,2.1372262220284153,2.0499247714693025,2.1672781914146135,2.774317024651408,2.7556992254327324,2.7632954646961094,2.6876284844549594
169,-5.395543122291565,-7.086687421798706,1.0890625059604644,9.134107325387525,1.5711446201146846,2.130548973467575,0.8463318279044566,1.4818830098852689,-0.5181377234740124,0.016509234684522686,0.0027539526839753512,-0.7174778001329233,-1.2556623341167619,0.086507444475277,2.2245223238642904,2.1737164720829463,1.7707876119580301,2.06637104102524,2.7807501100824656,2.623852103517616,2.6185856522293744,2.605401407788572
170,-5.205054402351379,-7.88356761932373,1.2110770165920257,9.641678931839397,1.5074601430569088,0.659118660892723,0.49092227879772826,0.28693756204093007,-0.7361220726862295,0.1675011927049744,-0.05645455660483701,-0.3704832186874285,-0.04460525825937161,0.017426196707070307,2.1837801587266457,1.7678505366586315,1.4178831046863858,1.461460876584213,2.789938310649977,2.8059672916208878,2.4381339504031105,2.8146848043841457
171,-5.461473393440246,-7.767807865142823,1.5294759273529053,9.678222532861678,0.7730212874021943,0.30368721874944044,0.18631844346282378,0.03969629044701365,-0.4212848160058243,0.2516518986454942,-0.10631157973465354,-0.04832078101493537,-0.0204513328430664,-0.01196122330200396,1.793727443319594,1.3931678728837453,1.2282882833587672,0.874580916187734,2.7009134144372466,2.6286042993103687,2.6897000605766723,2.7594697655340883
172,-5.845234036445618,-7.546823024749756,1.2703634262084962,9.636253306848916,0.07375452076580537,0.038549906742182845,0.02364689750061429,0.00726095512112264,-0.04654863510905958,-0.011958406307494325,0.006055967993724565,-0.009036097769608521,-0.0015749898918481203,0.005350441874512704,1.052989419309441,0.8851929274938024,0.7867846519196946,0.5754273219904773,2.834255505825295,2.818806036205686,2.823006806589474,2.804127692192863
173,-5.87674765586853,-7.4827183246612545,1.3084910750389098,9.608205247154968,0.041397709319902415,0.033887884980521005,0.014135644580583818,0.007081616752358348,-0.0327882221676071,-0.002804315688343351,-0.005972534151726487,0.0002756686912180007,-0.007660938472137791,0.008347439203506054,0.892255583025057,0.8091382270782579,0.6740827258105415,0.5471881947756039,2.7809062400943616,2.6199944055122373,2.742435744714949,2.6837937066255058
